date,strategy,family,method,n_selected_factors,mp_upper_edge,top_eigenvalue,avg_abs_zscore,n_active_positions
2019-03-29,sector_baseline,baseline,sector,0.0,0.0,0.0,0.7706719927084097,24
2019-03-29,raw_pca_residual,raw_pca,raw_pca,14.0,2.6153791806491165,15.5655859562769,0.7923272314379327,24
2019-03-29,raw_pca_stabilized,raw_pca,raw_pca,14.0,2.6153791806491165,15.5655859562769,0.7923272314379327,24
2019-03-29,rmt_filtered_residual,rmt_filtered,rmt,1.0,2.6153791806491165,15.5655859562769,0.8273857824453809,24
2019-03-29,rmt_filtered_conservative,rmt_filtered,rmt,1.0,2.6153791806491165,15.5655859562769,0.8273857824453809,24
2019-04-01,sector_baseline,baseline,sector,0.0,0.0,0.0,0.7030677132962211,24
2019-04-01,raw_pca_residual,raw_pca,raw_pca,14.0,2.6153791806491165,15.673547747591934,0.9869315836337202,24
2019-04-01,raw_pca_stabilized,raw_pca,raw_pca,14.0,2.6153791806491165,15.673547747591934,0.9869315836337202,24
2019-04-01,rmt_filtered_residual,rmt_filtered,rmt,1.0,2.6153791806491165,15.673547747591934,0.8105844240192127,24
2019-04-01,rmt_filtered_conservative,rmt_filtered,rmt,1.0,2.6153791806491165,15.673547747591934,0.8105844240192127,24
2019-04-02,sector_baseline,baseline,sector,0.0,0.0,0.0,0.540557701726043,24
2019-04-02,raw_pca_residual,raw_pca,raw_pca,14.0,2.6153791806491165,15.754065883534306,0.9386822404301908,24
2019-04-02,raw_pca_stabilized,raw_pca,raw_pca,14.0,2.6153791806491165,15.754065883534306,0.9386822404301908,24
2019-04-02,rmt_filtered_residual,rmt_filtered,rmt,1.0,2.6153791806491165,15.754065883534306,0.6380141964245201,24
2019-04-02,rmt_filtered_conservative,rmt_filtered,rmt,1.0,2.6153791806491165,15.754065883534306,0.6380141964245201,24
2019-04-03,sector_baseline,baseline,sector,0.0,0.0,0.0,0.6816320236576727,24
2019-04-03,raw_pca_residual,raw_pca,raw_pca,14.0,2.6153791806491165,15.77593349295915,0.6891028701929488,24
2019-04-03,raw_pca_stabilized,raw_pca,raw_pca,14.0,2.6153791806491165,15.77593349295915,0.6891028701929488,24
2019-04-03,rmt_filtered_residual,rmt_filtered,rmt,1.0,2.6153791806491165,15.77593349295915,0.7886650644117804,24
2019-04-03,rmt_filtered_conservative,rmt_filtered,rmt,1.0,2.6153791806491165,15.77593349295915,0.7886650644117804,24
2019-04-04,sector_baseline,baseline,sector,0.0,0.0,0.0,1.010272658334418,24
2019-04-04,raw_pca_residual,raw_pca,raw_pca,14.0,2.6153791806491165,15.747626042377382,0.6256369846906967,24
2019-04-04,raw_pca_stabilized,raw_pca,raw_pca,14.0,2.6153791806491165,15.747626042377382,0.6256369846906967,24
2019-04-04,rmt_filtered_residual,rmt_filtered,rmt,1.0,2.6153791806491165,15.747626042377382,1.008137738728786,24
2019-04-04,rmt_filtered_conservative,rmt_filtered,rmt,1.0,2.6153791806491165,15.747626042377382,1.008137738728786,24
2019-04-05,sector_baseline,baseline,sector,0.0,0.0,0.0,0.9152750664152162,24
2019-04-05,raw_pca_residual,raw_pca,raw_pca,14.0,2.6153791806491165,16.025663556979165,0.7790264359499547,24
2019-04-05,raw_pca_stabilized,raw_pca,raw_pca,14.0,2.6153791806491165,16.025663556979165,0.7790264359499547,24
2019-04-05,rmt_filtered_residual,rmt_filtered,rmt,1.0,2.6153791806491165,16.025663556979165,0.8858266690075173,24
2019-04-05,rmt_filtered_conservative,rmt_filtered,rmt,1.0,2.6153791806491165,16.025663556979165,0.8858266690075173,24
2019-04-08,sector_baseline,baseline,sector,0.0,0.0,0.0,0.6327674353904396,24
2019-04-08,raw_pca_residual,raw_pca,raw_pca,14.0,2.6153791806491165,16.07506034258316,1.0458290406012507,24
2019-04-08,raw_pca_stabilized,raw_pca,raw_pca,14.0,2.6153791806491165,16.07506034258316,1.0458290406012507,24
2019-04-08,rmt_filtered_residual,rmt_filtered,rmt,1.0,2.6153791806491165,16.07506034258316,0.7184802850109061,24
2019-04-08,rmt_filtered_conservative,rmt_filtered,rmt,1.0,2.6153791806491165,16.07506034258316,0.7184802850109061,24
2019-04-09,sector_baseline,baseline,sector,0.0,0.0,0.0,0.8892954551773576,24
2019-04-09,raw_pca_residual,raw_pca,raw_pca,14.0,2.6153791806491165,15.953525309726828,0.615481798142243,24
2019-04-09,raw_pca_stabilized,raw_pca,raw_pca,14.0,2.6153791806491165,15.953525309726828,0.615481798142243,24
2019-04-09,rmt_filtered_residual,rmt_filtered,rmt,1.0,2.6153791806491165,15.953525309726828,0.8592301261214033,24
2019-04-09,rmt_filtered_conservative,rmt_filtered,rmt,1.0,2.6153791806491165,15.953525309726828,0.8592301261214033,24
2019-04-10,sector_baseline,baseline,sector,0.0,0.0,0.0,0.8434432443464038,24
2019-04-10,raw_pca_residual,raw_pca,raw_pca,14.0,2.6153791806491165,15.874911913748186,0.6782811833121665,24
2019-04-10,raw_pca_stabilized,raw_pca,raw_pca,14.0,2.6153791806491165,15.874911913748186,0.6782811833121665,24
2019-04-10,rmt_filtered_residual,rmt_filtered,rmt,1.0,2.6153791806491165,15.874911913748186,0.8580946809950039,24
2019-04-10,rmt_filtered_conservative,rmt_filtered,rmt,1.0,2.6153791806491165,15.874911913748186,0.8580946809950039,24
2019-04-11,sector_baseline,baseline,sector,0.0,0.0,0.0,0.7947600716086081,24
2019-04-11,raw_pca_residual,raw_pca,raw_pca,14.0,2.6153791806491165,15.874662345202042,0.6341165671911718,24
2019-04-11,raw_pca_stabilized,raw_pca,raw_pca,14.0,2.6153791806491165,15.874662345202042,0.6341165671911718,24
2019-04-11,rmt_filtered_residual,rmt_filtered,rmt,1.0,2.6153791806491165,15.874662345202042,0.7418882034443953,24
2019-04-11,rmt_filtered_conservative,rmt_filtered,rmt,1.0,2.6153791806491165,15.874662345202042,0.7418882034443953,24
2019-04-12,sector_baseline,baseline,sector,0.0,0.0,0.0,1.027181731413726,24
2019-04-12,raw_pca_residual,raw_pca,raw_pca,14.0,2.6153791806491165,15.908688138818508,0.6662738620936078,24
2019-04-12,raw_pca_stabilized,raw_pca,raw_pca,14.0,2.6153791806491165,15.908688138818508,0.6662738620936078,24
2019-04-12,rmt_filtered_residual,rmt_filtered,rmt,1.0,2.6153791806491165,15.908688138818508,0.9338578724941425,24
2019-04-12,rmt_filtered_conservative,rmt_filtered,rmt,1.0,2.6153791806491165,15.908688138818508,0.9338578724941425,24
2019-04-15,sector_baseline,baseline,sector,0.0,0.0,0.0,0.762821963054003,24
2019-04-15,raw_pca_residual,raw_pca,raw_pca,14.0,2.6153791806491165,15.885497317769541,0.667000454811911,24
2019-04-15,raw_pca_stabilized,raw_pca,raw_pca,14.0,2.6153791806491165,15.885497317769541,0.667000454811911,24
2019-04-15,rmt_filtered_residual,rmt_filtered,rmt,1.0,2.6153791806491165,15.885497317769541,0.7891058789000676,24
2019-04-15,rmt_filtered_conservative,rmt_filtered,rmt,1.0,2.6153791806491165,15.885497317769541,0.7891058789000676,24
2019-04-16,sector_baseline,baseline,sector,0.0,0.0,0.0,0.8373756226476733,24
2019-04-16,raw_pca_residual,raw_pca,raw_pca,14.0,2.6153791806491165,15.96639418640741,0.965022563478359,24
2019-04-16,raw_pca_stabilized,raw_pca,raw_pca,14.0,2.6153791806491165,15.96639418640741,0.965022563478359,24
2019-04-16,rmt_filtered_residual,rmt_filtered,rmt,1.0,2.6153791806491165,15.96639418640741,0.800775283674433,24
2019-04-16,rmt_filtered_conservative,rmt_filtered,rmt,1.0,2.6153791806491165,15.96639418640741,0.800775283674433,24
2019-04-17,sector_baseline,baseline,sector,0.0,0.0,0.0,1.0060720950634279,24
2019-04-17,raw_pca_residual,raw_pca,raw_pca,14.0,2.6153791806491165,15.952947664684974,0.8708938858336239,24
2019-04-17,raw_pca_stabilized,raw_pca,raw_pca,14.0,2.6153791806491165,15.952947664684974,0.8708938858336239,24
2019-04-17,rmt_filtered_residual,rmt_filtered,rmt,1.0,2.6153791806491165,15.952947664684974,0.9850657805558386,24
2019-04-17,rmt_filtered_conservative,rmt_filtered,rmt,1.0,2.6153791806491165,15.952947664684974,0.9850657805558386,24
2019-04-18,sector_baseline,baseline,sector,0.0,0.0,0.0,0.7973562885140227,24
2019-04-18,raw_pca_residual,raw_pca,raw_pca,14.0,2.6153791806491165,15.694609169549025,0.890200623687886,24
2019-04-18,raw_pca_stabilized,raw_pca,raw_pca,14.0,2.6153791806491165,15.694609169549025,0.890200623687886,24
2019-04-18,rmt_filtered_residual,rmt_filtered,rmt,1.0,2.6153791806491165,15.694609169549025,0.7424486504390323,24
2019-04-18,rmt_filtered_conservative,rmt_filtered,rmt,1.0,2.6153791806491165,15.694609169549025,0.7424486504390323,24
2019-04-19,sector_baseline,baseline,sector,0.0,0.0,0.0,1.1468704619324637,24
2019-04-19,raw_pca_residual,raw_pca,raw_pca,14.0,2.6153791806491165,15.433304684979246,0.8075428987467287,24
2019-04-19,raw_pca_stabilized,raw_pca,raw_pca,14.0,2.6153791806491165,15.433304684979246,0.8075428987467287,24
2019-04-19,rmt_filtered_residual,rmt_filtered,rmt,1.0,2.6153791806491165,15.433304684979246,1.0456104290713555,24
2019-04-19,rmt_filtered_conservative,rmt_filtered,rmt,1.0,2.6153791806491165,15.433304684979246,1.0456104290713555,24
2019-04-22,sector_baseline,baseline,sector,0.0,0.0,0.0,0.6826119167977133,24
2019-04-22,raw_pca_residual,raw_pca,raw_pca,14.0,2.6153791806491165,15.492827381085437,0.9182630666039082,24
2019-04-22,raw_pca_stabilized,raw_pca,raw_pca,14.0,2.6153791806491165,15.492827381085437,0.9182630666039082,24
2019-04-22,rmt_filtered_residual,rmt_filtered,rmt,1.0,2.6153791806491165,15.492827381085437,0.7049904078678614,24
2019-04-22,rmt_filtered_conservative,rmt_filtered,rmt,1.0,2.6153791806491165,15.492827381085437,0.7049904078678614,24
2019-04-23,sector_baseline,baseline,sector,0.0,0.0,0.0,0.5287051697171629,24
2019-04-23,raw_pca_residual,raw_pca,raw_pca,14.0,2.6153791806491165,15.448659590833882,0.9641967444695162,24
2019-04-23,raw_pca_stabilized,raw_pca,raw_pca,14.0,2.6153791806491165,15.448659590833882,0.9641967444695162,24
2019-04-23,rmt_filtered_residual,rmt_filtered,rmt,1.0,2.6153791806491165,15.448659590833882,0.6115059701617853,24
2019-04-23,rmt_filtered_conservative,rmt_filtered,rmt,1.0,2.6153791806491165,15.448659590833882,0.6115059701617853,24
2019-04-24,sector_baseline,baseline,sector,0.0,0.0,0.0,0.7503402698222393,24
2019-04-24,raw_pca_residual,raw_pca,raw_pca,14.0,2.6153791806491165,15.161304253302632,0.8217727359286672,24
2019-04-24,raw_pca_stabilized,raw_pca,raw_pca,14.0,2.6153791806491165,15.161304253302632,0.8217727359286672,24
2019-04-24,rmt_filtered_residual,rmt_filtered,rmt,1.0,2.6153791806491165,15.161304253302632,0.7308054651435653,24
2019-04-24,rmt_filtered_conservative,rmt_filtered,rmt,1.0,2.6153791806491165,15.161304253302632,0.7308054651435653,24
2019-04-25,sector_baseline,baseline,sector,0.0,0.0,0.0,0.8333021017601664,24
2019-04-25,raw_pca_residual,raw_pca,raw_pca,14.0,2.6153791806491165,15.19096763868967,1.00162675187277,24
2019-04-25,raw_pca_stabilized,raw_pca,raw_pca,14.0,2.6153791806491165,15.19096763868967,1.00162675187277,24
2019-04-25,rmt_filtered_residual,rmt_filtered,rmt,1.0,2.6153791806491165,15.19096763868967,0.8153250997683327,24
2019-04-25,rmt_filtered_conservative,rmt_filtered,rmt,1.0,2.6153791806491165,15.19096763868967,0.8153250997683327,24
2019-04-26,sector_baseline,baseline,sector,0.0,0.0,0.0,0.8091778360958058,24
2019-04-26,raw_pca_residual,raw_pca,raw_pca,14.0,2.6153791806491165,15.02283096053951,1.273655629728569,24
2019-04-26,raw_pca_stabilized,raw_pca,raw_pca,14.0,2.6153791806491165,15.02283096053951,1.273655629728569,24
2019-04-26,rmt_filtered_residual,rmt_filtered,rmt,1.0,2.6153791806491165,15.02283096053951,1.1192046699345928,24
2019-04-26,rmt_filtered_conservative,rmt_filtered,rmt,1.0,2.6153791806491165,15.02283096053951,1.1192046699345928,24
2019-04-29,sector_baseline,baseline,sector,0.0,0.0,0.0,0.8487558730328778,24
2019-04-29,raw_pca_residual,raw_pca,raw_pca,14.0,2.6153791806491165,14.893652368481265,0.647017405220852,24
2019-04-29,raw_pca_stabilized,raw_pca,raw_pca,14.0,2.6153791806491165,14.893652368481265,0.647017405220852,24
2019-04-29,rmt_filtered_residual,rmt_filtered,rmt,1.0,2.6153791806491165,14.893652368481265,0.9408036607577248,24
2019-04-29,rmt_filtered_conservative,rmt_filtered,rmt,1.0,2.6153791806491165,14.893652368481265,0.9408036607577248,24
2019-04-30,sector_baseline,baseline,sector,0.0,0.0,0.0,0.7435103726334201,24
2019-04-30,raw_pca_residual,raw_pca,raw_pca,14.0,2.6153791806491165,15.061664771882516,1.0648932613623747,24
2019-04-30,raw_pca_stabilized,raw_pca,raw_pca,14.0,2.6153791806491165,15.061664771882516,1.0648932613623747,24
2019-04-30,rmt_filtered_residual,rmt_filtered,rmt,1.0,2.6153791806491165,15.061664771882516,0.8374802100911495,24
2019-04-30,rmt_filtered_conservative,rmt_filtered,rmt,1.0,2.6153791806491165,15.061664771882516,0.8374802100911495,24
2019-05-01,sector_baseline,baseline,sector,0.0,0.0,0.0,0.46893015286213724,24
2019-05-01,raw_pca_residual,raw_pca,raw_pca,14.0,2.6153791806491165,15.082842486815629,0.7023640973939367,24
2019-05-01,raw_pca_stabilized,raw_pca,raw_pca,14.0,2.6153791806491165,15.082842486815629,0.7023640973939367,24
2019-05-01,rmt_filtered_residual,rmt_filtered,rmt,1.0,2.6153791806491165,15.082842486815629,0.8116827085478029,24
2019-05-01,rmt_filtered_conservative,rmt_filtered,rmt,1.0,2.6153791806491165,15.082842486815629,0.8116827085478029,24
2019-05-02,sector_baseline,baseline,sector,0.0,0.0,0.0,1.0189328770755453,24
2019-05-02,raw_pca_residual,raw_pca,raw_pca,14.0,2.6153791806491165,15.16733455555546,1.2585522416559407,24
2019-05-02,raw_pca_stabilized,raw_pca,raw_pca,14.0,2.6153791806491165,15.16733455555546,1.2585522416559407,24
2019-05-02,rmt_filtered_residual,rmt_filtered,rmt,1.0,2.6153791806491165,15.16733455555546,0.9656180042325754,24
2019-05-02,rmt_filtered_conservative,rmt_filtered,rmt,1.0,2.6153791806491165,15.16733455555546,0.9656180042325754,24
2019-05-03,sector_baseline,baseline,sector,0.0,0.0,0.0,0.8892593273276669,24
2019-05-03,raw_pca_residual,raw_pca,raw_pca,14.0,2.6153791806491165,15.171289605058563,1.0553727892935285,24
2019-05-03,raw_pca_stabilized,raw_pca,raw_pca,14.0,2.6153791806491165,15.171289605058563,1.0553727892935285,24
2019-05-03,rmt_filtered_residual,rmt_filtered,rmt,1.0,2.6153791806491165,15.171289605058563,0.9230797828509866,24
2019-05-03,rmt_filtered_conservative,rmt_filtered,rmt,1.0,2.6153791806491165,15.171289605058563,0.9230797828509866,24
2019-05-06,sector_baseline,baseline,sector,0.0,0.0,0.0,1.0147879711463494,24
2019-05-06,raw_pca_residual,raw_pca,raw_pca,14.0,2.6153791806491165,15.054320398666396,0.9394880987409309,24
2019-05-06,raw_pca_stabilized,raw_pca,raw_pca,14.0,2.6153791806491165,15.054320398666396,0.9394880987409309,24
2019-05-06,rmt_filtered_residual,rmt_filtered,rmt,1.0,2.6153791806491165,15.054320398666396,1.038562709143121,24
2019-05-06,rmt_filtered_conservative,rmt_filtered,rmt,1.0,2.6153791806491165,15.054320398666396,1.038562709143121,24
2019-05-07,sector_baseline,baseline,sector,0.0,0.0,0.0,0.7140557413770825,24
2019-05-07,raw_pca_residual,raw_pca,raw_pca,14.0,2.6153791806491165,14.95654290115621,0.8695485754578707,24
2019-05-07,raw_pca_stabilized,raw_pca,raw_pca,14.0,2.6153791806491165,14.95654290115621,0.8695485754578707,24
2019-05-07,rmt_filtered_residual,rmt_filtered,rmt,1.0,2.6153791806491165,14.95654290115621,0.7534381244878281,24
2019-05-07,rmt_filtered_conservative,rmt_filtered,rmt,1.0,2.6153791806491165,14.95654290115621,0.7534381244878281,24
2019-05-08,sector_baseline,baseline,sector,0.0,0.0,0.0,0.7618535592176764,24
2019-05-08,raw_pca_residual,raw_pca,raw_pca,14.0,2.6153791806491165,14.882960155023014,0.9821253536153162,24
2019-05-08,raw_pca_stabilized,raw_pca,raw_pca,14.0,2.6153791806491165,14.882960155023014,0.9821253536153162,24
2019-05-08,rmt_filtered_residual,rmt_filtered,rmt,1.0,2.6153791806491165,14.882960155023014,0.7992331198803742,24
2019-05-08,rmt_filtered_conservative,rmt_filtered,rmt,1.0,2.6153791806491165,14.882960155023014,0.7992331198803742,24
2019-05-09,sector_baseline,baseline,sector,0.0,0.0,0.0,0.7296597187598054,24
2019-05-09,raw_pca_residual,raw_pca,raw_pca,14.0,2.6153791806491165,14.850139556596195,0.7269436028940781,24
2019-05-09,raw_pca_stabilized,raw_pca,raw_pca,14.0,2.6153791806491165,14.850139556596195,0.7269436028940781,24
2019-05-09,rmt_filtered_residual,rmt_filtered,rmt,1.0,2.6153791806491165,14.850139556596195,0.6393100118317254,24
2019-05-09,rmt_filtered_conservative,rmt_filtered,rmt,1.0,2.6153791806491165,14.850139556596195,0.6393100118317254,24
2019-05-10,sector_baseline,baseline,sector,0.0,0.0,0.0,0.9094991067202836,24
2019-05-10,raw_pca_residual,raw_pca,raw_pca,14.0,2.6153791806491165,14.751542783221906,1.1658932039397703,24
2019-05-10,raw_pca_stabilized,raw_pca,raw_pca,14.0,2.6153791806491165,14.751542783221906,1.1658932039397703,24
2019-05-10,rmt_filtered_residual,rmt_filtered,rmt,1.0,2.6153791806491165,14.751542783221906,1.0824185510461315,24
2019-05-10,rmt_filtered_conservative,rmt_filtered,rmt,1.0,2.6153791806491165,14.751542783221906,1.0824185510461315,24
2019-05-13,sector_baseline,baseline,sector,0.0,0.0,0.0,0.6109520301550658,24
2019-05-13,raw_pca_residual,raw_pca,raw_pca,14.0,2.6153791806491165,14.6691131567101,0.6259307463585521,24
2019-05-13,raw_pca_stabilized,raw_pca,raw_pca,14.0,2.6153791806491165,14.6691131567101,0.6259307463585521,24
2019-05-13,rmt_filtered_residual,rmt_filtered,rmt,1.0,2.6153791806491165,14.6691131567101,0.7323277431464746,24
2019-05-13,rmt_filtered_conservative,rmt_filtered,rmt,1.0,2.6153791806491165,14.6691131567101,0.7323277431464746,24
2019-05-14,sector_baseline,baseline,sector,0.0,0.0,0.0,0.7403856927073861,24
2019-05-14,raw_pca_residual,raw_pca,raw_pca,14.0,2.6153791806491165,14.669521105566021,1.0342287601309421,24
2019-05-14,raw_pca_stabilized,raw_pca,raw_pca,14.0,2.6153791806491165,14.669521105566021,1.0342287601309421,24
2019-05-14,rmt_filtered_residual,rmt_filtered,rmt,1.0,2.6153791806491165,14.669521105566021,0.6329108858685294,24
2019-05-14,rmt_filtered_conservative,rmt_filtered,rmt,1.0,2.6153791806491165,14.669521105566021,0.6329108858685294,24
2019-05-15,sector_baseline,baseline,sector,0.0,0.0,0.0,0.8357057358664326,24
2019-05-15,raw_pca_residual,raw_pca,raw_pca,14.0,2.6153791806491165,14.65064494210765,0.8022424428943197,24
2019-05-15,raw_pca_stabilized,raw_pca,raw_pca,14.0,2.6153791806491165,14.65064494210765,0.8022424428943197,24
2019-05-15,rmt_filtered_residual,rmt_filtered,rmt,1.0,2.6153791806491165,14.65064494210765,0.7160945539304516,24
2019-05-15,rmt_filtered_conservative,rmt_filtered,rmt,1.0,2.6153791806491165,14.65064494210765,0.7160945539304516,24
2019-05-16,sector_baseline,baseline,sector,0.0,0.0,0.0,0.809463966309521,24
2019-05-16,raw_pca_residual,raw_pca,raw_pca,14.0,2.6153791806491165,14.734737435922327,0.7254294470777093,24
2019-05-16,raw_pca_stabilized,raw_pca,raw_pca,14.0,2.6153791806491165,14.734737435922327,0.7254294470777093,24
2019-05-16,rmt_filtered_residual,rmt_filtered,rmt,1.0,2.6153791806491165,14.734737435922327,0.714889173065492,24
2019-05-16,rmt_filtered_conservative,rmt_filtered,rmt,1.0,2.6153791806491165,14.734737435922327,0.714889173065492,24
2019-05-17,sector_baseline,baseline,sector,0.0,0.0,0.0,0.7579388313411993,24
2019-05-17,raw_pca_residual,raw_pca,raw_pca,14.0,2.6153791806491165,14.686810348423647,0.5569392086438851,24
2019-05-17,raw_pca_stabilized,raw_pca,raw_pca,14.0,2.6153791806491165,14.686810348423647,0.5569392086438851,24
2019-05-17,rmt_filtered_residual,rmt_filtered,rmt,1.0,2.6153791806491165,14.686810348423647,0.8031682624737734,24
2019-05-17,rmt_filtered_conservative,rmt_filtered,rmt,1.0,2.6153791806491165,14.686810348423647,0.8031682624737734,24
2019-05-20,sector_baseline,baseline,sector,0.0,0.0,0.0,0.9112449007715918,24
2019-05-20,raw_pca_residual,raw_pca,raw_pca,14.0,2.6153791806491165,14.278092394291221,1.105003593904751,24
2019-05-20,raw_pca_stabilized,raw_pca,raw_pca,14.0,2.6153791806491165,14.278092394291221,1.105003593904751,24
2019-05-20,rmt_filtered_residual,rmt_filtered,rmt,1.0,2.6153791806491165,14.278092394291221,0.8124395161968887,24
2019-05-20,rmt_filtered_conservative,rmt_filtered,rmt,1.0,2.6153791806491165,14.278092394291221,0.8124395161968887,24
2019-05-21,sector_baseline,baseline,sector,0.0,0.0,0.0,0.5834204065641467,24
2019-05-21,raw_pca_residual,raw_pca,raw_pca,14.0,2.6153791806491165,14.05315130441535,0.7650446081197657,24
2019-05-21,raw_pca_stabilized,raw_pca,raw_pca,14.0,2.6153791806491165,14.05315130441535,0.7650446081197657,24
2019-05-21,rmt_filtered_residual,rmt_filtered,rmt,1.0,2.6153791806491165,14.05315130441535,0.5527452307095609,24
2019-05-21,rmt_filtered_conservative,rmt_filtered,rmt,1.0,2.6153791806491165,14.05315130441535,0.5527452307095609,24
2019-05-22,sector_baseline,baseline,sector,0.0,0.0,0.0,0.829183922432755,24
2019-05-22,raw_pca_residual,raw_pca,raw_pca,14.0,2.6153791806491165,14.315435763168205,0.9012272807458069,24
2019-05-22,raw_pca_stabilized,raw_pca,raw_pca,14.0,2.6153791806491165,14.315435763168205,0.9012272807458069,24
2019-05-22,rmt_filtered_residual,rmt_filtered,rmt,1.0,2.6153791806491165,14.315435763168205,0.8166027398794031,24
2019-05-22,rmt_filtered_conservative,rmt_filtered,rmt,1.0,2.6153791806491165,14.315435763168205,0.8166027398794031,24
2019-05-23,sector_baseline,baseline,sector,0.0,0.0,0.0,0.6737541454758862,24
2019-05-23,raw_pca_residual,raw_pca,raw_pca,14.0,2.6153791806491165,14.640768221979581,0.6981434968785211,24
2019-05-23,raw_pca_stabilized,raw_pca,raw_pca,14.0,2.6153791806491165,14.640768221979581,0.6981434968785211,24
2019-05-23,rmt_filtered_residual,rmt_filtered,rmt,1.0,2.6153791806491165,14.640768221979581,0.6172968041748429,24
2019-05-23,rmt_filtered_conservative,rmt_filtered,rmt,1.0,2.6153791806491165,14.640768221979581,0.6172968041748429,24
2019-05-24,sector_baseline,baseline,sector,0.0,0.0,0.0,0.7240303070553448,24
2019-05-24,raw_pca_residual,raw_pca,raw_pca,14.0,2.6153791806491165,14.947811774711475,0.46472511382181514,24
2019-05-24,raw_pca_stabilized,raw_pca,raw_pca,14.0,2.6153791806491165,14.947811774711475,0.46472511382181514,24
2019-05-24,rmt_filtered_residual,rmt_filtered,rmt,1.0,2.6153791806491165,14.947811774711475,0.7547587552448684,24
2019-05-24,rmt_filtered_conservative,rmt_filtered,rmt,1.0,2.6153791806491165,14.947811774711475,0.7547587552448684,24
2019-05-27,sector_baseline,baseline,sector,0.0,0.0,0.0,0.5770695160710889,24
2019-05-27,raw_pca_residual,raw_pca,raw_pca,14.0,2.6153791806491165,14.847710106047092,0.6190873353424728,24
2019-05-27,raw_pca_stabilized,raw_pca,raw_pca,14.0,2.6153791806491165,14.847710106047092,0.6190873353424728,24
2019-05-27,rmt_filtered_residual,rmt_filtered,rmt,1.0,2.6153791806491165,14.847710106047092,0.6072168712582396,24
2019-05-27,rmt_filtered_conservative,rmt_filtered,rmt,1.0,2.6153791806491165,14.847710106047092,0.6072168712582396,24
2019-05-28,sector_baseline,baseline,sector,0.0,0.0,0.0,0.8984469457387568,24
2019-05-28,raw_pca_residual,raw_pca,raw_pca,14.0,2.6153791806491165,14.837966910894897,0.6773938481239586,24
2019-05-28,raw_pca_stabilized,raw_pca,raw_pca,14.0,2.6153791806491165,14.837966910894897,0.6773938481239586,24
2019-05-28,rmt_filtered_residual,rmt_filtered,rmt,1.0,2.6153791806491165,14.837966910894897,0.8813094355357897,24
2019-05-28,rmt_filtered_conservative,rmt_filtered,rmt,1.0,2.6153791806491165,14.837966910894897,0.8813094355357897,24
2019-05-29,sector_baseline,baseline,sector,0.0,0.0,0.0,1.0566246370859338,24
2019-05-29,raw_pca_residual,raw_pca,raw_pca,14.0,2.6153791806491165,14.701039081654493,0.7114797087158259,24
2019-05-29,raw_pca_stabilized,raw_pca,raw_pca,14.0,2.6153791806491165,14.701039081654493,0.7114797087158259,24
2019-05-29,rmt_filtered_residual,rmt_filtered,rmt,1.0,2.6153791806491165,14.701039081654493,0.9640090044828457,24
2019-05-29,rmt_filtered_conservative,rmt_filtered,rmt,1.0,2.6153791806491165,14.701039081654493,0.9640090044828457,24
2019-05-30,sector_baseline,baseline,sector,0.0,0.0,0.0,0.6107388907536252,24
2019-05-30,raw_pca_residual,raw_pca,raw_pca,14.0,2.6153791806491165,14.73411404065573,0.8099653584049396,24
2019-05-30,raw_pca_stabilized,raw_pca,raw_pca,14.0,2.6153791806491165,14.73411404065573,0.8099653584049396,24
2019-05-30,rmt_filtered_residual,rmt_filtered,rmt,1.0,2.6153791806491165,14.73411404065573,0.6231589046628726,24
2019-05-30,rmt_filtered_conservative,rmt_filtered,rmt,1.0,2.6153791806491165,14.73411404065573,0.6231589046628726,24
2019-05-31,sector_baseline,baseline,sector,0.0,0.0,0.0,0.7537072672704571,24
2019-05-31,raw_pca_residual,raw_pca,raw_pca,14.0,2.6153791806491165,14.83645843922305,1.1400772877415466,24
2019-05-31,raw_pca_stabilized,raw_pca,raw_pca,14.0,2.6153791806491165,14.83645843922305,1.1400772877415466,24
2019-05-31,rmt_filtered_residual,rmt_filtered,rmt,1.0,2.6153791806491165,14.83645843922305,0.7420691072444945,24
2019-05-31,rmt_filtered_conservative,rmt_filtered,rmt,1.0,2.6153791806491165,14.83645843922305,0.7420691072444945,24
2019-06-03,sector_baseline,baseline,sector,0.0,0.0,0.0,0.8529185826701924,24
2019-06-03,raw_pca_residual,raw_pca,raw_pca,14.0,2.6153791806491165,14.746987613564427,1.0558020060029558,24
2019-06-03,raw_pca_stabilized,raw_pca,raw_pca,14.0,2.6153791806491165,14.746987613564427,1.0558020060029558,24
2019-06-03,rmt_filtered_residual,rmt_filtered,rmt,1.0,2.6153791806491165,14.746987613564427,0.7888343942019217,24
2019-06-03,rmt_filtered_conservative,rmt_filtered,rmt,1.0,2.6153791806491165,14.746987613564427,0.7888343942019217,24
2019-06-04,sector_baseline,baseline,sector,0.0,0.0,0.0,0.7680053869890479,24
2019-06-04,raw_pca_residual,raw_pca,raw_pca,14.0,2.6153791806491165,14.779002783930546,0.8173169017052455,24
2019-06-04,raw_pca_stabilized,raw_pca,raw_pca,14.0,2.6153791806491165,14.779002783930546,0.8173169017052455,24
2019-06-04,rmt_filtered_residual,rmt_filtered,rmt,1.0,2.6153791806491165,14.779002783930546,0.8287580877197324,24
2019-06-04,rmt_filtered_conservative,rmt_filtered,rmt,1.0,2.6153791806491165,14.779002783930546,0.8287580877197324,24
2019-06-05,sector_baseline,baseline,sector,0.0,0.0,0.0,0.762173928724649,24
2019-06-05,raw_pca_residual,raw_pca,raw_pca,14.0,2.6153791806491165,14.274903141861447,0.5251616636317814,24
2019-06-05,raw_pca_stabilized,raw_pca,raw_pca,14.0,2.6153791806491165,14.274903141861447,0.5251616636317814,24
2019-06-05,rmt_filtered_residual,rmt_filtered,rmt,1.0,2.6153791806491165,14.274903141861447,0.770369947752167,24
2019-06-05,rmt_filtered_conservative,rmt_filtered,rmt,1.0,2.6153791806491165,14.274903141861447,0.770369947752167,24
2019-06-06,sector_baseline,baseline,sector,0.0,0.0,0.0,0.8429335995796738,24
2019-06-06,raw_pca_residual,raw_pca,raw_pca,14.0,2.6153791806491165,14.23677948561928,0.727109037694072,24
2019-06-06,raw_pca_stabilized,raw_pca,raw_pca,14.0,2.6153791806491165,14.23677948561928,0.727109037694072,24
2019-06-06,rmt_filtered_residual,rmt_filtered,rmt,1.0,2.6153791806491165,14.23677948561928,0.8224424642798231,24
2019-06-06,rmt_filtered_conservative,rmt_filtered,rmt,1.0,2.6153791806491165,14.23677948561928,0.8224424642798231,24
2019-06-07,sector_baseline,baseline,sector,0.0,0.0,0.0,0.6765243139940101,24
2019-06-07,raw_pca_residual,raw_pca,raw_pca,14.0,2.6153791806491165,14.34116435959223,0.8131964856947392,24
2019-06-07,raw_pca_stabilized,raw_pca,raw_pca,14.0,2.6153791806491165,14.34116435959223,0.8131964856947392,24
2019-06-07,rmt_filtered_residual,rmt_filtered,rmt,1.0,2.6153791806491165,14.34116435959223,0.8943073836334462,24
2019-06-07,rmt_filtered_conservative,rmt_filtered,rmt,1.0,2.6153791806491165,14.34116435959223,0.8943073836334462,24
2019-06-10,sector_baseline,baseline,sector,0.0,0.0,0.0,0.8800536559486467,24
2019-06-10,raw_pca_residual,raw_pca,raw_pca,14.0,2.6153791806491165,13.790292827271497,0.7591447140715255,24
2019-06-10,raw_pca_stabilized,raw_pca,raw_pca,14.0,2.6153791806491165,13.790292827271497,0.7591447140715255,24
2019-06-10,rmt_filtered_residual,rmt_filtered,rmt,1.0,2.6153791806491165,13.790292827271497,0.7879630407639137,24
2019-06-10,rmt_filtered_conservative,rmt_filtered,rmt,1.0,2.6153791806491165,13.790292827271497,0.7879630407639137,24
2019-06-11,sector_baseline,baseline,sector,0.0,0.0,0.0,0.6330334640663102,24
2019-06-11,raw_pca_residual,raw_pca,raw_pca,14.0,2.6153791806491165,13.772164472014392,0.9961545741803793,24
2019-06-11,raw_pca_stabilized,raw_pca,raw_pca,14.0,2.6153791806491165,13.772164472014392,0.9961545741803793,24
2019-06-11,rmt_filtered_residual,rmt_filtered,rmt,1.0,2.6153791806491165,13.772164472014392,0.6958137434412489,24
2019-06-11,rmt_filtered_conservative,rmt_filtered,rmt,1.0,2.6153791806491165,13.772164472014392,0.6958137434412489,24
2019-06-12,sector_baseline,baseline,sector,0.0,0.0,0.0,0.8376378015795153,24
2019-06-12,raw_pca_residual,raw_pca,raw_pca,14.0,2.6153791806491165,13.747716980404071,0.9182719850290854,24
2019-06-12,raw_pca_stabilized,raw_pca,raw_pca,14.0,2.6153791806491165,13.747716980404071,0.9182719850290854,24
2019-06-12,rmt_filtered_residual,rmt_filtered,rmt,1.0,2.6153791806491165,13.747716980404071,0.7447441318189227,24
2019-06-12,rmt_filtered_conservative,rmt_filtered,rmt,1.0,2.6153791806491165,13.747716980404071,0.7447441318189227,24
2019-06-13,sector_baseline,baseline,sector,0.0,0.0,0.0,0.6583882317150479,24
2019-06-13,raw_pca_residual,raw_pca,raw_pca,14.0,2.6153791806491165,13.665132341492916,0.9126092630100846,24
2019-06-13,raw_pca_stabilized,raw_pca,raw_pca,14.0,2.6153791806491165,13.665132341492916,0.9126092630100846,24
2019-06-13,rmt_filtered_residual,rmt_filtered,rmt,1.0,2.6153791806491165,13.665132341492916,0.6779499526394929,24
2019-06-13,rmt_filtered_conservative,rmt_filtered,rmt,1.0,2.6153791806491165,13.665132341492916,0.6779499526394929,24
2019-06-14,sector_baseline,baseline,sector,0.0,0.0,0.0,0.8825217866802207,24
2019-06-14,raw_pca_residual,raw_pca,raw_pca,14.0,2.6153791806491165,13.736011430467391,0.8382262580350975,24
2019-06-14,raw_pca_stabilized,raw_pca,raw_pca,14.0,2.6153791806491165,13.736011430467391,0.8382262580350975,24
2019-06-14,rmt_filtered_residual,rmt_filtered,rmt,1.0,2.6153791806491165,13.736011430467391,0.8667490128254878,24
2019-06-14,rmt_filtered_conservative,rmt_filtered,rmt,1.0,2.6153791806491165,13.736011430467391,0.8667490128254878,24
2019-06-17,sector_baseline,baseline,sector,0.0,0.0,0.0,0.7145334008710647,24
2019-06-17,raw_pca_residual,raw_pca,raw_pca,14.0,2.6153791806491165,13.716693601748036,0.9051535892038564,24
2019-06-17,raw_pca_stabilized,raw_pca,raw_pca,14.0,2.6153791806491165,13.716693601748036,0.9051535892038564,24
2019-06-17,rmt_filtered_residual,rmt_filtered,rmt,1.0,2.6153791806491165,13.716693601748036,0.6551280850502422,24
2019-06-17,rmt_filtered_conservative,rmt_filtered,rmt,1.0,2.6153791806491165,13.716693601748036,0.6551280850502422,24
2019-06-18,sector_baseline,baseline,sector,0.0,0.0,0.0,0.8410434190834574,24
2019-06-18,raw_pca_residual,raw_pca,raw_pca,14.0,2.6153791806491165,13.93284121899543,0.9584383748339698,24
2019-06-18,raw_pca_stabilized,raw_pca,raw_pca,14.0,2.6153791806491165,13.93284121899543,0.9584383748339698,24
2019-06-18,rmt_filtered_residual,rmt_filtered,rmt,1.0,2.6153791806491165,13.93284121899543,0.7953322464410784,24
2019-06-18,rmt_filtered_conservative,rmt_filtered,rmt,1.0,2.6153791806491165,13.93284121899543,0.7953322464410784,24
2019-06-19,sector_baseline,baseline,sector,0.0,0.0,0.0,0.7546164697013301,24
2019-06-19,raw_pca_residual,raw_pca,raw_pca,14.0,2.6153791806491165,13.856930138112716,0.5924809123948159,24
2019-06-19,raw_pca_stabilized,raw_pca,raw_pca,14.0,2.6153791806491165,13.856930138112716,0.5924809123948159,24
2019-06-19,rmt_filtered_residual,rmt_filtered,rmt,1.0,2.6153791806491165,13.856930138112716,0.7387569192751121,24
2019-06-19,rmt_filtered_conservative,rmt_filtered,rmt,1.0,2.6153791806491165,13.856930138112716,0.7387569192751121,24
2019-06-20,sector_baseline,baseline,sector,0.0,0.0,0.0,0.7982171136777941,24
2019-06-20,raw_pca_residual,raw_pca,raw_pca,14.0,2.6153791806491165,13.809643093833788,0.7080900151890659,24
2019-06-20,raw_pca_stabilized,raw_pca,raw_pca,14.0,2.6153791806491165,13.809643093833788,0.7080900151890659,24
2019-06-20,rmt_filtered_residual,rmt_filtered,rmt,1.0,2.6153791806491165,13.809643093833788,0.7306116618860138,24
2019-06-20,rmt_filtered_conservative,rmt_filtered,rmt,1.0,2.6153791806491165,13.809643093833788,0.7306116618860138,24
2019-06-21,sector_baseline,baseline,sector,0.0,0.0,0.0,1.0416428396612505,24
2019-06-21,raw_pca_residual,raw_pca,raw_pca,14.0,2.6153791806491165,13.778852348420841,0.9529968738809441,24
2019-06-21,raw_pca_stabilized,raw_pca,raw_pca,14.0,2.6153791806491165,13.778852348420841,0.9529968738809441,24
2019-06-21,rmt_filtered_residual,rmt_filtered,rmt,1.0,2.6153791806491165,13.778852348420841,0.8708961368046216,24
2019-06-21,rmt_filtered_conservative,rmt_filtered,rmt,1.0,2.6153791806491165,13.778852348420841,0.8708961368046216,24
2019-06-24,sector_baseline,baseline,sector,0.0,0.0,0.0,0.9171672187371152,24
2019-06-24,raw_pca_residual,raw_pca,raw_pca,14.0,2.6153791806491165,13.894180322389447,0.6672753020524986,24
2019-06-24,raw_pca_stabilized,raw_pca,raw_pca,14.0,2.6153791806491165,13.894180322389447,0.6672753020524986,24
2019-06-24,rmt_filtered_residual,rmt_filtered,rmt,1.0,2.6153791806491165,13.894180322389447,0.8530175362775348,24
2019-06-24,rmt_filtered_conservative,rmt_filtered,rmt,1.0,2.6153791806491165,13.894180322389447,0.8530175362775348,24
2019-06-25,sector_baseline,baseline,sector,0.0,0.0,0.0,0.9173032570253898,24
2019-06-25,raw_pca_residual,raw_pca,raw_pca,14.0,2.6153791806491165,13.881390626905384,0.9179251647486829,24
2019-06-25,raw_pca_stabilized,raw_pca,raw_pca,14.0,2.6153791806491165,13.881390626905384,0.9179251647486829,24
2019-06-25,rmt_filtered_residual,rmt_filtered,rmt,1.0,2.6153791806491165,13.881390626905384,0.8801714250328733,24
2019-06-25,rmt_filtered_conservative,rmt_filtered,rmt,1.0,2.6153791806491165,13.881390626905384,0.8801714250328733,24
2019-06-26,sector_baseline,baseline,sector,0.0,0.0,0.0,0.9919524332485768,24
2019-06-26,raw_pca_residual,raw_pca,raw_pca,14.0,2.6153791806491165,13.940405077682708,0.8531109965773586,24
2019-06-26,raw_pca_stabilized,raw_pca,raw_pca,14.0,2.6153791806491165,13.940405077682708,0.8531109965773586,24
2019-06-26,rmt_filtered_residual,rmt_filtered,rmt,1.0,2.6153791806491165,13.940405077682708,0.8681001367968628,24
2019-06-26,rmt_filtered_conservative,rmt_filtered,rmt,1.0,2.6153791806491165,13.940405077682708,0.8681001367968628,24
2019-06-27,sector_baseline,baseline,sector,0.0,0.0,0.0,0.9425524239440097,24
2019-06-27,raw_pca_residual,raw_pca,raw_pca,14.0,2.6153791806491165,13.565060044585058,0.7637336565807535,24
2019-06-27,raw_pca_stabilized,raw_pca,raw_pca,14.0,2.6153791806491165,13.565060044585058,0.7637336565807535,24
2019-06-27,rmt_filtered_residual,rmt_filtered,rmt,1.0,2.6153791806491165,13.565060044585058,0.9890767622684575,24
2019-06-27,rmt_filtered_conservative,rmt_filtered,rmt,1.0,2.6153791806491165,13.565060044585058,0.9890767622684575,24
2019-06-28,sector_baseline,baseline,sector,0.0,0.0,0.0,0.624097813963069,24
2019-06-28,raw_pca_residual,raw_pca,raw_pca,14.0,2.6153791806491165,13.576652179145594,0.7098242341517643,24
2019-06-28,raw_pca_stabilized,raw_pca,raw_pca,14.0,2.6153791806491165,13.576652179145594,0.7098242341517643,24
2019-06-28,rmt_filtered_residual,rmt_filtered,rmt,1.0,2.6153791806491165,13.576652179145594,0.6504598458935357,24
2019-06-28,rmt_filtered_conservative,rmt_filtered,rmt,1.0,2.6153791806491165,13.576652179145594,0.6504598458935357,24
2019-07-01,sector_baseline,baseline,sector,0.0,0.0,0.0,0.9114757458381443,24
2019-07-01,raw_pca_residual,raw_pca,raw_pca,14.0,2.6153791806491165,13.520246724776234,0.8525073897757913,24
2019-07-01,raw_pca_stabilized,raw_pca,raw_pca,14.0,2.6153791806491165,13.520246724776234,0.8525073897757913,24
2019-07-01,rmt_filtered_residual,rmt_filtered,rmt,1.0,2.6153791806491165,13.520246724776234,0.8734634304577846,24
2019-07-01,rmt_filtered_conservative,rmt_filtered,rmt,1.0,2.6153791806491165,13.520246724776234,0.8734634304577846,24
2019-07-02,sector_baseline,baseline,sector,0.0,0.0,0.0,0.4920836162703806,24
2019-07-02,raw_pca_residual,raw_pca,raw_pca,14.0,2.6153791806491165,13.451871405694117,0.555816587093373,24
2019-07-02,raw_pca_stabilized,raw_pca,raw_pca,14.0,2.6153791806491165,13.451871405694117,0.555816587093373,24
2019-07-02,rmt_filtered_residual,rmt_filtered,rmt,1.0,2.6153791806491165,13.451871405694117,0.45077195530989494,24
2019-07-02,rmt_filtered_conservative,rmt_filtered,rmt,1.0,2.6153791806491165,13.451871405694117,0.45077195530989494,24
2019-07-03,sector_baseline,baseline,sector,0.0,0.0,0.0,0.9269149039569297,24
2019-07-03,raw_pca_residual,raw_pca,raw_pca,14.0,2.6153791806491165,13.176700898669301,0.9031352532960947,24
2019-07-03,raw_pca_stabilized,raw_pca,raw_pca,14.0,2.6153791806491165,13.176700898669301,0.9031352532960947,24
2019-07-03,rmt_filtered_residual,rmt_filtered,rmt,1.0,2.6153791806491165,13.176700898669301,0.9910458935027041,24
2019-07-03,rmt_filtered_conservative,rmt_filtered,rmt,1.0,2.6153791806491165,13.176700898669301,0.9910458935027041,24
2019-07-04,sector_baseline,baseline,sector,0.0,0.0,0.0,0.7833449021685576,24
2019-07-04,raw_pca_residual,raw_pca,raw_pca,14.0,2.6153791806491165,13.106050037902092,1.3260408067031044,24
2019-07-04,raw_pca_stabilized,raw_pca,raw_pca,14.0,2.6153791806491165,13.106050037902092,1.3260408067031044,24
2019-07-04,rmt_filtered_residual,rmt_filtered,rmt,1.0,2.6153791806491165,13.106050037902092,0.8487479359205095,24
2019-07-04,rmt_filtered_conservative,rmt_filtered,rmt,1.0,2.6153791806491165,13.106050037902092,0.8487479359205095,24
2019-07-05,sector_baseline,baseline,sector,0.0,0.0,0.0,0.819013629037831,24
2019-07-05,raw_pca_residual,raw_pca,raw_pca,14.0,2.6153791806491165,13.129473540565318,1.1682906741143533,24
2019-07-05,raw_pca_stabilized,raw_pca,raw_pca,14.0,2.6153791806491165,13.129473540565318,1.1682906741143533,24
2019-07-05,rmt_filtered_residual,rmt_filtered,rmt,1.0,2.6153791806491165,13.129473540565318,0.8430385546373332,24
2019-07-05,rmt_filtered_conservative,rmt_filtered,rmt,1.0,2.6153791806491165,13.129473540565318,0.8430385546373332,24
2019-07-08,sector_baseline,baseline,sector,0.0,0.0,0.0,0.7980112804787457,24
2019-07-08,raw_pca_residual,raw_pca,raw_pca,14.0,2.6153791806491165,13.32241706960473,0.7955495539810831,24
2019-07-08,raw_pca_stabilized,raw_pca,raw_pca,14.0,2.6153791806491165,13.32241706960473,0.7955495539810831,24
2019-07-08,rmt_filtered_residual,rmt_filtered,rmt,1.0,2.6153791806491165,13.32241706960473,0.8470533255062825,24
2019-07-08,rmt_filtered_conservative,rmt_filtered,rmt,1.0,2.6153791806491165,13.32241706960473,0.8470533255062825,24
2019-07-09,sector_baseline,baseline,sector,0.0,0.0,0.0,0.9664518707340469,24
2019-07-09,raw_pca_residual,raw_pca,raw_pca,14.0,2.6153791806491165,13.189017579259632,1.0877400947862876,24
2019-07-09,raw_pca_stabilized,raw_pca,raw_pca,14.0,2.6153791806491165,13.189017579259632,1.0877400947862876,24
2019-07-09,rmt_filtered_residual,rmt_filtered,rmt,1.0,2.6153791806491165,13.189017579259632,0.9389587709775089,24
2019-07-09,rmt_filtered_conservative,rmt_filtered,rmt,1.0,2.6153791806491165,13.189017579259632,0.9389587709775089,24
2019-07-10,sector_baseline,baseline,sector,0.0,0.0,0.0,0.9379573744914862,24
2019-07-10,raw_pca_residual,raw_pca,raw_pca,14.0,2.6153791806491165,13.13009428603646,0.6298582365255179,24
2019-07-10,raw_pca_stabilized,raw_pca,raw_pca,14.0,2.6153791806491165,13.13009428603646,0.6298582365255179,24
2019-07-10,rmt_filtered_residual,rmt_filtered,rmt,1.0,2.6153791806491165,13.13009428603646,1.079743851181626,24
2019-07-10,rmt_filtered_conservative,rmt_filtered,rmt,1.0,2.6153791806491165,13.13009428603646,1.079743851181626,24
2019-07-11,sector_baseline,baseline,sector,0.0,0.0,0.0,0.9310735164681242,24
2019-07-11,raw_pca_residual,raw_pca,raw_pca,14.0,2.6153791806491165,13.283696477672231,0.928310937703683,24
2019-07-11,raw_pca_stabilized,raw_pca,raw_pca,14.0,2.6153791806491165,13.283696477672231,0.928310937703683,24
2019-07-11,rmt_filtered_residual,rmt_filtered,rmt,1.0,2.6153791806491165,13.283696477672231,0.9461399890587942,24
2019-07-11,rmt_filtered_conservative,rmt_filtered,rmt,1.0,2.6153791806491165,13.283696477672231,0.9461399890587942,24
2019-07-12,sector_baseline,baseline,sector,0.0,0.0,0.0,0.7131869370784871,24
2019-07-12,raw_pca_residual,raw_pca,raw_pca,14.0,2.6153791806491165,13.41588899181393,0.6593533010708993,24
2019-07-12,raw_pca_stabilized,raw_pca,raw_pca,14.0,2.6153791806491165,13.41588899181393,0.6593533010708993,24
2019-07-12,rmt_filtered_residual,rmt_filtered,rmt,1.0,2.6153791806491165,13.41588899181393,0.8274044688110372,24
2019-07-12,rmt_filtered_conservative,rmt_filtered,rmt,1.0,2.6153791806491165,13.41588899181393,0.8274044688110372,24
2019-07-15,sector_baseline,baseline,sector,0.0,0.0,0.0,0.9971240198959581,24
2019-07-15,raw_pca_residual,raw_pca,raw_pca,14.0,2.6153791806491165,13.404381346694322,1.0399745535142504,24
2019-07-15,raw_pca_stabilized,raw_pca,raw_pca,14.0,2.6153791806491165,13.404381346694322,1.0399745535142504,24
2019-07-15,rmt_filtered_residual,rmt_filtered,rmt,1.0,2.6153791806491165,13.404381346694322,0.8434585162098012,24
2019-07-15,rmt_filtered_conservative,rmt_filtered,rmt,1.0,2.6153791806491165,13.404381346694322,0.8434585162098012,24
2019-07-16,sector_baseline,baseline,sector,0.0,0.0,0.0,0.9335706699484109,24
2019-07-16,raw_pca_residual,raw_pca,raw_pca,14.0,2.6153791806491165,13.248614712719041,0.8725358158498809,24
2019-07-16,raw_pca_stabilized,raw_pca,raw_pca,14.0,2.6153791806491165,13.248614712719041,0.8725358158498809,24
2019-07-16,rmt_filtered_residual,rmt_filtered,rmt,1.0,2.6153791806491165,13.248614712719041,1.0226161037225527,24
2019-07-16,rmt_filtered_conservative,rmt_filtered,rmt,1.0,2.6153791806491165,13.248614712719041,1.0226161037225527,24
2019-07-17,sector_baseline,baseline,sector,0.0,0.0,0.0,0.8453627554821329,24
2019-07-17,raw_pca_residual,raw_pca,raw_pca,14.0,2.6153791806491165,13.397435802200803,0.7599134505426304,24
2019-07-17,raw_pca_stabilized,raw_pca,raw_pca,14.0,2.6153791806491165,13.397435802200803,0.7599134505426304,24
2019-07-17,rmt_filtered_residual,rmt_filtered,rmt,1.0,2.6153791806491165,13.397435802200803,0.7745390282532957,24
2019-07-17,rmt_filtered_conservative,rmt_filtered,rmt,1.0,2.6153791806491165,13.397435802200803,0.7745390282532957,24
2019-07-18,sector_baseline,baseline,sector,0.0,0.0,0.0,0.670590874912223,24
2019-07-18,raw_pca_residual,raw_pca,raw_pca,14.0,2.6153791806491165,13.221908910741929,0.9231251952406937,24
2019-07-18,raw_pca_stabilized,raw_pca,raw_pca,14.0,2.6153791806491165,13.221908910741929,0.9231251952406937,24
2019-07-18,rmt_filtered_residual,rmt_filtered,rmt,1.0,2.6153791806491165,13.221908910741929,0.5894335427466062,24
2019-07-18,rmt_filtered_conservative,rmt_filtered,rmt,1.0,2.6153791806491165,13.221908910741929,0.5894335427466062,24
2019-07-19,sector_baseline,baseline,sector,0.0,0.0,0.0,0.5827866458457788,24
2019-07-19,raw_pca_residual,raw_pca,raw_pca,14.0,2.6153791806491165,13.185909977265204,0.3733686460746101,24
2019-07-19,raw_pca_stabilized,raw_pca,raw_pca,14.0,2.6153791806491165,13.185909977265204,0.3733686460746101,24
2019-07-19,rmt_filtered_residual,rmt_filtered,rmt,1.0,2.6153791806491165,13.185909977265204,0.6781899125040137,24
2019-07-19,rmt_filtered_conservative,rmt_filtered,rmt,1.0,2.6153791806491165,13.185909977265204,0.6781899125040137,24
2019-07-22,sector_baseline,baseline,sector,0.0,0.0,0.0,0.787310805512211,24
2019-07-22,raw_pca_residual,raw_pca,raw_pca,14.0,2.6153791806491165,13.116207789147104,0.7056710085362495,24
2019-07-22,raw_pca_stabilized,raw_pca,raw_pca,14.0,2.6153791806491165,13.116207789147104,0.7056710085362495,24
2019-07-22,rmt_filtered_residual,rmt_filtered,rmt,1.0,2.6153791806491165,13.116207789147104,0.7436824448908448,24
2019-07-22,rmt_filtered_conservative,rmt_filtered,rmt,1.0,2.6153791806491165,13.116207789147104,0.7436824448908448,24
2019-07-23,sector_baseline,baseline,sector,0.0,0.0,0.0,0.5464493490364185,24
2019-07-23,raw_pca_residual,raw_pca,raw_pca,14.0,2.6153791806491165,13.202844668071823,0.7891620253058721,24
2019-07-23,raw_pca_stabilized,raw_pca,raw_pca,14.0,2.6153791806491165,13.202844668071823,0.7891620253058721,24
2019-07-23,rmt_filtered_residual,rmt_filtered,rmt,1.0,2.6153791806491165,13.202844668071823,0.796396458063315,24
2019-07-23,rmt_filtered_conservative,rmt_filtered,rmt,1.0,2.6153791806491165,13.202844668071823,0.796396458063315,24
2019-07-24,sector_baseline,baseline,sector,0.0,0.0,0.0,1.0460448468914298,24
2019-07-24,raw_pca_residual,raw_pca,raw_pca,14.0,2.6153791806491165,13.251644175984637,0.8344724722025525,24
2019-07-24,raw_pca_stabilized,raw_pca,raw_pca,14.0,2.6153791806491165,13.251644175984637,0.8344724722025525,24
2019-07-24,rmt_filtered_residual,rmt_filtered,rmt,1.0,2.6153791806491165,13.251644175984637,0.9043384272188911,24
2019-07-24,rmt_filtered_conservative,rmt_filtered,rmt,1.0,2.6153791806491165,13.251644175984637,0.9043384272188911,24
2019-07-25,sector_baseline,baseline,sector,0.0,0.0,0.0,0.7156922052406972,24
2019-07-25,raw_pca_residual,raw_pca,raw_pca,14.0,2.6153791806491165,13.239029573914578,0.9267037847821226,24
2019-07-25,raw_pca_stabilized,raw_pca,raw_pca,14.0,2.6153791806491165,13.239029573914578,0.9267037847821226,24
2019-07-25,rmt_filtered_residual,rmt_filtered,rmt,1.0,2.6153791806491165,13.239029573914578,0.7748050394148164,24
2019-07-25,rmt_filtered_conservative,rmt_filtered,rmt,1.0,2.6153791806491165,13.239029573914578,0.7748050394148164,24
2019-07-26,sector_baseline,baseline,sector,0.0,0.0,0.0,0.7109862810208222,24
2019-07-26,raw_pca_residual,raw_pca,raw_pca,14.0,2.6153791806491165,13.239016999807566,0.6967342971376359,24
2019-07-26,raw_pca_stabilized,raw_pca,raw_pca,14.0,2.6153791806491165,13.239016999807566,0.6967342971376359,24
2019-07-26,rmt_filtered_residual,rmt_filtered,rmt,1.0,2.6153791806491165,13.239016999807566,0.5915190476575812,24
2019-07-26,rmt_filtered_conservative,rmt_filtered,rmt,1.0,2.6153791806491165,13.239016999807566,0.5915190476575812,24
2019-07-29,sector_baseline,baseline,sector,0.0,0.0,0.0,0.8818191048136429,24
2019-07-29,raw_pca_residual,raw_pca,raw_pca,14.0,2.6153791806491165,13.089223462197078,0.9193896400831237,24
2019-07-29,raw_pca_stabilized,raw_pca,raw_pca,14.0,2.6153791806491165,13.089223462197078,0.9193896400831237,24
2019-07-29,rmt_filtered_residual,rmt_filtered,rmt,1.0,2.6153791806491165,13.089223462197078,0.8286144316176399,24
2019-07-29,rmt_filtered_conservative,rmt_filtered,rmt,1.0,2.6153791806491165,13.089223462197078,0.8286144316176399,24
2019-07-30,sector_baseline,baseline,sector,0.0,0.0,0.0,0.8327731754462769,24
2019-07-30,raw_pca_residual,raw_pca,raw_pca,14.0,2.6153791806491165,13.099958924796761,0.7826010809414511,24
2019-07-30,raw_pca_stabilized,raw_pca,raw_pca,14.0,2.6153791806491165,13.099958924796761,0.7826010809414511,24
2019-07-30,rmt_filtered_residual,rmt_filtered,rmt,1.0,2.6153791806491165,13.099958924796761,0.8471122728400696,24
2019-07-30,rmt_filtered_conservative,rmt_filtered,rmt,1.0,2.6153791806491165,13.099958924796761,0.8471122728400696,24
2019-07-31,sector_baseline,baseline,sector,0.0,0.0,0.0,0.9898470525402493,24
2019-07-31,raw_pca_residual,raw_pca,raw_pca,14.0,2.6153791806491165,13.123285679148855,1.0958553108406799,24
2019-07-31,raw_pca_stabilized,raw_pca,raw_pca,14.0,2.6153791806491165,13.123285679148855,1.0958553108406799,24
2019-07-31,rmt_filtered_residual,rmt_filtered,rmt,1.0,2.6153791806491165,13.123285679148855,0.8968590510148843,24
2019-07-31,rmt_filtered_conservative,rmt_filtered,rmt,1.0,2.6153791806491165,13.123285679148855,0.8968590510148843,24
2019-08-01,sector_baseline,baseline,sector,0.0,0.0,0.0,1.0797119018481913,24
2019-08-01,raw_pca_residual,raw_pca,raw_pca,14.0,2.6153791806491165,13.340174356845262,0.7834774934821018,24
2019-08-01,raw_pca_stabilized,raw_pca,raw_pca,14.0,2.6153791806491165,13.340174356845262,0.7834774934821018,24
2019-08-01,rmt_filtered_residual,rmt_filtered,rmt,1.0,2.6153791806491165,13.340174356845262,1.0132809081995824,24
2019-08-01,rmt_filtered_conservative,rmt_filtered,rmt,1.0,2.6153791806491165,13.340174356845262,1.0132809081995824,24
2019-08-02,sector_baseline,baseline,sector,0.0,0.0,0.0,0.6245352796242584,24
2019-08-02,raw_pca_residual,raw_pca,raw_pca,14.0,2.6153791806491165,13.368122273212581,0.9180587129230394,24
2019-08-02,raw_pca_stabilized,raw_pca,raw_pca,14.0,2.6153791806491165,13.368122273212581,0.9180587129230394,24
2019-08-02,rmt_filtered_residual,rmt_filtered,rmt,1.0,2.6153791806491165,13.368122273212581,0.6965255276905645,24
2019-08-02,rmt_filtered_conservative,rmt_filtered,rmt,1.0,2.6153791806491165,13.368122273212581,0.6965255276905645,24
2019-08-05,sector_baseline,baseline,sector,0.0,0.0,0.0,0.8324498686184273,24
2019-08-05,raw_pca_residual,raw_pca,raw_pca,14.0,2.6153791806491165,13.59117241510744,1.003607566596817,24
2019-08-05,raw_pca_stabilized,raw_pca,raw_pca,14.0,2.6153791806491165,13.59117241510744,1.003607566596817,24
2019-08-05,rmt_filtered_residual,rmt_filtered,rmt,1.0,2.6153791806491165,13.59117241510744,0.7589762090033995,24
2019-08-05,rmt_filtered_conservative,rmt_filtered,rmt,1.0,2.6153791806491165,13.59117241510744,0.7589762090033995,24
2019-08-06,sector_baseline,baseline,sector,0.0,0.0,0.0,0.7237661470860015,24
2019-08-06,raw_pca_residual,raw_pca,raw_pca,14.0,2.6153791806491165,13.547802691698923,0.6961595698131036,24
2019-08-06,raw_pca_stabilized,raw_pca,raw_pca,14.0,2.6153791806491165,13.547802691698923,0.6961595698131036,24
2019-08-06,rmt_filtered_residual,rmt_filtered,rmt,1.0,2.6153791806491165,13.547802691698923,0.8042110467918849,24
2019-08-06,rmt_filtered_conservative,rmt_filtered,rmt,1.0,2.6153791806491165,13.547802691698923,0.8042110467918849,24
2019-08-07,sector_baseline,baseline,sector,0.0,0.0,0.0,0.7937916041699197,24
2019-08-07,raw_pca_residual,raw_pca,raw_pca,14.0,2.6153791806491165,13.769193504710934,0.45490426225769154,24
2019-08-07,raw_pca_stabilized,raw_pca,raw_pca,14.0,2.6153791806491165,13.769193504710934,0.45490426225769154,24
2019-08-07,rmt_filtered_residual,rmt_filtered,rmt,1.0,2.6153791806491165,13.769193504710934,0.8746041159171942,24
2019-08-07,rmt_filtered_conservative,rmt_filtered,rmt,1.0,2.6153791806491165,13.769193504710934,0.8746041159171942,24
2019-08-08,sector_baseline,baseline,sector,0.0,0.0,0.0,0.6071510952412619,24
2019-08-08,raw_pca_residual,raw_pca,raw_pca,14.0,2.6153791806491165,13.723868624881623,0.7056348476087219,24
2019-08-08,raw_pca_stabilized,raw_pca,raw_pca,14.0,2.6153791806491165,13.723868624881623,0.7056348476087219,24
2019-08-08,rmt_filtered_residual,rmt_filtered,rmt,1.0,2.6153791806491165,13.723868624881623,0.821533991826339,24
2019-08-08,rmt_filtered_conservative,rmt_filtered,rmt,1.0,2.6153791806491165,13.723868624881623,0.821533991826339,24
2019-08-09,sector_baseline,baseline,sector,0.0,0.0,0.0,0.8899856053818903,24
2019-08-09,raw_pca_residual,raw_pca,raw_pca,14.0,2.6153791806491165,13.714370237747945,0.6743270354744869,24
2019-08-09,raw_pca_stabilized,raw_pca,raw_pca,14.0,2.6153791806491165,13.714370237747945,0.6743270354744869,24
2019-08-09,rmt_filtered_residual,rmt_filtered,rmt,1.0,2.6153791806491165,13.714370237747945,0.8920068553345164,24
2019-08-09,rmt_filtered_conservative,rmt_filtered,rmt,1.0,2.6153791806491165,13.714370237747945,0.8920068553345164,24
2019-08-12,sector_baseline,baseline,sector,0.0,0.0,0.0,0.7831634030482831,24
2019-08-12,raw_pca_residual,raw_pca,raw_pca,14.0,2.6153791806491165,13.684531245388834,0.6285869243605338,24
2019-08-12,raw_pca_stabilized,raw_pca,raw_pca,14.0,2.6153791806491165,13.684531245388834,0.6285869243605338,24
2019-08-12,rmt_filtered_residual,rmt_filtered,rmt,1.0,2.6153791806491165,13.684531245388834,0.7047262328562022,24
2019-08-12,rmt_filtered_conservative,rmt_filtered,rmt,1.0,2.6153791806491165,13.684531245388834,0.7047262328562022,24
2019-08-13,sector_baseline,baseline,sector,0.0,0.0,0.0,0.9804443391514495,24
2019-08-13,raw_pca_residual,raw_pca,raw_pca,14.0,2.6153791806491165,14.302470060295272,0.75765512482189,24
2019-08-13,raw_pca_stabilized,raw_pca,raw_pca,14.0,2.6153791806491165,14.302470060295272,0.75765512482189,24
2019-08-13,rmt_filtered_residual,rmt_filtered,rmt,1.0,2.6153791806491165,14.302470060295272,1.1240531120770507,24
2019-08-13,rmt_filtered_conservative,rmt_filtered,rmt,1.0,2.6153791806491165,14.302470060295272,1.1240531120770507,24
2019-08-14,sector_baseline,baseline,sector,0.0,0.0,0.0,0.913605916467616,24
2019-08-14,raw_pca_residual,raw_pca,raw_pca,14.0,2.6153791806491165,14.383818323150566,0.8904820862734377,24
2019-08-14,raw_pca_stabilized,raw_pca,raw_pca,14.0,2.6153791806491165,14.383818323150566,0.8904820862734377,24
2019-08-14,rmt_filtered_residual,rmt_filtered,rmt,1.0,2.6153791806491165,14.383818323150566,0.8299639164189619,24
2019-08-14,rmt_filtered_conservative,rmt_filtered,rmt,1.0,2.6153791806491165,14.383818323150566,0.8299639164189619,24
2019-08-15,sector_baseline,baseline,sector,0.0,0.0,0.0,0.6860966006692625,24
2019-08-15,raw_pca_residual,raw_pca,raw_pca,14.0,2.6153791806491165,14.351783806031287,0.9322724759029434,24
2019-08-15,raw_pca_stabilized,raw_pca,raw_pca,14.0,2.6153791806491165,14.351783806031287,0.9322724759029434,24
2019-08-15,rmt_filtered_residual,rmt_filtered,rmt,1.0,2.6153791806491165,14.351783806031287,0.657552759838041,24
2019-08-15,rmt_filtered_conservative,rmt_filtered,rmt,1.0,2.6153791806491165,14.351783806031287,0.657552759838041,24
2019-08-16,sector_baseline,baseline,sector,0.0,0.0,0.0,0.919132052257939,24
2019-08-16,raw_pca_residual,raw_pca,raw_pca,14.0,2.6153791806491165,14.24866887881981,0.9004017065153395,24
2019-08-16,raw_pca_stabilized,raw_pca,raw_pca,14.0,2.6153791806491165,14.24866887881981,0.9004017065153395,24
2019-08-16,rmt_filtered_residual,rmt_filtered,rmt,1.0,2.6153791806491165,14.24866887881981,0.9486231186844316,24
2019-08-16,rmt_filtered_conservative,rmt_filtered,rmt,1.0,2.6153791806491165,14.24866887881981,0.9486231186844316,24
2019-08-19,sector_baseline,baseline,sector,0.0,0.0,0.0,0.7334711804559045,24
2019-08-19,raw_pca_residual,raw_pca,raw_pca,14.0,2.6153791806491165,13.976900776650504,0.71307348754288,24
2019-08-19,raw_pca_stabilized,raw_pca,raw_pca,14.0,2.6153791806491165,13.976900776650504,0.71307348754288,24
2019-08-19,rmt_filtered_residual,rmt_filtered,rmt,1.0,2.6153791806491165,13.976900776650504,0.8498325262152969,24
2019-08-19,rmt_filtered_conservative,rmt_filtered,rmt,1.0,2.6153791806491165,13.976900776650504,0.8498325262152969,24
2019-08-20,sector_baseline,baseline,sector,0.0,0.0,0.0,0.6240308352940834,24
2019-08-20,raw_pca_residual,raw_pca,raw_pca,14.0,2.6153791806491165,13.889342103506426,0.7406088021213719,24
2019-08-20,raw_pca_stabilized,raw_pca,raw_pca,14.0,2.6153791806491165,13.889342103506426,0.7406088021213719,24
2019-08-20,rmt_filtered_residual,rmt_filtered,rmt,1.0,2.6153791806491165,13.889342103506426,0.5452078534547974,24
2019-08-20,rmt_filtered_conservative,rmt_filtered,rmt,1.0,2.6153791806491165,13.889342103506426,0.5452078534547974,24
2019-08-21,sector_baseline,baseline,sector,0.0,0.0,0.0,0.7308118777720031,24
2019-08-21,raw_pca_residual,raw_pca,raw_pca,14.0,2.6153791806491165,13.535454438973646,0.7312917339938974,24
2019-08-21,raw_pca_stabilized,raw_pca,raw_pca,14.0,2.6153791806491165,13.535454438973646,0.7312917339938974,24
2019-08-21,rmt_filtered_residual,rmt_filtered,rmt,1.0,2.6153791806491165,13.535454438973646,0.8287407270805535,24
2019-08-21,rmt_filtered_conservative,rmt_filtered,rmt,1.0,2.6153791806491165,13.535454438973646,0.8287407270805535,24
2019-08-22,sector_baseline,baseline,sector,0.0,0.0,0.0,0.7321075785056376,24
2019-08-22,raw_pca_residual,raw_pca,raw_pca,14.0,2.6153791806491165,13.479243509291157,0.6306705879279798,24
2019-08-22,raw_pca_stabilized,raw_pca,raw_pca,14.0,2.6153791806491165,13.479243509291157,0.6306705879279798,24
2019-08-22,rmt_filtered_residual,rmt_filtered,rmt,1.0,2.6153791806491165,13.479243509291157,0.79118585598476,24
2019-08-22,rmt_filtered_conservative,rmt_filtered,rmt,1.0,2.6153791806491165,13.479243509291157,0.79118585598476,24
2019-08-23,sector_baseline,baseline,sector,0.0,0.0,0.0,0.5671172627519722,24
2019-08-23,raw_pca_residual,raw_pca,raw_pca,14.0,2.6153791806491165,13.6738566068058,0.5881499558201712,24
2019-08-23,raw_pca_stabilized,raw_pca,raw_pca,14.0,2.6153791806491165,13.6738566068058,0.5881499558201712,24
2019-08-23,rmt_filtered_residual,rmt_filtered,rmt,1.0,2.6153791806491165,13.6738566068058,0.6887203826349612,24
2019-08-23,rmt_filtered_conservative,rmt_filtered,rmt,1.0,2.6153791806491165,13.6738566068058,0.6887203826349612,24
2019-08-26,sector_baseline,baseline,sector,0.0,0.0,0.0,0.7984250565187544,24
2019-08-26,raw_pca_residual,raw_pca,raw_pca,14.0,2.6153791806491165,13.625818057224873,1.1833709203884017,24
2019-08-26,raw_pca_stabilized,raw_pca,raw_pca,14.0,2.6153791806491165,13.625818057224873,1.1833709203884017,24
2019-08-26,rmt_filtered_residual,rmt_filtered,rmt,1.0,2.6153791806491165,13.625818057224873,0.8818899650263518,24
2019-08-26,rmt_filtered_conservative,rmt_filtered,rmt,1.0,2.6153791806491165,13.625818057224873,0.8818899650263518,24
2019-08-27,sector_baseline,baseline,sector,0.0,0.0,0.0,0.9478971431569593,24
2019-08-27,raw_pca_residual,raw_pca,raw_pca,14.0,2.6153791806491165,13.561243005708397,0.7421619069716034,24
2019-08-27,raw_pca_stabilized,raw_pca,raw_pca,14.0,2.6153791806491165,13.561243005708397,0.7421619069716034,24
2019-08-27,rmt_filtered_residual,rmt_filtered,rmt,1.0,2.6153791806491165,13.561243005708397,1.0133927760996289,24
2019-08-27,rmt_filtered_conservative,rmt_filtered,rmt,1.0,2.6153791806491165,13.561243005708397,1.0133927760996289,24
2019-08-28,sector_baseline,baseline,sector,0.0,0.0,0.0,0.9850162099513217,24
2019-08-28,raw_pca_residual,raw_pca,raw_pca,14.0,2.6153791806491165,13.476015497306939,0.7819605291827924,24
2019-08-28,raw_pca_stabilized,raw_pca,raw_pca,14.0,2.6153791806491165,13.476015497306939,0.7819605291827924,24
2019-08-28,rmt_filtered_residual,rmt_filtered,rmt,1.0,2.6153791806491165,13.476015497306939,0.9222607068566062,24
2019-08-28,rmt_filtered_conservative,rmt_filtered,rmt,1.0,2.6153791806491165,13.476015497306939,0.9222607068566062,24
2019-08-29,sector_baseline,baseline,sector,0.0,0.0,0.0,0.9141998606606271,24
2019-08-29,raw_pca_residual,raw_pca,raw_pca,14.0,2.6153791806491165,13.434862578858866,1.0461136140102363,24
2019-08-29,raw_pca_stabilized,raw_pca,raw_pca,14.0,2.6153791806491165,13.434862578858866,1.0461136140102363,24
2019-08-29,rmt_filtered_residual,rmt_filtered,rmt,1.0,2.6153791806491165,13.434862578858866,0.7751113404420321,24
2019-08-29,rmt_filtered_conservative,rmt_filtered,rmt,1.0,2.6153791806491165,13.434862578858866,0.7751113404420321,24
2019-08-30,sector_baseline,baseline,sector,0.0,0.0,0.0,0.7739074605687214,24
2019-08-30,raw_pca_residual,raw_pca,raw_pca,14.0,2.6153791806491165,13.456721243085969,0.5187272845128287,24
2019-08-30,raw_pca_stabilized,raw_pca,raw_pca,14.0,2.6153791806491165,13.456721243085969,0.5187272845128287,24
2019-08-30,rmt_filtered_residual,rmt_filtered,rmt,1.0,2.6153791806491165,13.456721243085969,0.8711465991224396,24
2019-08-30,rmt_filtered_conservative,rmt_filtered,rmt,1.0,2.6153791806491165,13.456721243085969,0.8711465991224396,24
2019-09-02,sector_baseline,baseline,sector,0.0,0.0,0.0,0.7279242641527182,24
2019-09-02,raw_pca_residual,raw_pca,raw_pca,14.0,2.6153791806491165,13.287027137641594,0.7118332005894924,24
2019-09-02,raw_pca_stabilized,raw_pca,raw_pca,14.0,2.6153791806491165,13.287027137641594,0.7118332005894924,24
2019-09-02,rmt_filtered_residual,rmt_filtered,rmt,1.0,2.6153791806491165,13.287027137641594,0.7326493908572907,24
2019-09-02,rmt_filtered_conservative,rmt_filtered,rmt,1.0,2.6153791806491165,13.287027137641594,0.7326493908572907,24
2019-09-03,sector_baseline,baseline,sector,0.0,0.0,0.0,0.8112476506203113,24
2019-09-03,raw_pca_residual,raw_pca,raw_pca,14.0,2.6153791806491165,13.325881303225183,0.7235596879620566,24
2019-09-03,raw_pca_stabilized,raw_pca,raw_pca,14.0,2.6153791806491165,13.325881303225183,0.7235596879620566,24
2019-09-03,rmt_filtered_residual,rmt_filtered,rmt,1.0,2.6153791806491165,13.325881303225183,0.848360243652483,24
2019-09-03,rmt_filtered_conservative,rmt_filtered,rmt,1.0,2.6153791806491165,13.325881303225183,0.848360243652483,24
2019-09-04,sector_baseline,baseline,sector,0.0,0.0,0.0,0.6640766059129005,24
2019-09-04,raw_pca_residual,raw_pca,raw_pca,14.0,2.6153791806491165,13.482988324430968,0.6985005224041371,24
2019-09-04,raw_pca_stabilized,raw_pca,raw_pca,14.0,2.6153791806491165,13.482988324430968,0.6985005224041371,24
2019-09-04,rmt_filtered_residual,rmt_filtered,rmt,1.0,2.6153791806491165,13.482988324430968,0.6929065970794076,24
2019-09-04,rmt_filtered_conservative,rmt_filtered,rmt,1.0,2.6153791806491165,13.482988324430968,0.6929065970794076,24
2019-09-05,sector_baseline,baseline,sector,0.0,0.0,0.0,0.8971512339432578,24
2019-09-05,raw_pca_residual,raw_pca,raw_pca,14.0,2.6153791806491165,13.602027203755153,0.7343150554373671,24
2019-09-05,raw_pca_stabilized,raw_pca,raw_pca,14.0,2.6153791806491165,13.602027203755153,0.7343150554373671,24
2019-09-05,rmt_filtered_residual,rmt_filtered,rmt,1.0,2.6153791806491165,13.602027203755153,0.7959326344437532,24
2019-09-05,rmt_filtered_conservative,rmt_filtered,rmt,1.0,2.6153791806491165,13.602027203755153,0.7959326344437532,24
2019-09-06,sector_baseline,baseline,sector,0.0,0.0,0.0,0.810677111049651,24
2019-09-06,raw_pca_residual,raw_pca,raw_pca,14.0,2.6153791806491165,13.639868537449027,0.7886060967595568,24
2019-09-06,raw_pca_stabilized,raw_pca,raw_pca,14.0,2.6153791806491165,13.639868537449027,0.7886060967595568,24
2019-09-06,rmt_filtered_residual,rmt_filtered,rmt,1.0,2.6153791806491165,13.639868537449027,0.7417967150943557,24
2019-09-06,rmt_filtered_conservative,rmt_filtered,rmt,1.0,2.6153791806491165,13.639868537449027,0.7417967150943557,24
2019-09-09,sector_baseline,baseline,sector,0.0,0.0,0.0,0.9843448671676196,24
2019-09-09,raw_pca_residual,raw_pca,raw_pca,14.0,2.6153791806491165,13.704215644341577,0.7173209091262054,24
2019-09-09,raw_pca_stabilized,raw_pca,raw_pca,14.0,2.6153791806491165,13.704215644341577,0.7173209091262054,24
2019-09-09,rmt_filtered_residual,rmt_filtered,rmt,1.0,2.6153791806491165,13.704215644341577,0.9293839258975449,24
2019-09-09,rmt_filtered_conservative,rmt_filtered,rmt,1.0,2.6153791806491165,13.704215644341577,0.9293839258975449,24
2019-09-10,sector_baseline,baseline,sector,0.0,0.0,0.0,0.6286898083976072,24
2019-09-10,raw_pca_residual,raw_pca,raw_pca,14.0,2.6153791806491165,13.702649298521662,0.7739179068125256,24
2019-09-10,raw_pca_stabilized,raw_pca,raw_pca,14.0,2.6153791806491165,13.702649298521662,0.7739179068125256,24
2019-09-10,rmt_filtered_residual,rmt_filtered,rmt,1.0,2.6153791806491165,13.702649298521662,0.6898425868095611,24
2019-09-10,rmt_filtered_conservative,rmt_filtered,rmt,1.0,2.6153791806491165,13.702649298521662,0.6898425868095611,24
2019-09-11,sector_baseline,baseline,sector,0.0,0.0,0.0,0.7534415569949742,24
2019-09-11,raw_pca_residual,raw_pca,raw_pca,14.0,2.6153791806491165,13.497777402512794,0.9385753253521831,24
2019-09-11,raw_pca_stabilized,raw_pca,raw_pca,14.0,2.6153791806491165,13.497777402512794,0.9385753253521831,24
2019-09-11,rmt_filtered_residual,rmt_filtered,rmt,1.0,2.6153791806491165,13.497777402512794,0.9773344699457661,24
2019-09-11,rmt_filtered_conservative,rmt_filtered,rmt,1.0,2.6153791806491165,13.497777402512794,0.9773344699457661,24
2019-09-12,sector_baseline,baseline,sector,0.0,0.0,0.0,0.8100012428356628,24
2019-09-12,raw_pca_residual,raw_pca,raw_pca,14.0,2.6153791806491165,13.642737366358975,0.9896846146990468,24
2019-09-12,raw_pca_stabilized,raw_pca,raw_pca,14.0,2.6153791806491165,13.642737366358975,0.9896846146990468,24
2019-09-12,rmt_filtered_residual,rmt_filtered,rmt,1.0,2.6153791806491165,13.642737366358975,0.7933219734725374,24
2019-09-12,rmt_filtered_conservative,rmt_filtered,rmt,1.0,2.6153791806491165,13.642737366358975,0.7933219734725374,24
2019-09-13,sector_baseline,baseline,sector,0.0,0.0,0.0,0.7563984111440475,24
2019-09-13,raw_pca_residual,raw_pca,raw_pca,14.0,2.6153791806491165,13.452001352986573,0.5729995119862128,24
2019-09-13,raw_pca_stabilized,raw_pca,raw_pca,14.0,2.6153791806491165,13.452001352986573,0.5729995119862128,24
2019-09-13,rmt_filtered_residual,rmt_filtered,rmt,1.0,2.6153791806491165,13.452001352986573,0.7636294968005556,24
2019-09-13,rmt_filtered_conservative,rmt_filtered,rmt,1.0,2.6153791806491165,13.452001352986573,0.7636294968005556,24
2019-09-16,sector_baseline,baseline,sector,0.0,0.0,0.0,0.631724071152545,24
2019-09-16,raw_pca_residual,raw_pca,raw_pca,14.0,2.6153791806491165,13.483051996880548,0.9256723902828211,24
2019-09-16,raw_pca_stabilized,raw_pca,raw_pca,14.0,2.6153791806491165,13.483051996880548,0.9256723902828211,24
2019-09-16,rmt_filtered_residual,rmt_filtered,rmt,1.0,2.6153791806491165,13.483051996880548,0.5756872222055301,24
2019-09-16,rmt_filtered_conservative,rmt_filtered,rmt,1.0,2.6153791806491165,13.483051996880548,0.5756872222055301,24
2019-09-17,sector_baseline,baseline,sector,0.0,0.0,0.0,0.6068113421487039,24
2019-09-17,raw_pca_residual,raw_pca,raw_pca,14.0,2.6153791806491165,13.494180242156961,0.8029747390776208,24
2019-09-17,raw_pca_stabilized,raw_pca,raw_pca,14.0,2.6153791806491165,13.494180242156961,0.8029747390776208,24
2019-09-17,rmt_filtered_residual,rmt_filtered,rmt,1.0,2.6153791806491165,13.494180242156961,0.6179124514204427,24
2019-09-17,rmt_filtered_conservative,rmt_filtered,rmt,1.0,2.6153791806491165,13.494180242156961,0.6179124514204427,24
2019-09-18,sector_baseline,baseline,sector,0.0,0.0,0.0,0.9175013021200368,24
2019-09-18,raw_pca_residual,raw_pca,raw_pca,14.0,2.6153791806491165,13.305683572664025,0.9308627903691707,24
2019-09-18,raw_pca_stabilized,raw_pca,raw_pca,14.0,2.6153791806491165,13.305683572664025,0.9308627903691707,24
2019-09-18,rmt_filtered_residual,rmt_filtered,rmt,1.0,2.6153791806491165,13.305683572664025,0.9322234976773466,24
2019-09-18,rmt_filtered_conservative,rmt_filtered,rmt,1.0,2.6153791806491165,13.305683572664025,0.9322234976773466,24
2019-09-19,sector_baseline,baseline,sector,0.0,0.0,0.0,0.9754775589755823,24
2019-09-19,raw_pca_residual,raw_pca,raw_pca,14.0,2.6153791806491165,13.087831553425875,0.5408407725795389,24
2019-09-19,raw_pca_stabilized,raw_pca,raw_pca,14.0,2.6153791806491165,13.087831553425875,0.5408407725795389,24
2019-09-19,rmt_filtered_residual,rmt_filtered,rmt,1.0,2.6153791806491165,13.087831553425875,0.9590004875545137,24
2019-09-19,rmt_filtered_conservative,rmt_filtered,rmt,1.0,2.6153791806491165,13.087831553425875,0.9590004875545137,24
2019-09-20,sector_baseline,baseline,sector,0.0,0.0,0.0,0.7962062957527318,24
2019-09-20,raw_pca_residual,raw_pca,raw_pca,14.0,2.6153791806491165,13.090466054455035,0.5248628952382242,24
2019-09-20,raw_pca_stabilized,raw_pca,raw_pca,14.0,2.6153791806491165,13.090466054455035,0.5248628952382242,24
2019-09-20,rmt_filtered_residual,rmt_filtered,rmt,1.0,2.6153791806491165,13.090466054455035,0.8383089301947871,24
2019-09-20,rmt_filtered_conservative,rmt_filtered,rmt,1.0,2.6153791806491165,13.090466054455035,0.8383089301947871,24
2019-09-23,sector_baseline,baseline,sector,0.0,0.0,0.0,0.6226061655953904,24
2019-09-23,raw_pca_residual,raw_pca,raw_pca,14.0,2.6153791806491165,13.139948662092614,0.863828127973142,24
2019-09-23,raw_pca_stabilized,raw_pca,raw_pca,14.0,2.6153791806491165,13.139948662092614,0.863828127973142,24
2019-09-23,rmt_filtered_residual,rmt_filtered,rmt,1.0,2.6153791806491165,13.139948662092614,0.6475011457916976,24
2019-09-23,rmt_filtered_conservative,rmt_filtered,rmt,1.0,2.6153791806491165,13.139948662092614,0.6475011457916976,24
2019-09-24,sector_baseline,baseline,sector,0.0,0.0,0.0,0.8555000646260029,24
2019-09-24,raw_pca_residual,raw_pca,raw_pca,14.0,2.6153791806491165,13.257845075313034,0.7537826021897597,24
2019-09-24,raw_pca_stabilized,raw_pca,raw_pca,14.0,2.6153791806491165,13.257845075313034,0.7537826021897597,24
2019-09-24,rmt_filtered_residual,rmt_filtered,rmt,1.0,2.6153791806491165,13.257845075313034,0.733562340744125,24
2019-09-24,rmt_filtered_conservative,rmt_filtered,rmt,1.0,2.6153791806491165,13.257845075313034,0.733562340744125,24
2019-09-25,sector_baseline,baseline,sector,0.0,0.0,0.0,0.9113188687333539,24
2019-09-25,raw_pca_residual,raw_pca,raw_pca,14.0,2.6153791806491165,13.258451920041102,0.7524092297985439,24
2019-09-25,raw_pca_stabilized,raw_pca,raw_pca,14.0,2.6153791806491165,13.258451920041102,0.7524092297985439,24
2019-09-25,rmt_filtered_residual,rmt_filtered,rmt,1.0,2.6153791806491165,13.258451920041102,0.9936358467805585,24
2019-09-25,rmt_filtered_conservative,rmt_filtered,rmt,1.0,2.6153791806491165,13.258451920041102,0.9936358467805585,24
2019-09-26,sector_baseline,baseline,sector,0.0,0.0,0.0,0.8316500035092513,24
2019-09-26,raw_pca_residual,raw_pca,raw_pca,14.0,2.6153791806491165,13.249036818631216,0.7843435521859368,24
2019-09-26,raw_pca_stabilized,raw_pca,raw_pca,14.0,2.6153791806491165,13.249036818631216,0.7843435521859368,24
2019-09-26,rmt_filtered_residual,rmt_filtered,rmt,1.0,2.6153791806491165,13.249036818631216,0.8204731767948173,24
2019-09-26,rmt_filtered_conservative,rmt_filtered,rmt,1.0,2.6153791806491165,13.249036818631216,0.8204731767948173,24
2019-09-27,sector_baseline,baseline,sector,0.0,0.0,0.0,0.8114970581750437,24
2019-09-27,raw_pca_residual,raw_pca,raw_pca,14.0,2.6153791806491165,13.009061615511085,0.7798936911486978,24
2019-09-27,raw_pca_stabilized,raw_pca,raw_pca,14.0,2.6153791806491165,13.009061615511085,0.7798936911486978,24
2019-09-27,rmt_filtered_residual,rmt_filtered,rmt,1.0,2.6153791806491165,13.009061615511085,0.7922229431288107,24
2019-09-27,rmt_filtered_conservative,rmt_filtered,rmt,1.0,2.6153791806491165,13.009061615511085,0.7922229431288107,24
2019-09-30,sector_baseline,baseline,sector,0.0,0.0,0.0,0.7505315335280663,24
2019-09-30,raw_pca_residual,raw_pca,raw_pca,14.0,2.6153791806491165,12.820547150199387,0.45804247756542954,24
2019-09-30,raw_pca_stabilized,raw_pca,raw_pca,14.0,2.6153791806491165,12.820547150199387,0.45804247756542954,24
2019-09-30,rmt_filtered_residual,rmt_filtered,rmt,1.0,2.6153791806491165,12.820547150199387,0.735324813670941,24
2019-09-30,rmt_filtered_conservative,rmt_filtered,rmt,1.0,2.6153791806491165,12.820547150199387,0.735324813670941,24
2019-10-01,sector_baseline,baseline,sector,0.0,0.0,0.0,0.7652556251607244,24
2019-10-01,raw_pca_residual,raw_pca,raw_pca,14.0,2.6153791806491165,12.83559032911499,0.8724625067786992,24
2019-10-01,raw_pca_stabilized,raw_pca,raw_pca,14.0,2.6153791806491165,12.83559032911499,0.8724625067786992,24
2019-10-01,rmt_filtered_residual,rmt_filtered,rmt,1.0,2.6153791806491165,12.83559032911499,0.7043918677574034,24
2019-10-01,rmt_filtered_conservative,rmt_filtered,rmt,1.0,2.6153791806491165,12.83559032911499,0.7043918677574034,24
2019-10-02,sector_baseline,baseline,sector,0.0,0.0,0.0,0.747720368700311,24
2019-10-02,raw_pca_residual,raw_pca,raw_pca,14.0,2.6153791806491165,12.928132734514449,0.7873160766883743,24
2019-10-02,raw_pca_stabilized,raw_pca,raw_pca,14.0,2.6153791806491165,12.928132734514449,0.7873160766883743,24
2019-10-02,rmt_filtered_residual,rmt_filtered,rmt,1.0,2.6153791806491165,12.928132734514449,0.7674766969915781,24
2019-10-02,rmt_filtered_conservative,rmt_filtered,rmt,1.0,2.6153791806491165,12.928132734514449,0.7674766969915781,24
2019-10-03,sector_baseline,baseline,sector,0.0,0.0,0.0,0.8760249973705864,24
2019-10-03,raw_pca_residual,raw_pca,raw_pca,14.0,2.6153791806491165,12.582172394360992,0.7931419543524066,24
2019-10-03,raw_pca_stabilized,raw_pca,raw_pca,14.0,2.6153791806491165,12.582172394360992,0.7931419543524066,24
2019-10-03,rmt_filtered_residual,rmt_filtered,rmt,1.0,2.6153791806491165,12.582172394360992,1.0161786487170037,24
2019-10-03,rmt_filtered_conservative,rmt_filtered,rmt,1.0,2.6153791806491165,12.582172394360992,1.0161786487170037,24
2019-10-04,sector_baseline,baseline,sector,0.0,0.0,0.0,0.738481402781414,24
2019-10-04,raw_pca_residual,raw_pca,raw_pca,14.0,2.6153791806491165,12.696891669565888,0.9499332962651276,24
2019-10-04,raw_pca_stabilized,raw_pca,raw_pca,14.0,2.6153791806491165,12.696891669565888,0.9499332962651276,24
2019-10-04,rmt_filtered_residual,rmt_filtered,rmt,1.0,2.6153791806491165,12.696891669565888,0.7751974789118113,24
2019-10-04,rmt_filtered_conservative,rmt_filtered,rmt,1.0,2.6153791806491165,12.696891669565888,0.7751974789118113,24
2019-10-07,sector_baseline,baseline,sector,0.0,0.0,0.0,0.9378848857228954,24
2019-10-07,raw_pca_residual,raw_pca,raw_pca,14.0,2.6153791806491165,12.5166399801119,0.8046630412420384,24
2019-10-07,raw_pca_stabilized,raw_pca,raw_pca,14.0,2.6153791806491165,12.5166399801119,0.8046630412420384,24
2019-10-07,rmt_filtered_residual,rmt_filtered,rmt,1.0,2.6153791806491165,12.5166399801119,0.8697096761456614,24
2019-10-07,rmt_filtered_conservative,rmt_filtered,rmt,1.0,2.6153791806491165,12.5166399801119,0.8697096761456614,24
2019-10-08,sector_baseline,baseline,sector,0.0,0.0,0.0,0.7319366212842923,24
2019-10-08,raw_pca_residual,raw_pca,raw_pca,14.0,2.6153791806491165,12.45136370225328,0.6780530313727026,24
2019-10-08,raw_pca_stabilized,raw_pca,raw_pca,14.0,2.6153791806491165,12.45136370225328,0.6780530313727026,24
2019-10-08,rmt_filtered_residual,rmt_filtered,rmt,1.0,2.6153791806491165,12.45136370225328,0.8274049196351512,24
2019-10-08,rmt_filtered_conservative,rmt_filtered,rmt,1.0,2.6153791806491165,12.45136370225328,0.8274049196351512,24
2019-10-09,sector_baseline,baseline,sector,0.0,0.0,0.0,0.7411310247019866,24
2019-10-09,raw_pca_residual,raw_pca,raw_pca,14.0,2.6153791806491165,12.482648288999867,0.7185996994484579,24
2019-10-09,raw_pca_stabilized,raw_pca,raw_pca,14.0,2.6153791806491165,12.482648288999867,0.7185996994484579,24
2019-10-09,rmt_filtered_residual,rmt_filtered,rmt,1.0,2.6153791806491165,12.482648288999867,0.6952461153341479,24
2019-10-09,rmt_filtered_conservative,rmt_filtered,rmt,1.0,2.6153791806491165,12.482648288999867,0.6952461153341479,24
2019-10-10,sector_baseline,baseline,sector,0.0,0.0,0.0,0.8418169093709839,24
2019-10-10,raw_pca_residual,raw_pca,raw_pca,14.0,2.6153791806491165,12.491127619730442,0.6593459670047581,24
2019-10-10,raw_pca_stabilized,raw_pca,raw_pca,14.0,2.6153791806491165,12.491127619730442,0.6593459670047581,24
2019-10-10,rmt_filtered_residual,rmt_filtered,rmt,1.0,2.6153791806491165,12.491127619730442,0.7326395874841317,24
2019-10-10,rmt_filtered_conservative,rmt_filtered,rmt,1.0,2.6153791806491165,12.491127619730442,0.7326395874841317,24
2019-10-11,sector_baseline,baseline,sector,0.0,0.0,0.0,0.9901931596568199,24
2019-10-11,raw_pca_residual,raw_pca,raw_pca,14.0,2.6153791806491165,12.504631612057386,0.8879005610919268,24
2019-10-11,raw_pca_stabilized,raw_pca,raw_pca,14.0,2.6153791806491165,12.504631612057386,0.8879005610919268,24
2019-10-11,rmt_filtered_residual,rmt_filtered,rmt,1.0,2.6153791806491165,12.504631612057386,0.9319847310863741,24
2019-10-11,rmt_filtered_conservative,rmt_filtered,rmt,1.0,2.6153791806491165,12.504631612057386,0.9319847310863741,24
2019-10-14,sector_baseline,baseline,sector,0.0,0.0,0.0,0.685799986932572,24
2019-10-14,raw_pca_residual,raw_pca,raw_pca,14.0,2.6153791806491165,12.447246474115504,0.960399554789332,24
2019-10-14,raw_pca_stabilized,raw_pca,raw_pca,14.0,2.6153791806491165,12.447246474115504,0.960399554789332,24
2019-10-14,rmt_filtered_residual,rmt_filtered,rmt,1.0,2.6153791806491165,12.447246474115504,0.6283360734944644,24
2019-10-14,rmt_filtered_conservative,rmt_filtered,rmt,1.0,2.6153791806491165,12.447246474115504,0.6283360734944644,24
2019-10-15,sector_baseline,baseline,sector,0.0,0.0,0.0,0.95202942424367,24
2019-10-15,raw_pca_residual,raw_pca,raw_pca,14.0,2.6153791806491165,12.403556314202344,0.9139320055454595,24
2019-10-15,raw_pca_stabilized,raw_pca,raw_pca,14.0,2.6153791806491165,12.403556314202344,0.9139320055454595,24
2019-10-15,rmt_filtered_residual,rmt_filtered,rmt,1.0,2.6153791806491165,12.403556314202344,1.0017006443389553,24
2019-10-15,rmt_filtered_conservative,rmt_filtered,rmt,1.0,2.6153791806491165,12.403556314202344,1.0017006443389553,24
2019-10-16,sector_baseline,baseline,sector,0.0,0.0,0.0,0.7270042851115504,24
2019-10-16,raw_pca_residual,raw_pca,raw_pca,14.0,2.6153791806491165,12.4442431380776,0.8154544649177321,24
2019-10-16,raw_pca_stabilized,raw_pca,raw_pca,14.0,2.6153791806491165,12.4442431380776,0.8154544649177321,24
2019-10-16,rmt_filtered_residual,rmt_filtered,rmt,1.0,2.6153791806491165,12.4442431380776,0.6367260136177996,24
2019-10-16,rmt_filtered_conservative,rmt_filtered,rmt,1.0,2.6153791806491165,12.4442431380776,0.6367260136177996,24
2019-10-17,sector_baseline,baseline,sector,0.0,0.0,0.0,0.7076518400697912,24
2019-10-17,raw_pca_residual,raw_pca,raw_pca,14.0,2.6153791806491165,12.716883172200479,0.7092200265823113,24
2019-10-17,raw_pca_stabilized,raw_pca,raw_pca,14.0,2.6153791806491165,12.716883172200479,0.7092200265823113,24
2019-10-17,rmt_filtered_residual,rmt_filtered,rmt,1.0,2.6153791806491165,12.716883172200479,0.8190495901034701,24
2019-10-17,rmt_filtered_conservative,rmt_filtered,rmt,1.0,2.6153791806491165,12.716883172200479,0.8190495901034701,24
2019-10-18,sector_baseline,baseline,sector,0.0,0.0,0.0,0.7717794082907022,24
2019-10-18,raw_pca_residual,raw_pca,raw_pca,14.0,2.6153791806491165,12.477751025366588,0.8656286054473838,24
2019-10-18,raw_pca_stabilized,raw_pca,raw_pca,14.0,2.6153791806491165,12.477751025366588,0.8656286054473838,24
2019-10-18,rmt_filtered_residual,rmt_filtered,rmt,1.0,2.6153791806491165,12.477751025366588,0.723565519282584,24
2019-10-18,rmt_filtered_conservative,rmt_filtered,rmt,1.0,2.6153791806491165,12.477751025366588,0.723565519282584,24
2019-10-21,sector_baseline,baseline,sector,0.0,0.0,0.0,0.9083376432117619,24
2019-10-21,raw_pca_residual,raw_pca,raw_pca,14.0,2.6153791806491165,12.529974379280919,0.6439637810520594,24
2019-10-21,raw_pca_stabilized,raw_pca,raw_pca,14.0,2.6153791806491165,12.529974379280919,0.6439637810520594,24
2019-10-21,rmt_filtered_residual,rmt_filtered,rmt,1.0,2.6153791806491165,12.529974379280919,1.017224252793164,24
2019-10-21,rmt_filtered_conservative,rmt_filtered,rmt,1.0,2.6153791806491165,12.529974379280919,1.017224252793164,24
2019-10-22,sector_baseline,baseline,sector,0.0,0.0,0.0,0.5437559281851734,24
2019-10-22,raw_pca_residual,raw_pca,raw_pca,14.0,2.6153791806491165,12.559995582123511,0.6891341325253831,24
2019-10-22,raw_pca_stabilized,raw_pca,raw_pca,14.0,2.6153791806491165,12.559995582123511,0.6891341325253831,24
2019-10-22,rmt_filtered_residual,rmt_filtered,rmt,1.0,2.6153791806491165,12.559995582123511,0.6154835550973342,24
2019-10-22,rmt_filtered_conservative,rmt_filtered,rmt,1.0,2.6153791806491165,12.559995582123511,0.6154835550973342,24
2019-10-23,sector_baseline,baseline,sector,0.0,0.0,0.0,0.5731623309956937,24
2019-10-23,raw_pca_residual,raw_pca,raw_pca,14.0,2.6153791806491165,12.46367857207421,0.906142629076574,24
2019-10-23,raw_pca_stabilized,raw_pca,raw_pca,14.0,2.6153791806491165,12.46367857207421,0.906142629076574,24
2019-10-23,rmt_filtered_residual,rmt_filtered,rmt,1.0,2.6153791806491165,12.46367857207421,0.6198219489466122,24
2019-10-23,rmt_filtered_conservative,rmt_filtered,rmt,1.0,2.6153791806491165,12.46367857207421,0.6198219489466122,24
2019-10-24,sector_baseline,baseline,sector,0.0,0.0,0.0,0.7410678336162451,24
2019-10-24,raw_pca_residual,raw_pca,raw_pca,14.0,2.6153791806491165,12.437959356770438,0.9624822659819271,24
2019-10-24,raw_pca_stabilized,raw_pca,raw_pca,14.0,2.6153791806491165,12.437959356770438,0.9624822659819271,24
2019-10-24,rmt_filtered_residual,rmt_filtered,rmt,1.0,2.6153791806491165,12.437959356770438,0.7569326360659067,24
2019-10-24,rmt_filtered_conservative,rmt_filtered,rmt,1.0,2.6153791806491165,12.437959356770438,0.7569326360659067,24
2019-10-25,sector_baseline,baseline,sector,0.0,0.0,0.0,0.5789671506664077,24
2019-10-25,raw_pca_residual,raw_pca,raw_pca,14.0,2.6153791806491165,12.441680954470053,0.5521021127509321,24
2019-10-25,raw_pca_stabilized,raw_pca,raw_pca,14.0,2.6153791806491165,12.441680954470053,0.5521021127509321,24
2019-10-25,rmt_filtered_residual,rmt_filtered,rmt,1.0,2.6153791806491165,12.441680954470053,0.6020335485067448,24
2019-10-25,rmt_filtered_conservative,rmt_filtered,rmt,1.0,2.6153791806491165,12.441680954470053,0.6020335485067448,24
2019-10-28,sector_baseline,baseline,sector,0.0,0.0,0.0,0.7204335705830346,24
2019-10-28,raw_pca_residual,raw_pca,raw_pca,14.0,2.6153791806491165,12.44120421437683,0.858096694046042,24
2019-10-28,raw_pca_stabilized,raw_pca,raw_pca,14.0,2.6153791806491165,12.44120421437683,0.858096694046042,24
2019-10-28,rmt_filtered_residual,rmt_filtered,rmt,1.0,2.6153791806491165,12.44120421437683,0.6773957560002638,24
2019-10-28,rmt_filtered_conservative,rmt_filtered,rmt,1.0,2.6153791806491165,12.44120421437683,0.6773957560002638,24
2019-10-29,sector_baseline,baseline,sector,0.0,0.0,0.0,0.9914950225655131,24
2019-10-29,raw_pca_residual,raw_pca,raw_pca,14.0,2.6153791806491165,12.226993496635854,0.7578365716027774,24
2019-10-29,raw_pca_stabilized,raw_pca,raw_pca,14.0,2.6153791806491165,12.226993496635854,0.7578365716027774,24
2019-10-29,rmt_filtered_residual,rmt_filtered,rmt,1.0,2.6153791806491165,12.226993496635854,0.9840461009396235,24
2019-10-29,rmt_filtered_conservative,rmt_filtered,rmt,1.0,2.6153791806491165,12.226993496635854,0.9840461009396235,24
2019-10-30,sector_baseline,baseline,sector,0.0,0.0,0.0,0.8272714064632632,24
2019-10-30,raw_pca_residual,raw_pca,raw_pca,14.0,2.6153791806491165,12.3006981340939,0.8969760365785052,24
2019-10-30,raw_pca_stabilized,raw_pca,raw_pca,14.0,2.6153791806491165,12.3006981340939,0.8969760365785052,24
2019-10-30,rmt_filtered_residual,rmt_filtered,rmt,1.0,2.6153791806491165,12.3006981340939,1.0300034752742067,24
2019-10-30,rmt_filtered_conservative,rmt_filtered,rmt,1.0,2.6153791806491165,12.3006981340939,1.0300034752742067,24
2019-10-31,sector_baseline,baseline,sector,0.0,0.0,0.0,0.7833545266041829,24
2019-10-31,raw_pca_residual,raw_pca,raw_pca,14.0,2.6153791806491165,12.094203081457062,1.0037847282082832,24
2019-10-31,raw_pca_stabilized,raw_pca,raw_pca,14.0,2.6153791806491165,12.094203081457062,1.0037847282082832,24
2019-10-31,rmt_filtered_residual,rmt_filtered,rmt,1.0,2.6153791806491165,12.094203081457062,0.8372717127965856,24
2019-10-31,rmt_filtered_conservative,rmt_filtered,rmt,1.0,2.6153791806491165,12.094203081457062,0.8372717127965856,24
2019-11-01,sector_baseline,baseline,sector,0.0,0.0,0.0,0.6438404266745571,24
2019-11-01,raw_pca_residual,raw_pca,raw_pca,14.0,2.6153791806491165,12.267502065923042,0.9749748709117165,24
2019-11-01,raw_pca_stabilized,raw_pca,raw_pca,14.0,2.6153791806491165,12.267502065923042,0.9749748709117165,24
2019-11-01,rmt_filtered_residual,rmt_filtered,rmt,1.0,2.6153791806491165,12.267502065923042,0.6707101139289119,24
2019-11-01,rmt_filtered_conservative,rmt_filtered,rmt,1.0,2.6153791806491165,12.267502065923042,0.6707101139289119,24
2019-11-04,sector_baseline,baseline,sector,0.0,0.0,0.0,1.0464623795730996,24
2019-11-04,raw_pca_residual,raw_pca,raw_pca,14.0,2.6153791806491165,12.313538973214348,0.6973602964279806,24
2019-11-04,raw_pca_stabilized,raw_pca,raw_pca,14.0,2.6153791806491165,12.313538973214348,0.6973602964279806,24
2019-11-04,rmt_filtered_residual,rmt_filtered,rmt,1.0,2.6153791806491165,12.313538973214348,0.92980286685997,24
2019-11-04,rmt_filtered_conservative,rmt_filtered,rmt,1.0,2.6153791806491165,12.313538973214348,0.92980286685997,24
2019-11-05,sector_baseline,baseline,sector,0.0,0.0,0.0,0.9377093917099192,24
2019-11-05,raw_pca_residual,raw_pca,raw_pca,14.0,2.6153791806491165,12.466331344237249,0.810807893597083,24
2019-11-05,raw_pca_stabilized,raw_pca,raw_pca,14.0,2.6153791806491165,12.466331344237249,0.810807893597083,24
2019-11-05,rmt_filtered_residual,rmt_filtered,rmt,1.0,2.6153791806491165,12.466331344237249,0.9764797831585167,24
2019-11-05,rmt_filtered_conservative,rmt_filtered,rmt,1.0,2.6153791806491165,12.466331344237249,0.9764797831585167,24
2019-11-06,sector_baseline,baseline,sector,0.0,0.0,0.0,1.0002329873778935,24
2019-11-06,raw_pca_residual,raw_pca,raw_pca,14.0,2.6153791806491165,12.38939961230744,0.7595458863874732,24
2019-11-06,raw_pca_stabilized,raw_pca,raw_pca,14.0,2.6153791806491165,12.38939961230744,0.7595458863874732,24
2019-11-06,rmt_filtered_residual,rmt_filtered,rmt,1.0,2.6153791806491165,12.38939961230744,0.9618406396242976,24
2019-11-06,rmt_filtered_conservative,rmt_filtered,rmt,1.0,2.6153791806491165,12.38939961230744,0.9618406396242976,24
2019-11-07,sector_baseline,baseline,sector,0.0,0.0,0.0,0.8094683824935833,24
2019-11-07,raw_pca_residual,raw_pca,raw_pca,14.0,2.6153791806491165,12.42341669965794,0.791503530973794,24
2019-11-07,raw_pca_stabilized,raw_pca,raw_pca,14.0,2.6153791806491165,12.42341669965794,0.791503530973794,24
2019-11-07,rmt_filtered_residual,rmt_filtered,rmt,1.0,2.6153791806491165,12.42341669965794,0.8087475706312487,24
2019-11-07,rmt_filtered_conservative,rmt_filtered,rmt,1.0,2.6153791806491165,12.42341669965794,0.8087475706312487,24
2019-11-08,sector_baseline,baseline,sector,0.0,0.0,0.0,0.9337682458368922,24
2019-11-08,raw_pca_residual,raw_pca,raw_pca,14.0,2.6153791806491165,11.545526634359272,0.9787881728624157,24
2019-11-08,raw_pca_stabilized,raw_pca,raw_pca,14.0,2.6153791806491165,11.545526634359272,0.9787881728624157,24
2019-11-08,rmt_filtered_residual,rmt_filtered,rmt,1.0,2.6153791806491165,11.545526634359272,0.9201331614308677,24
2019-11-08,rmt_filtered_conservative,rmt_filtered,rmt,1.0,2.6153791806491165,11.545526634359272,0.9201331614308677,24
2019-11-11,sector_baseline,baseline,sector,0.0,0.0,0.0,0.7668319558865746,24
2019-11-11,raw_pca_residual,raw_pca,raw_pca,14.0,2.6153791806491165,11.453437103036,0.6491833923950471,24
2019-11-11,raw_pca_stabilized,raw_pca,raw_pca,14.0,2.6153791806491165,11.453437103036,0.6491833923950471,24
2019-11-11,rmt_filtered_residual,rmt_filtered,rmt,1.0,2.6153791806491165,11.453437103036,0.7157124006095742,24
2019-11-11,rmt_filtered_conservative,rmt_filtered,rmt,1.0,2.6153791806491165,11.453437103036,0.7157124006095742,24
2019-11-12,sector_baseline,baseline,sector,0.0,0.0,0.0,1.0725248387653326,24
2019-11-12,raw_pca_residual,raw_pca,raw_pca,14.0,2.6153791806491165,11.590155115267816,0.7354739656398976,24
2019-11-12,raw_pca_stabilized,raw_pca,raw_pca,14.0,2.6153791806491165,11.590155115267816,0.7354739656398976,24
2019-11-12,rmt_filtered_residual,rmt_filtered,rmt,1.0,2.6153791806491165,11.590155115267816,1.009034474663391,24
2019-11-12,rmt_filtered_conservative,rmt_filtered,rmt,1.0,2.6153791806491165,11.590155115267816,1.009034474663391,24
2019-11-13,sector_baseline,baseline,sector,0.0,0.0,0.0,0.6618955569068666,24
2019-11-13,raw_pca_residual,raw_pca,raw_pca,14.0,2.6153791806491165,11.70391625631765,0.5240894329292144,24
2019-11-13,raw_pca_stabilized,raw_pca,raw_pca,14.0,2.6153791806491165,11.70391625631765,0.5240894329292144,24
2019-11-13,rmt_filtered_residual,rmt_filtered,rmt,1.0,2.6153791806491165,11.70391625631765,0.8331298497800265,24
2019-11-13,rmt_filtered_conservative,rmt_filtered,rmt,1.0,2.6153791806491165,11.70391625631765,0.8331298497800265,24
2019-11-14,sector_baseline,baseline,sector,0.0,0.0,0.0,0.8298866957096352,24
2019-11-14,raw_pca_residual,raw_pca,raw_pca,14.0,2.6153791806491165,11.807853685329512,0.5907304868380706,24
2019-11-14,raw_pca_stabilized,raw_pca,raw_pca,14.0,2.6153791806491165,11.807853685329512,0.5907304868380706,24
2019-11-14,rmt_filtered_residual,rmt_filtered,rmt,1.0,2.6153791806491165,11.807853685329512,0.8527074789083257,24
2019-11-14,rmt_filtered_conservative,rmt_filtered,rmt,1.0,2.6153791806491165,11.807853685329512,0.8527074789083257,24
2019-11-15,sector_baseline,baseline,sector,0.0,0.0,0.0,0.8620050767827266,24
2019-11-15,raw_pca_residual,raw_pca,raw_pca,14.0,2.6153791806491165,11.435729443786952,0.5895451770652904,24
2019-11-15,raw_pca_stabilized,raw_pca,raw_pca,14.0,2.6153791806491165,11.435729443786952,0.5895451770652904,24
2019-11-15,rmt_filtered_residual,rmt_filtered,rmt,1.0,2.6153791806491165,11.435729443786952,0.938644766210459,24
2019-11-15,rmt_filtered_conservative,rmt_filtered,rmt,1.0,2.6153791806491165,11.435729443786952,0.938644766210459,24
2019-11-18,sector_baseline,baseline,sector,0.0,0.0,0.0,0.543721316285328,24
2019-11-18,raw_pca_residual,raw_pca,raw_pca,14.0,2.6153791806491165,11.420783584155636,0.936014799267792,24
2019-11-18,raw_pca_stabilized,raw_pca,raw_pca,14.0,2.6153791806491165,11.420783584155636,0.936014799267792,24
2019-11-18,rmt_filtered_residual,rmt_filtered,rmt,1.0,2.6153791806491165,11.420783584155636,0.8197603874807772,24
2019-11-18,rmt_filtered_conservative,rmt_filtered,rmt,1.0,2.6153791806491165,11.420783584155636,0.8197603874807772,24
2019-11-19,sector_baseline,baseline,sector,0.0,0.0,0.0,0.8138733556811818,24
2019-11-19,raw_pca_residual,raw_pca,raw_pca,14.0,2.6153791806491165,11.494259206967522,0.9270355898569157,24
2019-11-19,raw_pca_stabilized,raw_pca,raw_pca,14.0,2.6153791806491165,11.494259206967522,0.9270355898569157,24
2019-11-19,rmt_filtered_residual,rmt_filtered,rmt,1.0,2.6153791806491165,11.494259206967522,0.861358944441338,24
2019-11-19,rmt_filtered_conservative,rmt_filtered,rmt,1.0,2.6153791806491165,11.494259206967522,0.861358944441338,24
2019-11-20,sector_baseline,baseline,sector,0.0,0.0,0.0,0.6980895655568476,24
2019-11-20,raw_pca_residual,raw_pca,raw_pca,14.0,2.6153791806491165,11.361572101505026,1.0920516872514654,24
2019-11-20,raw_pca_stabilized,raw_pca,raw_pca,14.0,2.6153791806491165,11.361572101505026,1.0920516872514654,24
2019-11-20,rmt_filtered_residual,rmt_filtered,rmt,1.0,2.6153791806491165,11.361572101505026,0.794689600781663,24
2019-11-20,rmt_filtered_conservative,rmt_filtered,rmt,1.0,2.6153791806491165,11.361572101505026,0.794689600781663,24
2019-11-21,sector_baseline,baseline,sector,0.0,0.0,0.0,0.7885433103138054,24
2019-11-21,raw_pca_residual,raw_pca,raw_pca,14.0,2.6153791806491165,11.408411471843625,0.9780189639615754,24
2019-11-21,raw_pca_stabilized,raw_pca,raw_pca,14.0,2.6153791806491165,11.408411471843625,0.9780189639615754,24
2019-11-21,rmt_filtered_residual,rmt_filtered,rmt,1.0,2.6153791806491165,11.408411471843625,0.9009130693484924,24
2019-11-21,rmt_filtered_conservative,rmt_filtered,rmt,1.0,2.6153791806491165,11.408411471843625,0.9009130693484924,24
2019-11-22,sector_baseline,baseline,sector,0.0,0.0,0.0,0.8870405568340942,24
2019-11-22,raw_pca_residual,raw_pca,raw_pca,14.0,2.6153791806491165,11.838108435383925,0.9542723807736828,24
2019-11-22,raw_pca_stabilized,raw_pca,raw_pca,14.0,2.6153791806491165,11.838108435383925,0.9542723807736828,24
2019-11-22,rmt_filtered_residual,rmt_filtered,rmt,1.0,2.6153791806491165,11.838108435383925,0.7956970054679392,24
2019-11-22,rmt_filtered_conservative,rmt_filtered,rmt,1.0,2.6153791806491165,11.838108435383925,0.7956970054679392,24
2019-11-25,sector_baseline,baseline,sector,0.0,0.0,0.0,0.9311734702122451,24
2019-11-25,raw_pca_residual,raw_pca,raw_pca,14.0,2.6153791806491165,11.829743282042326,1.1639930238149307,24
2019-11-25,raw_pca_stabilized,raw_pca,raw_pca,14.0,2.6153791806491165,11.829743282042326,1.1639930238149307,24
2019-11-25,rmt_filtered_residual,rmt_filtered,rmt,1.0,2.6153791806491165,11.829743282042326,0.8865893066629184,24
2019-11-25,rmt_filtered_conservative,rmt_filtered,rmt,1.0,2.6153791806491165,11.829743282042326,0.8865893066629184,24
2019-11-26,sector_baseline,baseline,sector,0.0,0.0,0.0,1.1396057456595596,24
2019-11-26,raw_pca_residual,raw_pca,raw_pca,14.0,2.6153791806491165,12.068984007586128,0.4857621653932865,24
2019-11-26,raw_pca_stabilized,raw_pca,raw_pca,14.0,2.6153791806491165,12.068984007586128,0.4857621653932865,24
2019-11-26,rmt_filtered_residual,rmt_filtered,rmt,1.0,2.6153791806491165,12.068984007586128,1.0311833393943741,24
2019-11-26,rmt_filtered_conservative,rmt_filtered,rmt,1.0,2.6153791806491165,12.068984007586128,1.0311833393943741,24
2019-11-27,sector_baseline,baseline,sector,0.0,0.0,0.0,0.8431946102904692,24
2019-11-27,raw_pca_residual,raw_pca,raw_pca,14.0,2.6153791806491165,11.99539544520908,0.9363096291659844,24
2019-11-27,raw_pca_stabilized,raw_pca,raw_pca,14.0,2.6153791806491165,11.99539544520908,0.9363096291659844,24
2019-11-27,rmt_filtered_residual,rmt_filtered,rmt,1.0,2.6153791806491165,11.99539544520908,0.8246715064593705,24
2019-11-27,rmt_filtered_conservative,rmt_filtered,rmt,1.0,2.6153791806491165,11.99539544520908,0.8246715064593705,24
2019-11-28,sector_baseline,baseline,sector,0.0,0.0,0.0,1.0068413731374621,24
2019-11-28,raw_pca_residual,raw_pca,raw_pca,14.0,2.6153791806491165,11.963825658573752,0.9093275737004802,24
2019-11-28,raw_pca_stabilized,raw_pca,raw_pca,14.0,2.6153791806491165,11.963825658573752,0.9093275737004802,24
2019-11-28,rmt_filtered_residual,rmt_filtered,rmt,1.0,2.6153791806491165,11.963825658573752,0.8762896450265053,24
2019-11-28,rmt_filtered_conservative,rmt_filtered,rmt,1.0,2.6153791806491165,11.963825658573752,0.8762896450265053,24
2019-11-29,sector_baseline,baseline,sector,0.0,0.0,0.0,0.6232423134033173,24
2019-11-29,raw_pca_residual,raw_pca,raw_pca,14.0,2.6153791806491165,12.084353297839879,0.8407440545021284,24
2019-11-29,raw_pca_stabilized,raw_pca,raw_pca,14.0,2.6153791806491165,12.084353297839879,0.8407440545021284,24
2019-11-29,rmt_filtered_residual,rmt_filtered,rmt,1.0,2.6153791806491165,12.084353297839879,0.6765411039219744,24
2019-11-29,rmt_filtered_conservative,rmt_filtered,rmt,1.0,2.6153791806491165,12.084353297839879,0.6765411039219744,24
2019-12-02,sector_baseline,baseline,sector,0.0,0.0,0.0,0.7799534225628966,24
2019-12-02,raw_pca_residual,raw_pca,raw_pca,14.0,2.6153791806491165,11.664718551440583,0.5929229436681922,24
2019-12-02,raw_pca_stabilized,raw_pca,raw_pca,14.0,2.6153791806491165,11.664718551440583,0.5929229436681922,24
2019-12-02,rmt_filtered_residual,rmt_filtered,rmt,1.0,2.6153791806491165,11.664718551440583,0.8127336668824566,24
2019-12-02,rmt_filtered_conservative,rmt_filtered,rmt,1.0,2.6153791806491165,11.664718551440583,0.8127336668824566,24
2019-12-03,sector_baseline,baseline,sector,0.0,0.0,0.0,0.715857719521703,24
2019-12-03,raw_pca_residual,raw_pca,raw_pca,14.0,2.6153791806491165,11.397821559359159,0.7234893384471132,24
2019-12-03,raw_pca_stabilized,raw_pca,raw_pca,14.0,2.6153791806491165,11.397821559359159,0.7234893384471132,24
2019-12-03,rmt_filtered_residual,rmt_filtered,rmt,1.0,2.6153791806491165,11.397821559359159,0.7341982475381306,24
2019-12-03,rmt_filtered_conservative,rmt_filtered,rmt,1.0,2.6153791806491165,11.397821559359159,0.7341982475381306,24
2019-12-04,sector_baseline,baseline,sector,0.0,0.0,0.0,0.655962939451084,24
2019-12-04,raw_pca_residual,raw_pca,raw_pca,14.0,2.6153791806491165,11.515828227300208,1.1023784535043484,24
2019-12-04,raw_pca_stabilized,raw_pca,raw_pca,14.0,2.6153791806491165,11.515828227300208,1.1023784535043484,24
2019-12-04,rmt_filtered_residual,rmt_filtered,rmt,1.0,2.6153791806491165,11.515828227300208,0.6747509848623748,24
2019-12-04,rmt_filtered_conservative,rmt_filtered,rmt,1.0,2.6153791806491165,11.515828227300208,0.6747509848623748,24
2019-12-05,sector_baseline,baseline,sector,0.0,0.0,0.0,0.7960083098007903,24
2019-12-05,raw_pca_residual,raw_pca,raw_pca,14.0,2.6153791806491165,11.557851531117295,0.9218563808055341,24
2019-12-05,raw_pca_stabilized,raw_pca,raw_pca,14.0,2.6153791806491165,11.557851531117295,0.9218563808055341,24
2019-12-05,rmt_filtered_residual,rmt_filtered,rmt,1.0,2.6153791806491165,11.557851531117295,0.8572053144673747,24
2019-12-05,rmt_filtered_conservative,rmt_filtered,rmt,1.0,2.6153791806491165,11.557851531117295,0.8572053144673747,24
2019-12-06,sector_baseline,baseline,sector,0.0,0.0,0.0,0.7356329023500233,24
2019-12-06,raw_pca_residual,raw_pca,raw_pca,14.0,2.6153791806491165,11.592508159987872,0.6713002846255547,24
2019-12-06,raw_pca_stabilized,raw_pca,raw_pca,14.0,2.6153791806491165,11.592508159987872,0.6713002846255547,24
2019-12-06,rmt_filtered_residual,rmt_filtered,rmt,1.0,2.6153791806491165,11.592508159987872,0.6428097494793442,24
2019-12-06,rmt_filtered_conservative,rmt_filtered,rmt,1.0,2.6153791806491165,11.592508159987872,0.6428097494793442,24
2019-12-09,sector_baseline,baseline,sector,0.0,0.0,0.0,0.689204861624848,24
2019-12-09,raw_pca_residual,raw_pca,raw_pca,14.0,2.6153791806491165,11.701148697183795,0.6980604215786178,24
2019-12-09,raw_pca_stabilized,raw_pca,raw_pca,14.0,2.6153791806491165,11.701148697183795,0.6980604215786178,24
2019-12-09,rmt_filtered_residual,rmt_filtered,rmt,1.0,2.6153791806491165,11.701148697183795,0.6644305144850174,24
2019-12-09,rmt_filtered_conservative,rmt_filtered,rmt,1.0,2.6153791806491165,11.701148697183795,0.6644305144850174,24
2019-12-10,sector_baseline,baseline,sector,0.0,0.0,0.0,1.0244324321365121,24
2019-12-10,raw_pca_residual,raw_pca,raw_pca,14.0,2.6153791806491165,11.561888676069021,0.9156659882890933,24
2019-12-10,raw_pca_stabilized,raw_pca,raw_pca,14.0,2.6153791806491165,11.561888676069021,0.9156659882890933,24
2019-12-10,rmt_filtered_residual,rmt_filtered,rmt,1.0,2.6153791806491165,11.561888676069021,1.093590419131495,24
2019-12-10,rmt_filtered_conservative,rmt_filtered,rmt,1.0,2.6153791806491165,11.561888676069021,1.093590419131495,24
2019-12-11,sector_baseline,baseline,sector,0.0,0.0,0.0,0.7834456201674843,24
2019-12-11,raw_pca_residual,raw_pca,raw_pca,14.0,2.6153791806491165,11.422026344899889,0.8083988769629525,24
2019-12-11,raw_pca_stabilized,raw_pca,raw_pca,14.0,2.6153791806491165,11.422026344899889,0.8083988769629525,24
2019-12-11,rmt_filtered_residual,rmt_filtered,rmt,1.0,2.6153791806491165,11.422026344899889,0.8392894122771336,24
2019-12-11,rmt_filtered_conservative,rmt_filtered,rmt,1.0,2.6153791806491165,11.422026344899889,0.8392894122771336,24
2019-12-12,sector_baseline,baseline,sector,0.0,0.0,0.0,1.1651543501312693,24
2019-12-12,raw_pca_residual,raw_pca,raw_pca,14.0,2.6153791806491165,11.57917851102477,1.030314919276676,24
2019-12-12,raw_pca_stabilized,raw_pca,raw_pca,14.0,2.6153791806491165,11.57917851102477,1.030314919276676,24
2019-12-12,rmt_filtered_residual,rmt_filtered,rmt,1.0,2.6153791806491165,11.57917851102477,1.0561564142369224,24
2019-12-12,rmt_filtered_conservative,rmt_filtered,rmt,1.0,2.6153791806491165,11.57917851102477,1.0561564142369224,24
2019-12-13,sector_baseline,baseline,sector,0.0,0.0,0.0,0.7680169215384905,24
2019-12-13,raw_pca_residual,raw_pca,raw_pca,14.0,2.6153791806491165,11.565359769834856,1.0985311912516316,24
2019-12-13,raw_pca_stabilized,raw_pca,raw_pca,14.0,2.6153791806491165,11.565359769834856,1.0985311912516316,24
2019-12-13,rmt_filtered_residual,rmt_filtered,rmt,1.0,2.6153791806491165,11.565359769834856,0.7446835144361593,24
2019-12-13,rmt_filtered_conservative,rmt_filtered,rmt,1.0,2.6153791806491165,11.565359769834856,0.7446835144361593,24
2019-12-16,sector_baseline,baseline,sector,0.0,0.0,0.0,0.8994463389632047,24
2019-12-16,raw_pca_residual,raw_pca,raw_pca,14.0,2.6153791806491165,11.62100058088326,1.08940165211477,24
2019-12-16,raw_pca_stabilized,raw_pca,raw_pca,14.0,2.6153791806491165,11.62100058088326,1.08940165211477,24
2019-12-16,rmt_filtered_residual,rmt_filtered,rmt,1.0,2.6153791806491165,11.62100058088326,0.8501673682034072,24
2019-12-16,rmt_filtered_conservative,rmt_filtered,rmt,1.0,2.6153791806491165,11.62100058088326,0.8501673682034072,24
2019-12-17,sector_baseline,baseline,sector,0.0,0.0,0.0,0.8308934983178088,24
2019-12-17,raw_pca_residual,raw_pca,raw_pca,14.0,2.6153791806491165,11.587690015793132,0.8973947114545758,24
2019-12-17,raw_pca_stabilized,raw_pca,raw_pca,14.0,2.6153791806491165,11.587690015793132,0.8973947114545758,24
2019-12-17,rmt_filtered_residual,rmt_filtered,rmt,1.0,2.6153791806491165,11.587690015793132,0.8201397690866856,24
2019-12-17,rmt_filtered_conservative,rmt_filtered,rmt,1.0,2.6153791806491165,11.587690015793132,0.8201397690866856,24
2019-12-18,sector_baseline,baseline,sector,0.0,0.0,0.0,0.7283094910298874,24
2019-12-18,raw_pca_residual,raw_pca,raw_pca,14.0,2.6153791806491165,11.640523304306424,0.66081659187361,24
2019-12-18,raw_pca_stabilized,raw_pca,raw_pca,14.0,2.6153791806491165,11.640523304306424,0.66081659187361,24
2019-12-18,rmt_filtered_residual,rmt_filtered,rmt,1.0,2.6153791806491165,11.640523304306424,0.7799812675566892,24
2019-12-18,rmt_filtered_conservative,rmt_filtered,rmt,1.0,2.6153791806491165,11.640523304306424,0.7799812675566892,24
2019-12-19,sector_baseline,baseline,sector,0.0,0.0,0.0,0.9382478802768207,24
2019-12-19,raw_pca_residual,raw_pca,raw_pca,14.0,2.6153791806491165,11.518461011435244,1.0896207765185946,24
2019-12-19,raw_pca_stabilized,raw_pca,raw_pca,14.0,2.6153791806491165,11.518461011435244,1.0896207765185946,24
2019-12-19,rmt_filtered_residual,rmt_filtered,rmt,1.0,2.6153791806491165,11.518461011435244,0.9198603214296961,24
2019-12-19,rmt_filtered_conservative,rmt_filtered,rmt,1.0,2.6153791806491165,11.518461011435244,0.9198603214296961,24
2019-12-20,sector_baseline,baseline,sector,0.0,0.0,0.0,0.8180738583932645,24
2019-12-20,raw_pca_residual,raw_pca,raw_pca,14.0,2.6153791806491165,11.368998293619407,0.954943173348252,24
2019-12-20,raw_pca_stabilized,raw_pca,raw_pca,14.0,2.6153791806491165,11.368998293619407,0.954943173348252,24
2019-12-20,rmt_filtered_residual,rmt_filtered,rmt,1.0,2.6153791806491165,11.368998293619407,0.836293811637225,24
2019-12-20,rmt_filtered_conservative,rmt_filtered,rmt,1.0,2.6153791806491165,11.368998293619407,0.836293811637225,24
2019-12-23,sector_baseline,baseline,sector,0.0,0.0,0.0,0.8134776854939751,24
2019-12-23,raw_pca_residual,raw_pca,raw_pca,14.0,2.6153791806491165,11.450324350450575,0.6091661705014174,24
2019-12-23,raw_pca_stabilized,raw_pca,raw_pca,14.0,2.6153791806491165,11.450324350450575,0.6091661705014174,24
2019-12-23,rmt_filtered_residual,rmt_filtered,rmt,1.0,2.6153791806491165,11.450324350450575,0.7897700693463934,24
2019-12-23,rmt_filtered_conservative,rmt_filtered,rmt,1.0,2.6153791806491165,11.450324350450575,0.7897700693463934,24
2019-12-24,sector_baseline,baseline,sector,0.0,0.0,0.0,0.7039870205070206,24
2019-12-24,raw_pca_residual,raw_pca,raw_pca,14.0,2.6153791806491165,11.401917785154229,0.8680693039691537,24
2019-12-24,raw_pca_stabilized,raw_pca,raw_pca,14.0,2.6153791806491165,11.401917785154229,0.8680693039691537,24
2019-12-24,rmt_filtered_residual,rmt_filtered,rmt,1.0,2.6153791806491165,11.401917785154229,0.7456512106562935,24
2019-12-24,rmt_filtered_conservative,rmt_filtered,rmt,1.0,2.6153791806491165,11.401917785154229,0.7456512106562935,24
2019-12-25,sector_baseline,baseline,sector,0.0,0.0,0.0,0.9012868244857927,24
2019-12-25,raw_pca_residual,raw_pca,raw_pca,14.0,2.6153791806491165,11.542531295498845,0.9294865486679434,24
2019-12-25,raw_pca_stabilized,raw_pca,raw_pca,14.0,2.6153791806491165,11.542531295498845,0.9294865486679434,24
2019-12-25,rmt_filtered_residual,rmt_filtered,rmt,1.0,2.6153791806491165,11.542531295498845,0.919830610859589,24
2019-12-25,rmt_filtered_conservative,rmt_filtered,rmt,1.0,2.6153791806491165,11.542531295498845,0.919830610859589,24
2019-12-26,sector_baseline,baseline,sector,0.0,0.0,0.0,0.6851691341141765,24
2019-12-26,raw_pca_residual,raw_pca,raw_pca,14.0,2.6153791806491165,12.1168414869016,0.5764280909490542,24
2019-12-26,raw_pca_stabilized,raw_pca,raw_pca,14.0,2.6153791806491165,12.1168414869016,0.5764280909490542,24
2019-12-26,rmt_filtered_residual,rmt_filtered,rmt,1.0,2.6153791806491165,12.1168414869016,0.7215220441963767,24
2019-12-26,rmt_filtered_conservative,rmt_filtered,rmt,1.0,2.6153791806491165,12.1168414869016,0.7215220441963767,24
2019-12-27,sector_baseline,baseline,sector,0.0,0.0,0.0,0.6271104918652153,24
2019-12-27,raw_pca_residual,raw_pca,raw_pca,14.0,2.6153791806491165,12.185856319292295,0.7218857334138257,24
2019-12-27,raw_pca_stabilized,raw_pca,raw_pca,14.0,2.6153791806491165,12.185856319292295,0.7218857334138257,24
2019-12-27,rmt_filtered_residual,rmt_filtered,rmt,1.0,2.6153791806491165,12.185856319292295,0.655250186502837,24
2019-12-27,rmt_filtered_conservative,rmt_filtered,rmt,1.0,2.6153791806491165,12.185856319292295,0.655250186502837,24
2019-12-30,sector_baseline,baseline,sector,0.0,0.0,0.0,0.534392426039194,24
2019-12-30,raw_pca_residual,raw_pca,raw_pca,14.0,2.6153791806491165,11.971389709014383,0.7998878685260493,24
2019-12-30,raw_pca_stabilized,raw_pca,raw_pca,14.0,2.6153791806491165,11.971389709014383,0.7998878685260493,24
2019-12-30,rmt_filtered_residual,rmt_filtered,rmt,1.0,2.6153791806491165,11.971389709014383,0.6929840371718269,24
2019-12-30,rmt_filtered_conservative,rmt_filtered,rmt,1.0,2.6153791806491165,11.971389709014383,0.6929840371718269,24
2019-12-31,sector_baseline,baseline,sector,0.0,0.0,0.0,0.7464892233861108,24
2019-12-31,raw_pca_residual,raw_pca,raw_pca,14.0,2.6153791806491165,12.163031806510443,0.7342406245424012,24
2019-12-31,raw_pca_stabilized,raw_pca,raw_pca,14.0,2.6153791806491165,12.163031806510443,0.7342406245424012,24
2019-12-31,rmt_filtered_residual,rmt_filtered,rmt,1.0,2.6153791806491165,12.163031806510443,0.7307540536077273,24
2019-12-31,rmt_filtered_conservative,rmt_filtered,rmt,1.0,2.6153791806491165,12.163031806510443,0.7307540536077273,24
2020-01-01,sector_baseline,baseline,sector,0.0,0.0,0.0,0.6043332424257463,24
2020-01-01,raw_pca_residual,raw_pca,raw_pca,14.0,2.6153791806491165,12.030620215226552,0.5623605771600156,24
2020-01-01,raw_pca_stabilized,raw_pca,raw_pca,14.0,2.6153791806491165,12.030620215226552,0.5623605771600156,24
2020-01-01,rmt_filtered_residual,rmt_filtered,rmt,1.0,2.6153791806491165,12.030620215226552,0.6135057343122606,24
2020-01-01,rmt_filtered_conservative,rmt_filtered,rmt,1.0,2.6153791806491165,12.030620215226552,0.6135057343122606,24
2020-01-02,sector_baseline,baseline,sector,0.0,0.0,0.0,0.955195320702793,24
2020-01-02,raw_pca_residual,raw_pca,raw_pca,14.0,2.6153791806491165,12.026134776412656,0.7750971098625185,24
2020-01-02,raw_pca_stabilized,raw_pca,raw_pca,14.0,2.6153791806491165,12.026134776412656,0.7750971098625185,24
2020-01-02,rmt_filtered_residual,rmt_filtered,rmt,1.0,2.6153791806491165,12.026134776412656,0.8796423123816806,24
2020-01-02,rmt_filtered_conservative,rmt_filtered,rmt,1.0,2.6153791806491165,12.026134776412656,0.8796423123816806,24
2020-01-03,sector_baseline,baseline,sector,0.0,0.0,0.0,0.7924474502139406,24
2020-01-03,raw_pca_residual,raw_pca,raw_pca,14.0,2.6153791806491165,11.912083579989002,0.5676342179205714,24
2020-01-03,raw_pca_stabilized,raw_pca,raw_pca,14.0,2.6153791806491165,11.912083579989002,0.5676342179205714,24
2020-01-03,rmt_filtered_residual,rmt_filtered,rmt,1.0,2.6153791806491165,11.912083579989002,0.8412090362092952,24
2020-01-03,rmt_filtered_conservative,rmt_filtered,rmt,1.0,2.6153791806491165,11.912083579989002,0.8412090362092952,24
2020-01-06,sector_baseline,baseline,sector,0.0,0.0,0.0,0.7694270964809858,24
2020-01-06,raw_pca_residual,raw_pca,raw_pca,14.0,2.6153791806491165,11.614548302578436,0.7630179641739282,24
2020-01-06,raw_pca_stabilized,raw_pca,raw_pca,14.0,2.6153791806491165,11.614548302578436,0.7630179641739282,24
2020-01-06,rmt_filtered_residual,rmt_filtered,rmt,1.0,2.6153791806491165,11.614548302578436,0.7536908119049239,24
2020-01-06,rmt_filtered_conservative,rmt_filtered,rmt,1.0,2.6153791806491165,11.614548302578436,0.7536908119049239,24
2020-01-07,sector_baseline,baseline,sector,0.0,0.0,0.0,0.862304094448521,24
2020-01-07,raw_pca_residual,raw_pca,raw_pca,14.0,2.6153791806491165,11.884297202137722,0.6057407676444396,24
2020-01-07,raw_pca_stabilized,raw_pca,raw_pca,14.0,2.6153791806491165,11.884297202137722,0.6057407676444396,24
2020-01-07,rmt_filtered_residual,rmt_filtered,rmt,1.0,2.6153791806491165,11.884297202137722,0.8110664984129871,24
2020-01-07,rmt_filtered_conservative,rmt_filtered,rmt,1.0,2.6153791806491165,11.884297202137722,0.8110664984129871,24
2020-01-08,sector_baseline,baseline,sector,0.0,0.0,0.0,0.7130599940576294,24
2020-01-08,raw_pca_residual,raw_pca,raw_pca,14.0,2.6153791806491165,11.96489393138662,0.6587086911411774,24
2020-01-08,raw_pca_stabilized,raw_pca,raw_pca,14.0,2.6153791806491165,11.96489393138662,0.6587086911411774,24
2020-01-08,rmt_filtered_residual,rmt_filtered,rmt,1.0,2.6153791806491165,11.96489393138662,0.7001061047857672,24
2020-01-08,rmt_filtered_conservative,rmt_filtered,rmt,1.0,2.6153791806491165,11.96489393138662,0.7001061047857672,24
2020-01-09,sector_baseline,baseline,sector,0.0,0.0,0.0,0.7425194646122312,24
2020-01-09,raw_pca_residual,raw_pca,raw_pca,14.0,2.6153791806491165,11.948837987299422,0.4669590894844178,24
2020-01-09,raw_pca_stabilized,raw_pca,raw_pca,14.0,2.6153791806491165,11.948837987299422,0.4669590894844178,24
2020-01-09,rmt_filtered_residual,rmt_filtered,rmt,1.0,2.6153791806491165,11.948837987299422,0.7697739904842303,24
2020-01-09,rmt_filtered_conservative,rmt_filtered,rmt,1.0,2.6153791806491165,11.948837987299422,0.7697739904842303,24
2020-01-10,sector_baseline,baseline,sector,0.0,0.0,0.0,0.6919315837677101,24
2020-01-10,raw_pca_residual,raw_pca,raw_pca,14.0,2.6153791806491165,11.873466374581756,0.5926382171790923,24
2020-01-10,raw_pca_stabilized,raw_pca,raw_pca,14.0,2.6153791806491165,11.873466374581756,0.5926382171790923,24
2020-01-10,rmt_filtered_residual,rmt_filtered,rmt,1.0,2.6153791806491165,11.873466374581756,0.7144842165790909,24
2020-01-10,rmt_filtered_conservative,rmt_filtered,rmt,1.0,2.6153791806491165,11.873466374581756,0.7144842165790909,24
2020-01-13,sector_baseline,baseline,sector,0.0,0.0,0.0,0.7074171465324771,24
2020-01-13,raw_pca_residual,raw_pca,raw_pca,14.0,2.6153791806491165,11.861950869504158,0.992568023694051,24
2020-01-13,raw_pca_stabilized,raw_pca,raw_pca,14.0,2.6153791806491165,11.861950869504158,0.992568023694051,24
2020-01-13,rmt_filtered_residual,rmt_filtered,rmt,1.0,2.6153791806491165,11.861950869504158,0.7975167824789042,24
2020-01-13,rmt_filtered_conservative,rmt_filtered,rmt,1.0,2.6153791806491165,11.861950869504158,0.7975167824789042,24
2020-01-14,sector_baseline,baseline,sector,0.0,0.0,0.0,0.7596803744183703,24
2020-01-14,raw_pca_residual,raw_pca,raw_pca,14.0,2.6153791806491165,12.026901961195922,0.7380650101607534,24
2020-01-14,raw_pca_stabilized,raw_pca,raw_pca,14.0,2.6153791806491165,12.026901961195922,0.7380650101607534,24
2020-01-14,rmt_filtered_residual,rmt_filtered,rmt,1.0,2.6153791806491165,12.026901961195922,0.8652364635836282,24
2020-01-14,rmt_filtered_conservative,rmt_filtered,rmt,1.0,2.6153791806491165,12.026901961195922,0.8652364635836282,24
2020-01-15,sector_baseline,baseline,sector,0.0,0.0,0.0,0.8879786987035369,24
2020-01-15,raw_pca_residual,raw_pca,raw_pca,14.0,2.6153791806491165,12.002186333137526,0.7079324876168273,24
2020-01-15,raw_pca_stabilized,raw_pca,raw_pca,14.0,2.6153791806491165,12.002186333137526,0.7079324876168273,24
2020-01-15,rmt_filtered_residual,rmt_filtered,rmt,1.0,2.6153791806491165,12.002186333137526,0.7828253318290206,24
2020-01-15,rmt_filtered_conservative,rmt_filtered,rmt,1.0,2.6153791806491165,12.002186333137526,0.7828253318290206,24
2020-01-16,sector_baseline,baseline,sector,0.0,0.0,0.0,0.6451706442149198,24
2020-01-16,raw_pca_residual,raw_pca,raw_pca,14.0,2.6153791806491165,11.928065576738181,0.6675861484828941,24
2020-01-16,raw_pca_stabilized,raw_pca,raw_pca,14.0,2.6153791806491165,11.928065576738181,0.6675861484828941,24
2020-01-16,rmt_filtered_residual,rmt_filtered,rmt,1.0,2.6153791806491165,11.928065576738181,0.6911109281202353,24
2020-01-16,rmt_filtered_conservative,rmt_filtered,rmt,1.0,2.6153791806491165,11.928065576738181,0.6911109281202353,24
2020-01-17,sector_baseline,baseline,sector,0.0,0.0,0.0,0.8694353558761012,24
2020-01-17,raw_pca_residual,raw_pca,raw_pca,14.0,2.6153791806491165,11.853642391130881,0.8999691075472201,24
2020-01-17,raw_pca_stabilized,raw_pca,raw_pca,14.0,2.6153791806491165,11.853642391130881,0.8999691075472201,24
2020-01-17,rmt_filtered_residual,rmt_filtered,rmt,1.0,2.6153791806491165,11.853642391130881,0.8337350826256303,24
2020-01-17,rmt_filtered_conservative,rmt_filtered,rmt,1.0,2.6153791806491165,11.853642391130881,0.8337350826256303,24
2020-01-20,sector_baseline,baseline,sector,0.0,0.0,0.0,0.8271926838640699,24
2020-01-20,raw_pca_residual,raw_pca,raw_pca,14.0,2.6153791806491165,12.373044997609735,0.49306475130013033,24
2020-01-20,raw_pca_stabilized,raw_pca,raw_pca,14.0,2.6153791806491165,12.373044997609735,0.49306475130013033,24
2020-01-20,rmt_filtered_residual,rmt_filtered,rmt,1.0,2.6153791806491165,12.373044997609735,0.9371591948287953,24
2020-01-20,rmt_filtered_conservative,rmt_filtered,rmt,1.0,2.6153791806491165,12.373044997609735,0.9371591948287953,24
2020-01-21,sector_baseline,baseline,sector,0.0,0.0,0.0,0.700256572514793,24
2020-01-21,raw_pca_residual,raw_pca,raw_pca,14.0,2.6153791806491165,12.397955413790259,0.6919983931933803,24
2020-01-21,raw_pca_stabilized,raw_pca,raw_pca,14.0,2.6153791806491165,12.397955413790259,0.6919983931933803,24
2020-01-21,rmt_filtered_residual,rmt_filtered,rmt,1.0,2.6153791806491165,12.397955413790259,0.811549644611491,24
2020-01-21,rmt_filtered_conservative,rmt_filtered,rmt,1.0,2.6153791806491165,12.397955413790259,0.811549644611491,24
2020-01-22,sector_baseline,baseline,sector,0.0,0.0,0.0,0.5776772012672816,24
2020-01-22,raw_pca_residual,raw_pca,raw_pca,14.0,2.6153791806491165,12.447911342362307,0.9394003027362277,24
2020-01-22,raw_pca_stabilized,raw_pca,raw_pca,14.0,2.6153791806491165,12.447911342362307,0.9394003027362277,24
2020-01-22,rmt_filtered_residual,rmt_filtered,rmt,1.0,2.6153791806491165,12.447911342362307,0.6415000961895502,24
2020-01-22,rmt_filtered_conservative,rmt_filtered,rmt,1.0,2.6153791806491165,12.447911342362307,0.6415000961895502,24
2020-01-23,sector_baseline,baseline,sector,0.0,0.0,0.0,0.7141256572606132,24
2020-01-23,raw_pca_residual,raw_pca,raw_pca,14.0,2.6153791806491165,12.608552680104676,0.5755520900283798,24
2020-01-23,raw_pca_stabilized,raw_pca,raw_pca,14.0,2.6153791806491165,12.608552680104676,0.5755520900283798,24
2020-01-23,rmt_filtered_residual,rmt_filtered,rmt,1.0,2.6153791806491165,12.608552680104676,0.607440847417485,24
2020-01-23,rmt_filtered_conservative,rmt_filtered,rmt,1.0,2.6153791806491165,12.608552680104676,0.607440847417485,24
2020-01-24,sector_baseline,baseline,sector,0.0,0.0,0.0,0.9586439914451509,24
2020-01-24,raw_pca_residual,raw_pca,raw_pca,14.0,2.6153791806491165,12.61037145535498,0.6867697151532367,24
2020-01-24,raw_pca_stabilized,raw_pca,raw_pca,14.0,2.6153791806491165,12.61037145535498,0.6867697151532367,24
2020-01-24,rmt_filtered_residual,rmt_filtered,rmt,1.0,2.6153791806491165,12.61037145535498,1.0111993266858925,24
2020-01-24,rmt_filtered_conservative,rmt_filtered,rmt,1.0,2.6153791806491165,12.61037145535498,1.0111993266858925,24
2020-01-27,sector_baseline,baseline,sector,0.0,0.0,0.0,0.7206443675203822,24
2020-01-27,raw_pca_residual,raw_pca,raw_pca,14.0,2.6153791806491165,12.587735476320828,0.8258324012739089,24
2020-01-27,raw_pca_stabilized,raw_pca,raw_pca,14.0,2.6153791806491165,12.587735476320828,0.8258324012739089,24
2020-01-27,rmt_filtered_residual,rmt_filtered,rmt,1.0,2.6153791806491165,12.587735476320828,0.8054911584177096,24
2020-01-27,rmt_filtered_conservative,rmt_filtered,rmt,1.0,2.6153791806491165,12.587735476320828,0.8054911584177096,24
2020-01-28,sector_baseline,baseline,sector,0.0,0.0,0.0,0.744792000125983,24
2020-01-28,raw_pca_residual,raw_pca,raw_pca,14.0,2.6153791806491165,12.763678364258114,0.9920748533985423,24
2020-01-28,raw_pca_stabilized,raw_pca,raw_pca,14.0,2.6153791806491165,12.763678364258114,0.9920748533985423,24
2020-01-28,rmt_filtered_residual,rmt_filtered,rmt,1.0,2.6153791806491165,12.763678364258114,0.7967439129605989,24
2020-01-28,rmt_filtered_conservative,rmt_filtered,rmt,1.0,2.6153791806491165,12.763678364258114,0.7967439129605989,24
2020-01-29,sector_baseline,baseline,sector,0.0,0.0,0.0,0.8673541024289625,24
2020-01-29,raw_pca_residual,raw_pca,raw_pca,14.0,2.6153791806491165,13.340641057362774,0.7810974897115192,24
2020-01-29,raw_pca_stabilized,raw_pca,raw_pca,14.0,2.6153791806491165,13.340641057362774,0.7810974897115192,24
2020-01-29,rmt_filtered_residual,rmt_filtered,rmt,1.0,2.6153791806491165,13.340641057362774,0.7556265381810224,24
2020-01-29,rmt_filtered_conservative,rmt_filtered,rmt,1.0,2.6153791806491165,13.340641057362774,0.7556265381810224,24
2020-01-30,sector_baseline,baseline,sector,0.0,0.0,0.0,1.060349880049546,24
2020-01-30,raw_pca_residual,raw_pca,raw_pca,14.0,2.6153791806491165,13.078080360582375,1.19368639282947,24
2020-01-30,raw_pca_stabilized,raw_pca,raw_pca,14.0,2.6153791806491165,13.078080360582375,1.19368639282947,24
2020-01-30,rmt_filtered_residual,rmt_filtered,rmt,1.0,2.6153791806491165,13.078080360582375,1.0140499286799936,24
2020-01-30,rmt_filtered_conservative,rmt_filtered,rmt,1.0,2.6153791806491165,13.078080360582375,1.0140499286799936,24
2020-01-31,sector_baseline,baseline,sector,0.0,0.0,0.0,0.9157875850557927,24
2020-01-31,raw_pca_residual,raw_pca,raw_pca,14.0,2.6153791806491165,13.070022729104892,0.9445325548065494,24
2020-01-31,raw_pca_stabilized,raw_pca,raw_pca,14.0,2.6153791806491165,13.070022729104892,0.9445325548065494,24
2020-01-31,rmt_filtered_residual,rmt_filtered,rmt,1.0,2.6153791806491165,13.070022729104892,0.8660781656852973,24
2020-01-31,rmt_filtered_conservative,rmt_filtered,rmt,1.0,2.6153791806491165,13.070022729104892,0.8660781656852973,24
2020-02-03,sector_baseline,baseline,sector,0.0,0.0,0.0,0.9057731710455995,24
2020-02-03,raw_pca_residual,raw_pca,raw_pca,14.0,2.6153791806491165,13.06719821510065,0.8152319052004814,24
2020-02-03,raw_pca_stabilized,raw_pca,raw_pca,14.0,2.6153791806491165,13.06719821510065,0.8152319052004814,24
2020-02-03,rmt_filtered_residual,rmt_filtered,rmt,1.0,2.6153791806491165,13.06719821510065,0.9863041073904396,24
2020-02-03,rmt_filtered_conservative,rmt_filtered,rmt,1.0,2.6153791806491165,13.06719821510065,0.9863041073904396,24
2020-02-04,sector_baseline,baseline,sector,0.0,0.0,0.0,0.6382717044988669,24
2020-02-04,raw_pca_residual,raw_pca,raw_pca,14.0,2.6153791806491165,13.17727705361569,0.5806089766821473,24
2020-02-04,raw_pca_stabilized,raw_pca,raw_pca,14.0,2.6153791806491165,13.17727705361569,0.5806089766821473,24
2020-02-04,rmt_filtered_residual,rmt_filtered,rmt,1.0,2.6153791806491165,13.17727705361569,0.771986288593529,24
2020-02-04,rmt_filtered_conservative,rmt_filtered,rmt,1.0,2.6153791806491165,13.17727705361569,0.771986288593529,24
2020-02-05,sector_baseline,baseline,sector,0.0,0.0,0.0,0.9436806354835138,24
2020-02-05,raw_pca_residual,raw_pca,raw_pca,14.0,2.6153791806491165,13.247233780024404,1.0639456897623614,24
2020-02-05,raw_pca_stabilized,raw_pca,raw_pca,14.0,2.6153791806491165,13.247233780024404,1.0639456897623614,24
2020-02-05,rmt_filtered_residual,rmt_filtered,rmt,1.0,2.6153791806491165,13.247233780024404,0.8533273645623449,24
2020-02-05,rmt_filtered_conservative,rmt_filtered,rmt,1.0,2.6153791806491165,13.247233780024404,0.8533273645623449,24
2020-02-06,sector_baseline,baseline,sector,0.0,0.0,0.0,1.01343423130015,24
2020-02-06,raw_pca_residual,raw_pca,raw_pca,14.0,2.6153791806491165,13.196090176232252,0.8280432980201823,24
2020-02-06,raw_pca_stabilized,raw_pca,raw_pca,14.0,2.6153791806491165,13.196090176232252,0.8280432980201823,24
2020-02-06,rmt_filtered_residual,rmt_filtered,rmt,1.0,2.6153791806491165,13.196090176232252,1.097321726488581,24
2020-02-06,rmt_filtered_conservative,rmt_filtered,rmt,1.0,2.6153791806491165,13.196090176232252,1.097321726488581,24
2020-02-07,sector_baseline,baseline,sector,0.0,0.0,0.0,0.9270957185746918,24
2020-02-07,raw_pca_residual,raw_pca,raw_pca,14.0,2.6153791806491165,13.315452924505824,1.093426146593095,24
2020-02-07,raw_pca_stabilized,raw_pca,raw_pca,14.0,2.6153791806491165,13.315452924505824,1.093426146593095,24
2020-02-07,rmt_filtered_residual,rmt_filtered,rmt,1.0,2.6153791806491165,13.315452924505824,0.7690217538062951,24
2020-02-07,rmt_filtered_conservative,rmt_filtered,rmt,1.0,2.6153791806491165,13.315452924505824,0.7690217538062951,24
2020-02-10,sector_baseline,baseline,sector,0.0,0.0,0.0,0.7798739564943661,24
2020-02-10,raw_pca_residual,raw_pca,raw_pca,14.0,2.6153791806491165,13.353369898450088,0.8222195116971008,24
2020-02-10,raw_pca_stabilized,raw_pca,raw_pca,14.0,2.6153791806491165,13.353369898450088,0.8222195116971008,24
2020-02-10,rmt_filtered_residual,rmt_filtered,rmt,1.0,2.6153791806491165,13.353369898450088,0.7454640271055427,24
2020-02-10,rmt_filtered_conservative,rmt_filtered,rmt,1.0,2.6153791806491165,13.353369898450088,0.7454640271055427,24
2020-02-11,sector_baseline,baseline,sector,0.0,0.0,0.0,0.7680654277394394,24
2020-02-11,raw_pca_residual,raw_pca,raw_pca,14.0,2.6153791806491165,13.3388430311681,0.6603315291086441,24
2020-02-11,raw_pca_stabilized,raw_pca,raw_pca,14.0,2.6153791806491165,13.3388430311681,0.6603315291086441,24
2020-02-11,rmt_filtered_residual,rmt_filtered,rmt,1.0,2.6153791806491165,13.3388430311681,0.9734097623030072,24
2020-02-11,rmt_filtered_conservative,rmt_filtered,rmt,1.0,2.6153791806491165,13.3388430311681,0.9734097623030072,24
2020-02-12,sector_baseline,baseline,sector,0.0,0.0,0.0,0.7178141107439718,24
2020-02-12,raw_pca_residual,raw_pca,raw_pca,14.0,2.6153791806491165,13.365786575449224,0.8332453874351126,24
2020-02-12,raw_pca_stabilized,raw_pca,raw_pca,14.0,2.6153791806491165,13.365786575449224,0.8332453874351126,24
2020-02-12,rmt_filtered_residual,rmt_filtered,rmt,1.0,2.6153791806491165,13.365786575449224,0.7041822559155624,24
2020-02-12,rmt_filtered_conservative,rmt_filtered,rmt,1.0,2.6153791806491165,13.365786575449224,0.7041822559155624,24
2020-02-13,sector_baseline,baseline,sector,0.0,0.0,0.0,0.5949303035795857,24
2020-02-13,raw_pca_residual,raw_pca,raw_pca,14.0,2.6153791806491165,13.80841814607264,0.8053324057453852,24
2020-02-13,raw_pca_stabilized,raw_pca,raw_pca,14.0,2.6153791806491165,13.80841814607264,0.8053324057453852,24
2020-02-13,rmt_filtered_residual,rmt_filtered,rmt,1.0,2.6153791806491165,13.80841814607264,0.6272849624433144,24
2020-02-13,rmt_filtered_conservative,rmt_filtered,rmt,1.0,2.6153791806491165,13.80841814607264,0.6272849624433144,24
2020-02-14,sector_baseline,baseline,sector,0.0,0.0,0.0,1.0531416761004215,24
2020-02-14,raw_pca_residual,raw_pca,raw_pca,14.0,2.6153791806491165,13.948424515980443,1.0093012861544703,24
2020-02-14,raw_pca_stabilized,raw_pca,raw_pca,14.0,2.6153791806491165,13.948424515980443,1.0093012861544703,24
2020-02-14,rmt_filtered_residual,rmt_filtered,rmt,1.0,2.6153791806491165,13.948424515980443,0.9783255647815867,24
2020-02-14,rmt_filtered_conservative,rmt_filtered,rmt,1.0,2.6153791806491165,13.948424515980443,0.9783255647815867,24
2020-02-17,sector_baseline,baseline,sector,0.0,0.0,0.0,0.842891848132319,24
2020-02-17,raw_pca_residual,raw_pca,raw_pca,14.0,2.6153791806491165,13.903683227579764,0.5763195306102818,24
2020-02-17,raw_pca_stabilized,raw_pca,raw_pca,14.0,2.6153791806491165,13.903683227579764,0.5763195306102818,24
2020-02-17,rmt_filtered_residual,rmt_filtered,rmt,1.0,2.6153791806491165,13.903683227579764,0.8359805494023531,24
2020-02-17,rmt_filtered_conservative,rmt_filtered,rmt,1.0,2.6153791806491165,13.903683227579764,0.8359805494023531,24
2020-02-18,sector_baseline,baseline,sector,0.0,0.0,0.0,0.7212581581966947,24
2020-02-18,raw_pca_residual,raw_pca,raw_pca,14.0,2.6153791806491165,13.90378627624556,0.7874588435787881,24
2020-02-18,raw_pca_stabilized,raw_pca,raw_pca,14.0,2.6153791806491165,13.90378627624556,0.7874588435787881,24
2020-02-18,rmt_filtered_residual,rmt_filtered,rmt,1.0,2.6153791806491165,13.90378627624556,0.8114787577239566,24
2020-02-18,rmt_filtered_conservative,rmt_filtered,rmt,1.0,2.6153791806491165,13.90378627624556,0.8114787577239566,24
2020-02-19,sector_baseline,baseline,sector,0.0,0.0,0.0,0.8174206289588676,24
2020-02-19,raw_pca_residual,raw_pca,raw_pca,14.0,2.6153791806491165,13.810728497515989,0.7204985404657291,24
2020-02-19,raw_pca_stabilized,raw_pca,raw_pca,14.0,2.6153791806491165,13.810728497515989,0.7204985404657291,24
2020-02-19,rmt_filtered_residual,rmt_filtered,rmt,1.0,2.6153791806491165,13.810728497515989,0.8243242270929437,24
2020-02-19,rmt_filtered_conservative,rmt_filtered,rmt,1.0,2.6153791806491165,13.810728497515989,0.8243242270929437,24
2020-02-20,sector_baseline,baseline,sector,0.0,0.0,0.0,0.6803370803463041,24
2020-02-20,raw_pca_residual,raw_pca,raw_pca,14.0,2.6153791806491165,13.798543007018745,0.651547374943937,24
2020-02-20,raw_pca_stabilized,raw_pca,raw_pca,14.0,2.6153791806491165,13.798543007018745,0.651547374943937,24
2020-02-20,rmt_filtered_residual,rmt_filtered,rmt,1.0,2.6153791806491165,13.798543007018745,0.7258383715033113,24
2020-02-20,rmt_filtered_conservative,rmt_filtered,rmt,1.0,2.6153791806491165,13.798543007018745,0.7258383715033113,24
2020-02-21,sector_baseline,baseline,sector,0.0,0.0,0.0,0.5310889360722971,24
2020-02-21,raw_pca_residual,raw_pca,raw_pca,14.0,2.6153791806491165,13.65227229171333,0.9248762640143035,24
2020-02-21,raw_pca_stabilized,raw_pca,raw_pca,14.0,2.6153791806491165,13.65227229171333,0.9248762640143035,24
2020-02-21,rmt_filtered_residual,rmt_filtered,rmt,1.0,2.6153791806491165,13.65227229171333,0.7589558024189893,24
2020-02-21,rmt_filtered_conservative,rmt_filtered,rmt,1.0,2.6153791806491165,13.65227229171333,0.7589558024189893,24
2020-02-24,sector_baseline,baseline,sector,0.0,0.0,0.0,0.7225528919284695,24
2020-02-24,raw_pca_residual,raw_pca,raw_pca,14.0,2.6153791806491165,13.762894001806306,0.9420120041108125,24
2020-02-24,raw_pca_stabilized,raw_pca,raw_pca,14.0,2.6153791806491165,13.762894001806306,0.9420120041108125,24
2020-02-24,rmt_filtered_residual,rmt_filtered,rmt,1.0,2.6153791806491165,13.762894001806306,0.6136317828675713,24
2020-02-24,rmt_filtered_conservative,rmt_filtered,rmt,1.0,2.6153791806491165,13.762894001806306,0.6136317828675713,24
2020-02-25,sector_baseline,baseline,sector,0.0,0.0,0.0,0.7496132037562903,24
2020-02-25,raw_pca_residual,raw_pca,raw_pca,14.0,2.6153791806491165,13.769805222896684,0.6688912241329064,24
2020-02-25,raw_pca_stabilized,raw_pca,raw_pca,14.0,2.6153791806491165,13.769805222896684,0.6688912241329064,24
2020-02-25,rmt_filtered_residual,rmt_filtered,rmt,1.0,2.6153791806491165,13.769805222896684,0.855959117855277,24
2020-02-25,rmt_filtered_conservative,rmt_filtered,rmt,1.0,2.6153791806491165,13.769805222896684,0.855959117855277,24
2020-02-26,sector_baseline,baseline,sector,0.0,0.0,0.0,0.7990718848567373,24
2020-02-26,raw_pca_residual,raw_pca,raw_pca,14.0,2.6153791806491165,13.631301146959684,0.8014721198466993,24
2020-02-26,raw_pca_stabilized,raw_pca,raw_pca,14.0,2.6153791806491165,13.631301146959684,0.8014721198466993,24
2020-02-26,rmt_filtered_residual,rmt_filtered,rmt,1.0,2.6153791806491165,13.631301146959684,0.8171155579474391,24
2020-02-26,rmt_filtered_conservative,rmt_filtered,rmt,1.0,2.6153791806491165,13.631301146959684,0.8171155579474391,24
2020-02-27,sector_baseline,baseline,sector,0.0,0.0,0.0,0.8190883784106487,24
2020-02-27,raw_pca_residual,raw_pca,raw_pca,14.0,2.6153791806491165,13.630264731296014,1.0748683306463167,24
2020-02-27,raw_pca_stabilized,raw_pca,raw_pca,14.0,2.6153791806491165,13.630264731296014,1.0748683306463167,24
2020-02-27,rmt_filtered_residual,rmt_filtered,rmt,1.0,2.6153791806491165,13.630264731296014,0.8482187892428624,24
2020-02-27,rmt_filtered_conservative,rmt_filtered,rmt,1.0,2.6153791806491165,13.630264731296014,0.8482187892428624,24
2020-02-28,sector_baseline,baseline,sector,0.0,0.0,0.0,0.6823881262589134,24
2020-02-28,raw_pca_residual,raw_pca,raw_pca,14.0,2.6153791806491165,13.828135643306824,0.6250792116926202,24
2020-02-28,raw_pca_stabilized,raw_pca,raw_pca,14.0,2.6153791806491165,13.828135643306824,0.6250792116926202,24
2020-02-28,rmt_filtered_residual,rmt_filtered,rmt,1.0,2.6153791806491165,13.828135643306824,0.7324774654821847,24
2020-02-28,rmt_filtered_conservative,rmt_filtered,rmt,1.0,2.6153791806491165,13.828135643306824,0.7324774654821847,24
2020-03-02,sector_baseline,baseline,sector,0.0,0.0,0.0,0.9425106328932987,24
2020-03-02,raw_pca_residual,raw_pca,raw_pca,14.0,2.6153791806491165,13.99938378979531,1.0090076860227268,24
2020-03-02,raw_pca_stabilized,raw_pca,raw_pca,14.0,2.6153791806491165,13.99938378979531,1.0090076860227268,24
2020-03-02,rmt_filtered_residual,rmt_filtered,rmt,1.0,2.6153791806491165,13.99938378979531,0.7969488020410104,24
2020-03-02,rmt_filtered_conservative,rmt_filtered,rmt,1.0,2.6153791806491165,13.99938378979531,0.7969488020410104,24
2020-03-03,sector_baseline,baseline,sector,0.0,0.0,0.0,0.6956725101862088,24
2020-03-03,raw_pca_residual,raw_pca,raw_pca,14.0,2.6153791806491165,13.951275561994748,1.118189122566388,24
2020-03-03,raw_pca_stabilized,raw_pca,raw_pca,14.0,2.6153791806491165,13.951275561994748,1.118189122566388,24
2020-03-03,rmt_filtered_residual,rmt_filtered,rmt,1.0,2.6153791806491165,13.951275561994748,0.6768540148277326,24
2020-03-03,rmt_filtered_conservative,rmt_filtered,rmt,1.0,2.6153791806491165,13.951275561994748,0.6768540148277326,24
2020-03-04,sector_baseline,baseline,sector,0.0,0.0,0.0,0.9621788248749735,24
2020-03-04,raw_pca_residual,raw_pca,raw_pca,14.0,2.6153791806491165,14.058117336144884,0.9684243487160576,24
2020-03-04,raw_pca_stabilized,raw_pca,raw_pca,14.0,2.6153791806491165,14.058117336144884,0.9684243487160576,24
2020-03-04,rmt_filtered_residual,rmt_filtered,rmt,1.0,2.6153791806491165,14.058117336144884,0.8515418300083631,24
2020-03-04,rmt_filtered_conservative,rmt_filtered,rmt,1.0,2.6153791806491165,14.058117336144884,0.8515418300083631,24
2020-03-05,sector_baseline,baseline,sector,0.0,0.0,0.0,0.731865615048482,24
2020-03-05,raw_pca_residual,raw_pca,raw_pca,14.0,2.6153791806491165,14.460458446212673,0.8213017263072105,24
2020-03-05,raw_pca_stabilized,raw_pca,raw_pca,14.0,2.6153791806491165,14.460458446212673,0.8213017263072105,24
2020-03-05,rmt_filtered_residual,rmt_filtered,rmt,1.0,2.6153791806491165,14.460458446212673,0.7457137513375454,24
2020-03-05,rmt_filtered_conservative,rmt_filtered,rmt,1.0,2.6153791806491165,14.460458446212673,0.7457137513375454,24
2020-03-06,sector_baseline,baseline,sector,0.0,0.0,0.0,1.0251992405685784,24
2020-03-06,raw_pca_residual,raw_pca,raw_pca,14.0,2.6153791806491165,14.516346267060062,0.6362046491476671,24
2020-03-06,raw_pca_stabilized,raw_pca,raw_pca,14.0,2.6153791806491165,14.516346267060062,0.6362046491476671,24
2020-03-06,rmt_filtered_residual,rmt_filtered,rmt,1.0,2.6153791806491165,14.516346267060062,0.9112636028100831,24
2020-03-06,rmt_filtered_conservative,rmt_filtered,rmt,1.0,2.6153791806491165,14.516346267060062,0.9112636028100831,24
2020-03-09,sector_baseline,baseline,sector,0.0,0.0,0.0,1.0831867669457507,24
2020-03-09,raw_pca_residual,raw_pca,raw_pca,14.0,2.6153791806491165,14.525253786474831,0.9450010500286826,24
2020-03-09,raw_pca_stabilized,raw_pca,raw_pca,14.0,2.6153791806491165,14.525253786474831,0.9450010500286826,24
2020-03-09,rmt_filtered_residual,rmt_filtered,rmt,1.0,2.6153791806491165,14.525253786474831,1.0388710626024276,24
2020-03-09,rmt_filtered_conservative,rmt_filtered,rmt,1.0,2.6153791806491165,14.525253786474831,1.0388710626024276,24
2020-03-10,sector_baseline,baseline,sector,0.0,0.0,0.0,0.724226607146839,24
2020-03-10,raw_pca_residual,raw_pca,raw_pca,14.0,2.6153791806491165,14.490493978751488,0.9560254429119964,24
2020-03-10,raw_pca_stabilized,raw_pca,raw_pca,14.0,2.6153791806491165,14.490493978751488,0.9560254429119964,24
2020-03-10,rmt_filtered_residual,rmt_filtered,rmt,1.0,2.6153791806491165,14.490493978751488,0.7338475101314424,24
2020-03-10,rmt_filtered_conservative,rmt_filtered,rmt,1.0,2.6153791806491165,14.490493978751488,0.7338475101314424,24
2020-03-11,sector_baseline,baseline,sector,0.0,0.0,0.0,0.7905748148445557,24
2020-03-11,raw_pca_residual,raw_pca,raw_pca,14.0,2.6153791806491165,14.454354883123298,1.021470073588057,24
2020-03-11,raw_pca_stabilized,raw_pca,raw_pca,14.0,2.6153791806491165,14.454354883123298,1.021470073588057,24
2020-03-11,rmt_filtered_residual,rmt_filtered,rmt,1.0,2.6153791806491165,14.454354883123298,0.8549550048927621,24
2020-03-11,rmt_filtered_conservative,rmt_filtered,rmt,1.0,2.6153791806491165,14.454354883123298,0.8549550048927621,24
2020-03-12,sector_baseline,baseline,sector,0.0,0.0,0.0,0.7362534656239764,24
2020-03-12,raw_pca_residual,raw_pca,raw_pca,14.0,2.6153791806491165,14.810452304543588,0.6766585316205475,24
2020-03-12,raw_pca_stabilized,raw_pca,raw_pca,14.0,2.6153791806491165,14.810452304543588,0.6766585316205475,24
2020-03-12,rmt_filtered_residual,rmt_filtered,rmt,1.0,2.6153791806491165,14.810452304543588,1.0053378406552829,24
2020-03-12,rmt_filtered_conservative,rmt_filtered,rmt,1.0,2.6153791806491165,14.810452304543588,1.0053378406552829,24
2020-03-13,sector_baseline,baseline,sector,0.0,0.0,0.0,0.9189206200428849,24
2020-03-13,raw_pca_residual,raw_pca,raw_pca,14.0,2.6153791806491165,15.874976086726935,0.6264345622617707,24
2020-03-13,raw_pca_stabilized,raw_pca,raw_pca,14.0,2.6153791806491165,15.874976086726935,0.6264345622617707,24
2020-03-13,rmt_filtered_residual,rmt_filtered,rmt,1.0,2.6153791806491165,15.874976086726935,0.8264289450012584,24
2020-03-13,rmt_filtered_conservative,rmt_filtered,rmt,1.0,2.6153791806491165,15.874976086726935,0.8264289450012584,24
2020-03-16,sector_baseline,baseline,sector,0.0,0.0,0.0,0.7057002338567012,24
2020-03-16,raw_pca_residual,raw_pca,raw_pca,14.0,2.6153791806491165,15.876226232256599,0.5530280998925086,24
2020-03-16,raw_pca_stabilized,raw_pca,raw_pca,14.0,2.6153791806491165,15.876226232256599,0.5530280998925086,24
2020-03-16,rmt_filtered_residual,rmt_filtered,rmt,1.0,2.6153791806491165,15.876226232256599,0.7321726541800885,24
2020-03-16,rmt_filtered_conservative,rmt_filtered,rmt,1.0,2.6153791806491165,15.876226232256599,0.7321726541800885,24
2020-03-17,sector_baseline,baseline,sector,0.0,0.0,0.0,0.8202144388677821,24
2020-03-17,raw_pca_residual,raw_pca,raw_pca,14.0,2.6153791806491165,15.979540774426965,0.6284779777429855,24
2020-03-17,raw_pca_stabilized,raw_pca,raw_pca,14.0,2.6153791806491165,15.979540774426965,0.6284779777429855,24
2020-03-17,rmt_filtered_residual,rmt_filtered,rmt,1.0,2.6153791806491165,15.979540774426965,0.7971586567863134,24
2020-03-17,rmt_filtered_conservative,rmt_filtered,rmt,1.0,2.6153791806491165,15.979540774426965,0.7971586567863134,24
2020-03-18,sector_baseline,baseline,sector,0.0,0.0,0.0,0.8838438264718095,24
2020-03-18,raw_pca_residual,raw_pca,raw_pca,14.0,2.6153791806491165,15.955015528344072,0.6231408071948168,24
2020-03-18,raw_pca_stabilized,raw_pca,raw_pca,14.0,2.6153791806491165,15.955015528344072,0.6231408071948168,24
2020-03-18,rmt_filtered_residual,rmt_filtered,rmt,1.0,2.6153791806491165,15.955015528344072,0.8645327772818708,24
2020-03-18,rmt_filtered_conservative,rmt_filtered,rmt,1.0,2.6153791806491165,15.955015528344072,0.8645327772818708,24
2020-03-19,sector_baseline,baseline,sector,0.0,0.0,0.0,0.551403456963107,24
2020-03-19,raw_pca_residual,raw_pca,raw_pca,14.0,2.6153791806491165,15.954513973075636,0.718903410420157,24
2020-03-19,raw_pca_stabilized,raw_pca,raw_pca,14.0,2.6153791806491165,15.954513973075636,0.718903410420157,24
2020-03-19,rmt_filtered_residual,rmt_filtered,rmt,1.0,2.6153791806491165,15.954513973075636,0.5717878597530267,24
2020-03-19,rmt_filtered_conservative,rmt_filtered,rmt,1.0,2.6153791806491165,15.954513973075636,0.5717878597530267,24
2020-03-20,sector_baseline,baseline,sector,0.0,0.0,0.0,0.649897426422494,24
2020-03-20,raw_pca_residual,raw_pca,raw_pca,14.0,2.6153791806491165,16.08070142654174,0.7804760205491958,24
2020-03-20,raw_pca_stabilized,raw_pca,raw_pca,14.0,2.6153791806491165,16.08070142654174,0.7804760205491958,24
2020-03-20,rmt_filtered_residual,rmt_filtered,rmt,1.0,2.6153791806491165,16.08070142654174,0.6956006622818469,24
2020-03-20,rmt_filtered_conservative,rmt_filtered,rmt,1.0,2.6153791806491165,16.08070142654174,0.6956006622818469,24
2020-03-23,sector_baseline,baseline,sector,0.0,0.0,0.0,0.8015914842170861,24
2020-03-23,raw_pca_residual,raw_pca,raw_pca,14.0,2.6153791806491165,16.43054611420767,0.9183935455640242,24
2020-03-23,raw_pca_stabilized,raw_pca,raw_pca,14.0,2.6153791806491165,16.43054611420767,0.9183935455640242,24
2020-03-23,rmt_filtered_residual,rmt_filtered,rmt,1.0,2.6153791806491165,16.43054611420767,0.8646744788455187,24
2020-03-23,rmt_filtered_conservative,rmt_filtered,rmt,1.0,2.6153791806491165,16.43054611420767,0.8646744788455187,24
2020-03-24,sector_baseline,baseline,sector,0.0,0.0,0.0,0.9651030698916457,24
2020-03-24,raw_pca_residual,raw_pca,raw_pca,14.0,2.6153791806491165,16.16159794826557,0.9318046775274809,24
2020-03-24,raw_pca_stabilized,raw_pca,raw_pca,14.0,2.6153791806491165,16.16159794826557,0.9318046775274809,24
2020-03-24,rmt_filtered_residual,rmt_filtered,rmt,1.0,2.6153791806491165,16.16159794826557,0.9743530531010368,24
2020-03-24,rmt_filtered_conservative,rmt_filtered,rmt,1.0,2.6153791806491165,16.16159794826557,0.9743530531010368,24
2020-03-25,sector_baseline,baseline,sector,0.0,0.0,0.0,0.7372378586804279,24
2020-03-25,raw_pca_residual,raw_pca,raw_pca,14.0,2.6153791806491165,16.314971382664723,0.6849699809723636,24
2020-03-25,raw_pca_stabilized,raw_pca,raw_pca,14.0,2.6153791806491165,16.314971382664723,0.6849699809723636,24
2020-03-25,rmt_filtered_residual,rmt_filtered,rmt,1.0,2.6153791806491165,16.314971382664723,0.7676353366338855,24
2020-03-25,rmt_filtered_conservative,rmt_filtered,rmt,1.0,2.6153791806491165,16.314971382664723,0.7676353366338855,24
2020-03-26,sector_baseline,baseline,sector,0.0,0.0,0.0,0.6443382065395645,24
2020-03-26,raw_pca_residual,raw_pca,raw_pca,14.0,2.6153791806491165,16.427232717489048,0.7600602479603626,24
2020-03-26,raw_pca_stabilized,raw_pca,raw_pca,14.0,2.6153791806491165,16.427232717489048,0.7600602479603626,24
2020-03-26,rmt_filtered_residual,rmt_filtered,rmt,1.0,2.6153791806491165,16.427232717489048,0.7092572717425192,24
2020-03-26,rmt_filtered_conservative,rmt_filtered,rmt,1.0,2.6153791806491165,16.427232717489048,0.7092572717425192,24
2020-03-27,sector_baseline,baseline,sector,0.0,0.0,0.0,0.7484301269372646,24
2020-03-27,raw_pca_residual,raw_pca,raw_pca,14.0,2.6153791806491165,16.429364228351726,0.8846512852005932,24
2020-03-27,raw_pca_stabilized,raw_pca,raw_pca,14.0,2.6153791806491165,16.429364228351726,0.8846512852005932,24
2020-03-27,rmt_filtered_residual,rmt_filtered,rmt,1.0,2.6153791806491165,16.429364228351726,0.7548505437978287,24
2020-03-27,rmt_filtered_conservative,rmt_filtered,rmt,1.0,2.6153791806491165,16.429364228351726,0.7548505437978287,24
2020-03-30,sector_baseline,baseline,sector,0.0,0.0,0.0,0.7902854988759066,24
2020-03-30,raw_pca_residual,raw_pca,raw_pca,14.0,2.6153791806491165,16.70384088703376,0.5697870404488935,24
2020-03-30,raw_pca_stabilized,raw_pca,raw_pca,14.0,2.6153791806491165,16.70384088703376,0.5697870404488935,24
2020-03-30,rmt_filtered_residual,rmt_filtered,rmt,1.0,2.6153791806491165,16.70384088703376,0.6903907863511054,24
2020-03-30,rmt_filtered_conservative,rmt_filtered,rmt,1.0,2.6153791806491165,16.70384088703376,0.6903907863511054,24
2020-03-31,sector_baseline,baseline,sector,0.0,0.0,0.0,0.8977027353988515,24
2020-03-31,raw_pca_residual,raw_pca,raw_pca,14.0,2.6153791806491165,16.786441771649546,0.8328647243698581,24
2020-03-31,raw_pca_stabilized,raw_pca,raw_pca,14.0,2.6153791806491165,16.786441771649546,0.8328647243698581,24
2020-03-31,rmt_filtered_residual,rmt_filtered,rmt,1.0,2.6153791806491165,16.786441771649546,0.8432746338537281,24
2020-03-31,rmt_filtered_conservative,rmt_filtered,rmt,1.0,2.6153791806491165,16.786441771649546,0.8432746338537281,24
2020-04-01,sector_baseline,baseline,sector,0.0,0.0,0.0,0.9436470374129603,24
2020-04-01,raw_pca_residual,raw_pca,raw_pca,14.0,2.6153791806491165,16.814131718614387,0.9494218368897442,24
2020-04-01,raw_pca_stabilized,raw_pca,raw_pca,14.0,2.6153791806491165,16.814131718614387,0.9494218368897442,24
2020-04-01,rmt_filtered_residual,rmt_filtered,rmt,1.0,2.6153791806491165,16.814131718614387,0.9652320717100649,24
2020-04-01,rmt_filtered_conservative,rmt_filtered,rmt,1.0,2.6153791806491165,16.814131718614387,0.9652320717100649,24
2020-04-02,sector_baseline,baseline,sector,0.0,0.0,0.0,0.5811758909892158,24
2020-04-02,raw_pca_residual,raw_pca,raw_pca,14.0,2.6153791806491165,16.782740323849122,0.5983878890571095,24
2020-04-02,raw_pca_stabilized,raw_pca,raw_pca,14.0,2.6153791806491165,16.782740323849122,0.5983878890571095,24
2020-04-02,rmt_filtered_residual,rmt_filtered,rmt,1.0,2.6153791806491165,16.782740323849122,0.8036491279757122,24
2020-04-02,rmt_filtered_conservative,rmt_filtered,rmt,1.0,2.6153791806491165,16.782740323849122,0.8036491279757122,24
2020-04-03,sector_baseline,baseline,sector,0.0,0.0,0.0,0.8410309972756709,24
2020-04-03,raw_pca_residual,raw_pca,raw_pca,14.0,2.6153791806491165,16.794906909190168,0.6076570823644415,24
2020-04-03,raw_pca_stabilized,raw_pca,raw_pca,14.0,2.6153791806491165,16.794906909190168,0.6076570823644415,24
2020-04-03,rmt_filtered_residual,rmt_filtered,rmt,1.0,2.6153791806491165,16.794906909190168,0.7749785930856291,24
2020-04-03,rmt_filtered_conservative,rmt_filtered,rmt,1.0,2.6153791806491165,16.794906909190168,0.7749785930856291,24
2020-04-06,sector_baseline,baseline,sector,0.0,0.0,0.0,0.9497030720060954,24
2020-04-06,raw_pca_residual,raw_pca,raw_pca,14.0,2.6153791806491165,16.751388035645697,0.8446209095740329,24
2020-04-06,raw_pca_stabilized,raw_pca,raw_pca,14.0,2.6153791806491165,16.751388035645697,0.8446209095740329,24
2020-04-06,rmt_filtered_residual,rmt_filtered,rmt,1.0,2.6153791806491165,16.751388035645697,0.984578297106934,24
2020-04-06,rmt_filtered_conservative,rmt_filtered,rmt,1.0,2.6153791806491165,16.751388035645697,0.984578297106934,24
2020-04-07,sector_baseline,baseline,sector,0.0,0.0,0.0,1.0116806124126423,24
2020-04-07,raw_pca_residual,raw_pca,raw_pca,14.0,2.6153791806491165,16.926678594164702,0.7323680289848135,24
2020-04-07,raw_pca_stabilized,raw_pca,raw_pca,14.0,2.6153791806491165,16.926678594164702,0.7323680289848135,24
2020-04-07,rmt_filtered_residual,rmt_filtered,rmt,1.0,2.6153791806491165,16.926678594164702,0.8770861503584081,24
2020-04-07,rmt_filtered_conservative,rmt_filtered,rmt,1.0,2.6153791806491165,16.926678594164702,0.8770861503584081,24
2020-04-08,sector_baseline,baseline,sector,0.0,0.0,0.0,0.9276308105889105,24
2020-04-08,raw_pca_residual,raw_pca,raw_pca,14.0,2.6153791806491165,16.936014885346324,0.8338520491985421,24
2020-04-08,raw_pca_stabilized,raw_pca,raw_pca,14.0,2.6153791806491165,16.936014885346324,0.8338520491985421,24
2020-04-08,rmt_filtered_residual,rmt_filtered,rmt,1.0,2.6153791806491165,16.936014885346324,0.8157835841999882,24
2020-04-08,rmt_filtered_conservative,rmt_filtered,rmt,1.0,2.6153791806491165,16.936014885346324,0.8157835841999882,24
2020-04-09,sector_baseline,baseline,sector,0.0,0.0,0.0,0.9871726871246859,24
2020-04-09,raw_pca_residual,raw_pca,raw_pca,14.0,2.6153791806491165,16.914449270381812,0.922440044312955,24
2020-04-09,raw_pca_stabilized,raw_pca,raw_pca,14.0,2.6153791806491165,16.914449270381812,0.922440044312955,24
2020-04-09,rmt_filtered_residual,rmt_filtered,rmt,1.0,2.6153791806491165,16.914449270381812,0.9477998608908548,24
2020-04-09,rmt_filtered_conservative,rmt_filtered,rmt,1.0,2.6153791806491165,16.914449270381812,0.9477998608908548,24
2020-04-10,sector_baseline,baseline,sector,0.0,0.0,0.0,0.7603929539655105,24
2020-04-10,raw_pca_residual,raw_pca,raw_pca,14.0,2.6153791806491165,16.91701007958672,0.8433100411192278,24
2020-04-10,raw_pca_stabilized,raw_pca,raw_pca,14.0,2.6153791806491165,16.91701007958672,0.8433100411192278,24
2020-04-10,rmt_filtered_residual,rmt_filtered,rmt,1.0,2.6153791806491165,16.91701007958672,0.7677655885545835,24
2020-04-10,rmt_filtered_conservative,rmt_filtered,rmt,1.0,2.6153791806491165,16.91701007958672,0.7677655885545835,24
2020-04-13,sector_baseline,baseline,sector,0.0,0.0,0.0,0.8227750501157006,24
2020-04-13,raw_pca_residual,raw_pca,raw_pca,14.0,2.6153791806491165,16.981510246424534,0.9946908184267746,24
2020-04-13,raw_pca_stabilized,raw_pca,raw_pca,14.0,2.6153791806491165,16.981510246424534,0.9946908184267746,24
2020-04-13,rmt_filtered_residual,rmt_filtered,rmt,1.0,2.6153791806491165,16.981510246424534,0.7212707948797304,24
2020-04-13,rmt_filtered_conservative,rmt_filtered,rmt,1.0,2.6153791806491165,16.981510246424534,0.7212707948797304,24
2020-04-14,sector_baseline,baseline,sector,0.0,0.0,0.0,0.6678986995701374,24
2020-04-14,raw_pca_residual,raw_pca,raw_pca,14.0,2.6153791806491165,17.048417139685142,0.8931741248641908,24
2020-04-14,raw_pca_stabilized,raw_pca,raw_pca,14.0,2.6153791806491165,17.048417139685142,0.8931741248641908,24
2020-04-14,rmt_filtered_residual,rmt_filtered,rmt,1.0,2.6153791806491165,17.048417139685142,0.7507023110441965,24
2020-04-14,rmt_filtered_conservative,rmt_filtered,rmt,1.0,2.6153791806491165,17.048417139685142,0.7507023110441965,24
2020-04-15,sector_baseline,baseline,sector,0.0,0.0,0.0,0.676334858933281,24
2020-04-15,raw_pca_residual,raw_pca,raw_pca,14.0,2.6153791806491165,17.08121618359376,0.7361243878301024,24
2020-04-15,raw_pca_stabilized,raw_pca,raw_pca,14.0,2.6153791806491165,17.08121618359376,0.7361243878301024,24
2020-04-15,rmt_filtered_residual,rmt_filtered,rmt,1.0,2.6153791806491165,17.08121618359376,0.7533533442703222,24
2020-04-15,rmt_filtered_conservative,rmt_filtered,rmt,1.0,2.6153791806491165,17.08121618359376,0.7533533442703222,24
2020-04-16,sector_baseline,baseline,sector,0.0,0.0,0.0,0.7031409523345925,24
2020-04-16,raw_pca_residual,raw_pca,raw_pca,14.0,2.6153791806491165,16.982804617128032,0.6438316368220526,24
2020-04-16,raw_pca_stabilized,raw_pca,raw_pca,14.0,2.6153791806491165,16.982804617128032,0.6438316368220526,24
2020-04-16,rmt_filtered_residual,rmt_filtered,rmt,1.0,2.6153791806491165,16.982804617128032,0.901911283789327,24
2020-04-16,rmt_filtered_conservative,rmt_filtered,rmt,1.0,2.6153791806491165,16.982804617128032,0.901911283789327,24
2020-04-17,sector_baseline,baseline,sector,0.0,0.0,0.0,0.7766743124907073,24
2020-04-17,raw_pca_residual,raw_pca,raw_pca,14.0,2.6153791806491165,16.93461868348118,0.5976855731198726,24
2020-04-17,raw_pca_stabilized,raw_pca,raw_pca,14.0,2.6153791806491165,16.93461868348118,0.5976855731198726,24
2020-04-17,rmt_filtered_residual,rmt_filtered,rmt,1.0,2.6153791806491165,16.93461868348118,0.8849935675931683,24
2020-04-17,rmt_filtered_conservative,rmt_filtered,rmt,1.0,2.6153791806491165,16.93461868348118,0.8849935675931683,24
2020-04-20,sector_baseline,baseline,sector,0.0,0.0,0.0,0.7846174443133629,24
2020-04-20,raw_pca_residual,raw_pca,raw_pca,14.0,2.6153791806491165,16.87770269302992,0.8895158388379643,24
2020-04-20,raw_pca_stabilized,raw_pca,raw_pca,14.0,2.6153791806491165,16.87770269302992,0.8895158388379643,24
2020-04-20,rmt_filtered_residual,rmt_filtered,rmt,1.0,2.6153791806491165,16.87770269302992,0.7315853601008239,24
2020-04-20,rmt_filtered_conservative,rmt_filtered,rmt,1.0,2.6153791806491165,16.87770269302992,0.7315853601008239,24
2020-04-21,sector_baseline,baseline,sector,0.0,0.0,0.0,0.7158826021079149,24
2020-04-21,raw_pca_residual,raw_pca,raw_pca,14.0,2.6153791806491165,16.784208850227284,0.8743045692565529,24
2020-04-21,raw_pca_stabilized,raw_pca,raw_pca,14.0,2.6153791806491165,16.784208850227284,0.8743045692565529,24
2020-04-21,rmt_filtered_residual,rmt_filtered,rmt,1.0,2.6153791806491165,16.784208850227284,0.9932799362165389,24
2020-04-21,rmt_filtered_conservative,rmt_filtered,rmt,1.0,2.6153791806491165,16.784208850227284,0.9932799362165389,24
2020-04-22,sector_baseline,baseline,sector,0.0,0.0,0.0,0.6867252015760897,24
2020-04-22,raw_pca_residual,raw_pca,raw_pca,14.0,2.6153791806491165,17.25374515668403,0.5566547707930498,24
2020-04-22,raw_pca_stabilized,raw_pca,raw_pca,14.0,2.6153791806491165,17.25374515668403,0.5566547707930498,24
2020-04-22,rmt_filtered_residual,rmt_filtered,rmt,1.0,2.6153791806491165,17.25374515668403,0.5751340486123414,24
2020-04-22,rmt_filtered_conservative,rmt_filtered,rmt,1.0,2.6153791806491165,17.25374515668403,0.5751340486123414,24
2020-04-23,sector_baseline,baseline,sector,0.0,0.0,0.0,0.8249418588218592,24
2020-04-23,raw_pca_residual,raw_pca,raw_pca,14.0,2.6153791806491165,17.283850721407678,0.9389604885391565,24
2020-04-23,raw_pca_stabilized,raw_pca,raw_pca,14.0,2.6153791806491165,17.283850721407678,0.9389604885391565,24
2020-04-23,rmt_filtered_residual,rmt_filtered,rmt,1.0,2.6153791806491165,17.283850721407678,0.8032401967251154,24
2020-04-23,rmt_filtered_conservative,rmt_filtered,rmt,1.0,2.6153791806491165,17.283850721407678,0.8032401967251154,24
2020-04-24,sector_baseline,baseline,sector,0.0,0.0,0.0,0.7101615296785487,24
2020-04-24,raw_pca_residual,raw_pca,raw_pca,14.0,2.6153791806491165,17.217919407590752,0.7162414920321724,24
2020-04-24,raw_pca_stabilized,raw_pca,raw_pca,14.0,2.6153791806491165,17.217919407590752,0.7162414920321724,24
2020-04-24,rmt_filtered_residual,rmt_filtered,rmt,1.0,2.6153791806491165,17.217919407590752,0.7688039119719784,24
2020-04-24,rmt_filtered_conservative,rmt_filtered,rmt,1.0,2.6153791806491165,17.217919407590752,0.7688039119719784,24
2020-04-27,sector_baseline,baseline,sector,0.0,0.0,0.0,0.9563861093844578,24
2020-04-27,raw_pca_residual,raw_pca,raw_pca,14.0,2.6153791806491165,17.15651080927184,0.6985597746064224,24
2020-04-27,raw_pca_stabilized,raw_pca,raw_pca,14.0,2.6153791806491165,17.15651080927184,0.6985597746064224,24
2020-04-27,rmt_filtered_residual,rmt_filtered,rmt,1.0,2.6153791806491165,17.15651080927184,0.8184084651535136,24
2020-04-27,rmt_filtered_conservative,rmt_filtered,rmt,1.0,2.6153791806491165,17.15651080927184,0.8184084651535136,24
2020-04-28,sector_baseline,baseline,sector,0.0,0.0,0.0,1.002212099023316,24
2020-04-28,raw_pca_residual,raw_pca,raw_pca,14.0,2.6153791806491165,17.3823038327686,0.5582312704012663,24
2020-04-28,raw_pca_stabilized,raw_pca,raw_pca,14.0,2.6153791806491165,17.3823038327686,0.5582312704012663,24
2020-04-28,rmt_filtered_residual,rmt_filtered,rmt,1.0,2.6153791806491165,17.3823038327686,0.9764405316750101,24
2020-04-28,rmt_filtered_conservative,rmt_filtered,rmt,1.0,2.6153791806491165,17.3823038327686,0.9764405316750101,24
2020-04-29,sector_baseline,baseline,sector,0.0,0.0,0.0,0.8055734062772029,24
2020-04-29,raw_pca_residual,raw_pca,raw_pca,14.0,2.6153791806491165,18.160317731389274,0.7521603229721268,24
2020-04-29,raw_pca_stabilized,raw_pca,raw_pca,14.0,2.6153791806491165,18.160317731389274,0.7521603229721268,24
2020-04-29,rmt_filtered_residual,rmt_filtered,rmt,1.0,2.6153791806491165,18.160317731389274,0.643803291654064,24
2020-04-29,rmt_filtered_conservative,rmt_filtered,rmt,1.0,2.6153791806491165,18.160317731389274,0.643803291654064,24
2020-04-30,sector_baseline,baseline,sector,0.0,0.0,0.0,0.6579431680977073,24
2020-04-30,raw_pca_residual,raw_pca,raw_pca,14.0,2.6153791806491165,18.23079054197671,0.9677213242573431,24
2020-04-30,raw_pca_stabilized,raw_pca,raw_pca,14.0,2.6153791806491165,18.23079054197671,0.9677213242573431,24
2020-04-30,rmt_filtered_residual,rmt_filtered,rmt,1.0,2.6153791806491165,18.23079054197671,0.5448708820206707,24
2020-04-30,rmt_filtered_conservative,rmt_filtered,rmt,1.0,2.6153791806491165,18.23079054197671,0.5448708820206707,24
2020-05-01,sector_baseline,baseline,sector,0.0,0.0,0.0,0.7793745282157571,24
2020-05-01,raw_pca_residual,raw_pca,raw_pca,14.0,2.6153791806491165,18.277786322496585,0.7835402268981838,24
2020-05-01,raw_pca_stabilized,raw_pca,raw_pca,14.0,2.6153791806491165,18.277786322496585,0.7835402268981838,24
2020-05-01,rmt_filtered_residual,rmt_filtered,rmt,1.0,2.6153791806491165,18.277786322496585,0.7093255719630625,24
2020-05-01,rmt_filtered_conservative,rmt_filtered,rmt,1.0,2.6153791806491165,18.277786322496585,0.7093255719630625,24
2020-05-04,sector_baseline,baseline,sector,0.0,0.0,0.0,0.703242519618541,24
2020-05-04,raw_pca_residual,raw_pca,raw_pca,14.0,2.6153791806491165,18.396108787697326,0.946998105808853,24
2020-05-04,raw_pca_stabilized,raw_pca,raw_pca,14.0,2.6153791806491165,18.396108787697326,0.946998105808853,24
2020-05-04,rmt_filtered_residual,rmt_filtered,rmt,1.0,2.6153791806491165,18.396108787697326,0.7254341709752018,24
2020-05-04,rmt_filtered_conservative,rmt_filtered,rmt,1.0,2.6153791806491165,18.396108787697326,0.7254341709752018,24
2020-05-05,sector_baseline,baseline,sector,0.0,0.0,0.0,0.9251867505875135,24
2020-05-05,raw_pca_residual,raw_pca,raw_pca,14.0,2.6153791806491165,18.43928802240415,0.8234849106030921,24
2020-05-05,raw_pca_stabilized,raw_pca,raw_pca,14.0,2.6153791806491165,18.43928802240415,0.8234849106030921,24
2020-05-05,rmt_filtered_residual,rmt_filtered,rmt,1.0,2.6153791806491165,18.43928802240415,0.8634456454574709,24
2020-05-05,rmt_filtered_conservative,rmt_filtered,rmt,1.0,2.6153791806491165,18.43928802240415,0.8634456454574709,24
2020-05-06,sector_baseline,baseline,sector,0.0,0.0,0.0,0.8303858595924632,24
2020-05-06,raw_pca_residual,raw_pca,raw_pca,14.0,2.6153791806491165,18.528653503379815,0.922384850106981,24
2020-05-06,raw_pca_stabilized,raw_pca,raw_pca,14.0,2.6153791806491165,18.528653503379815,0.922384850106981,24
2020-05-06,rmt_filtered_residual,rmt_filtered,rmt,1.0,2.6153791806491165,18.528653503379815,0.7728049050112381,24
2020-05-06,rmt_filtered_conservative,rmt_filtered,rmt,1.0,2.6153791806491165,18.528653503379815,0.7728049050112381,24
2020-05-07,sector_baseline,baseline,sector,0.0,0.0,0.0,0.7959343797672741,24
2020-05-07,raw_pca_residual,raw_pca,raw_pca,14.0,2.6153791806491165,18.87334296543423,0.8207248743498935,24
2020-05-07,raw_pca_stabilized,raw_pca,raw_pca,14.0,2.6153791806491165,18.87334296543423,0.8207248743498935,24
2020-05-07,rmt_filtered_residual,rmt_filtered,rmt,1.0,2.6153791806491165,18.87334296543423,0.8416321936276706,24
2020-05-07,rmt_filtered_conservative,rmt_filtered,rmt,1.0,2.6153791806491165,18.87334296543423,0.8416321936276706,24
2020-05-08,sector_baseline,baseline,sector,0.0,0.0,0.0,0.676990517296742,24
2020-05-08,raw_pca_residual,raw_pca,raw_pca,14.0,2.6153791806491165,18.958389686238448,0.5904831987774192,24
2020-05-08,raw_pca_stabilized,raw_pca,raw_pca,14.0,2.6153791806491165,18.958389686238448,0.5904831987774192,24
2020-05-08,rmt_filtered_residual,rmt_filtered,rmt,1.0,2.6153791806491165,18.958389686238448,0.7999034279595921,24
2020-05-08,rmt_filtered_conservative,rmt_filtered,rmt,1.0,2.6153791806491165,18.958389686238448,0.7999034279595921,24
2020-05-11,sector_baseline,baseline,sector,0.0,0.0,0.0,0.6409308240014533,24
2020-05-11,raw_pca_residual,raw_pca,raw_pca,14.0,2.6153791806491165,18.95871710358773,0.7468335458975561,24
2020-05-11,raw_pca_stabilized,raw_pca,raw_pca,14.0,2.6153791806491165,18.95871710358773,0.7468335458975561,24
2020-05-11,rmt_filtered_residual,rmt_filtered,rmt,1.0,2.6153791806491165,18.95871710358773,0.7512026345267397,24
2020-05-11,rmt_filtered_conservative,rmt_filtered,rmt,1.0,2.6153791806491165,18.95871710358773,0.7512026345267397,24
2020-05-12,sector_baseline,baseline,sector,0.0,0.0,0.0,0.8446052181102396,24
2020-05-12,raw_pca_residual,raw_pca,raw_pca,14.0,2.6153791806491165,19.22344843074204,0.6269735253430303,24
2020-05-12,raw_pca_stabilized,raw_pca,raw_pca,14.0,2.6153791806491165,19.22344843074204,0.6269735253430303,24
2020-05-12,rmt_filtered_residual,rmt_filtered,rmt,1.0,2.6153791806491165,19.22344843074204,0.7768494298220295,24
2020-05-12,rmt_filtered_conservative,rmt_filtered,rmt,1.0,2.6153791806491165,19.22344843074204,0.7768494298220295,24
2020-05-13,sector_baseline,baseline,sector,0.0,0.0,0.0,0.6321356833567738,24
2020-05-13,raw_pca_residual,raw_pca,raw_pca,14.0,2.6153791806491165,19.202668278328265,0.7780327586142014,24
2020-05-13,raw_pca_stabilized,raw_pca,raw_pca,14.0,2.6153791806491165,19.202668278328265,0.7780327586142014,24
2020-05-13,rmt_filtered_residual,rmt_filtered,rmt,1.0,2.6153791806491165,19.202668278328265,0.6447331379738109,24
2020-05-13,rmt_filtered_conservative,rmt_filtered,rmt,1.0,2.6153791806491165,19.202668278328265,0.6447331379738109,24
2020-05-14,sector_baseline,baseline,sector,0.0,0.0,0.0,0.8970643843368253,24
2020-05-14,raw_pca_residual,raw_pca,raw_pca,14.0,2.6153791806491165,19.297017451640354,0.8352370345637307,24
2020-05-14,raw_pca_stabilized,raw_pca,raw_pca,14.0,2.6153791806491165,19.297017451640354,0.8352370345637307,24
2020-05-14,rmt_filtered_residual,rmt_filtered,rmt,1.0,2.6153791806491165,19.297017451640354,0.8289547567718346,24
2020-05-14,rmt_filtered_conservative,rmt_filtered,rmt,1.0,2.6153791806491165,19.297017451640354,0.8289547567718346,24
2020-05-15,sector_baseline,baseline,sector,0.0,0.0,0.0,0.9222673783868881,24
2020-05-15,raw_pca_residual,raw_pca,raw_pca,14.0,2.6153791806491165,19.243902286187684,0.5080020964354973,24
2020-05-15,raw_pca_stabilized,raw_pca,raw_pca,14.0,2.6153791806491165,19.243902286187684,0.5080020964354973,24
2020-05-15,rmt_filtered_residual,rmt_filtered,rmt,1.0,2.6153791806491165,19.243902286187684,1.0636738298588602,24
2020-05-15,rmt_filtered_conservative,rmt_filtered,rmt,1.0,2.6153791806491165,19.243902286187684,1.0636738298588602,24
2020-05-18,sector_baseline,baseline,sector,0.0,0.0,0.0,0.9021037162063946,24
2020-05-18,raw_pca_residual,raw_pca,raw_pca,14.0,2.6153791806491165,19.250167925322305,0.6303942094738644,24
2020-05-18,raw_pca_stabilized,raw_pca,raw_pca,14.0,2.6153791806491165,19.250167925322305,0.6303942094738644,24
2020-05-18,rmt_filtered_residual,rmt_filtered,rmt,1.0,2.6153791806491165,19.250167925322305,0.875278792087855,24
2020-05-18,rmt_filtered_conservative,rmt_filtered,rmt,1.0,2.6153791806491165,19.250167925322305,0.875278792087855,24
2020-05-19,sector_baseline,baseline,sector,0.0,0.0,0.0,0.7881899557125287,24
2020-05-19,raw_pca_residual,raw_pca,raw_pca,14.0,2.6153791806491165,19.374318294444844,1.0490866785565391,24
2020-05-19,raw_pca_stabilized,raw_pca,raw_pca,14.0,2.6153791806491165,19.374318294444844,1.0490866785565391,24
2020-05-19,rmt_filtered_residual,rmt_filtered,rmt,1.0,2.6153791806491165,19.374318294444844,0.790606417648324,24
2020-05-19,rmt_filtered_conservative,rmt_filtered,rmt,1.0,2.6153791806491165,19.374318294444844,0.790606417648324,24
2020-05-20,sector_baseline,baseline,sector,0.0,0.0,0.0,0.8217604775384814,24
2020-05-20,raw_pca_residual,raw_pca,raw_pca,14.0,2.6153791806491165,19.51755458488652,1.0027044993621872,24
2020-05-20,raw_pca_stabilized,raw_pca,raw_pca,14.0,2.6153791806491165,19.51755458488652,1.0027044993621872,24
2020-05-20,rmt_filtered_residual,rmt_filtered,rmt,1.0,2.6153791806491165,19.51755458488652,0.7585388977204603,24
2020-05-20,rmt_filtered_conservative,rmt_filtered,rmt,1.0,2.6153791806491165,19.51755458488652,0.7585388977204603,24
2020-05-21,sector_baseline,baseline,sector,0.0,0.0,0.0,0.790952755331899,24
2020-05-21,raw_pca_residual,raw_pca,raw_pca,14.0,2.6153791806491165,19.480994904801197,0.6113443030153721,24
2020-05-21,raw_pca_stabilized,raw_pca,raw_pca,14.0,2.6153791806491165,19.480994904801197,0.6113443030153721,24
2020-05-21,rmt_filtered_residual,rmt_filtered,rmt,1.0,2.6153791806491165,19.480994904801197,0.6768445623124165,24
2020-05-21,rmt_filtered_conservative,rmt_filtered,rmt,1.0,2.6153791806491165,19.480994904801197,0.6768445623124165,24
2020-05-22,sector_baseline,baseline,sector,0.0,0.0,0.0,0.8910615457058557,24
2020-05-22,raw_pca_residual,raw_pca,raw_pca,14.0,2.6153791806491165,19.592383174437707,0.769011225985014,24
2020-05-22,raw_pca_stabilized,raw_pca,raw_pca,14.0,2.6153791806491165,19.592383174437707,0.769011225985014,24
2020-05-22,rmt_filtered_residual,rmt_filtered,rmt,1.0,2.6153791806491165,19.592383174437707,0.7957825359289302,24
2020-05-22,rmt_filtered_conservative,rmt_filtered,rmt,1.0,2.6153791806491165,19.592383174437707,0.7957825359289302,24
2020-05-25,sector_baseline,baseline,sector,0.0,0.0,0.0,0.6347857315700317,24
2020-05-25,raw_pca_residual,raw_pca,raw_pca,14.0,2.6153791806491165,19.620903130254565,0.8663922534531312,24
2020-05-25,raw_pca_stabilized,raw_pca,raw_pca,14.0,2.6153791806491165,19.620903130254565,0.8663922534531312,24
2020-05-25,rmt_filtered_residual,rmt_filtered,rmt,1.0,2.6153791806491165,19.620903130254565,0.6651915934037911,24
2020-05-25,rmt_filtered_conservative,rmt_filtered,rmt,1.0,2.6153791806491165,19.620903130254565,0.6651915934037911,24
2020-05-26,sector_baseline,baseline,sector,0.0,0.0,0.0,1.0101176990426486,24
2020-05-26,raw_pca_residual,raw_pca,raw_pca,14.0,2.6153791806491165,19.622592302193848,0.9240295505960043,24
2020-05-26,raw_pca_stabilized,raw_pca,raw_pca,14.0,2.6153791806491165,19.622592302193848,0.9240295505960043,24
2020-05-26,rmt_filtered_residual,rmt_filtered,rmt,1.0,2.6153791806491165,19.622592302193848,1.1579598032058998,24
2020-05-26,rmt_filtered_conservative,rmt_filtered,rmt,1.0,2.6153791806491165,19.622592302193848,1.1579598032058998,24
2020-05-27,sector_baseline,baseline,sector,0.0,0.0,0.0,0.8855652245912887,24
2020-05-27,raw_pca_residual,raw_pca,raw_pca,14.0,2.6153791806491165,19.611492611597125,0.7200680688973975,24
2020-05-27,raw_pca_stabilized,raw_pca,raw_pca,14.0,2.6153791806491165,19.611492611597125,0.7200680688973975,24
2020-05-27,rmt_filtered_residual,rmt_filtered,rmt,1.0,2.6153791806491165,19.611492611597125,0.9559966434703249,24
2020-05-27,rmt_filtered_conservative,rmt_filtered,rmt,1.0,2.6153791806491165,19.611492611597125,0.9559966434703249,24
2020-05-28,sector_baseline,baseline,sector,0.0,0.0,0.0,0.8736345575984349,24
2020-05-28,raw_pca_residual,raw_pca,raw_pca,14.0,2.6153791806491165,19.602910907009836,0.6746987806412781,24
2020-05-28,raw_pca_stabilized,raw_pca,raw_pca,14.0,2.6153791806491165,19.602910907009836,0.6746987806412781,24
2020-05-28,rmt_filtered_residual,rmt_filtered,rmt,1.0,2.6153791806491165,19.602910907009836,0.7645674974700377,24
2020-05-28,rmt_filtered_conservative,rmt_filtered,rmt,1.0,2.6153791806491165,19.602910907009836,0.7645674974700377,24
2020-05-29,sector_baseline,baseline,sector,0.0,0.0,0.0,0.7230881795635736,24
2020-05-29,raw_pca_residual,raw_pca,raw_pca,14.0,2.6153791806491165,19.636550497223666,0.6693335713198459,24
2020-05-29,raw_pca_stabilized,raw_pca,raw_pca,14.0,2.6153791806491165,19.636550497223666,0.6693335713198459,24
2020-05-29,rmt_filtered_residual,rmt_filtered,rmt,1.0,2.6153791806491165,19.636550497223666,0.8255071746753373,24
2020-05-29,rmt_filtered_conservative,rmt_filtered,rmt,1.0,2.6153791806491165,19.636550497223666,0.8255071746753373,24
2020-06-01,sector_baseline,baseline,sector,0.0,0.0,0.0,0.6658238523957772,24
2020-06-01,raw_pca_residual,raw_pca,raw_pca,14.0,2.6153791806491165,19.74324695397537,0.6593968389484476,24
2020-06-01,raw_pca_stabilized,raw_pca,raw_pca,14.0,2.6153791806491165,19.74324695397537,0.6593968389484476,24
2020-06-01,rmt_filtered_residual,rmt_filtered,rmt,1.0,2.6153791806491165,19.74324695397537,0.6558069285196443,24
2020-06-01,rmt_filtered_conservative,rmt_filtered,rmt,1.0,2.6153791806491165,19.74324695397537,0.6558069285196443,24
2020-06-02,sector_baseline,baseline,sector,0.0,0.0,0.0,0.6354035465519514,24
2020-06-02,raw_pca_residual,raw_pca,raw_pca,14.0,2.6153791806491165,19.74501941046679,0.7517502663813422,24
2020-06-02,raw_pca_stabilized,raw_pca,raw_pca,14.0,2.6153791806491165,19.74501941046679,0.7517502663813422,24
2020-06-02,rmt_filtered_residual,rmt_filtered,rmt,1.0,2.6153791806491165,19.74501941046679,0.6375399987354257,24
2020-06-02,rmt_filtered_conservative,rmt_filtered,rmt,1.0,2.6153791806491165,19.74501941046679,0.6375399987354257,24
2020-06-03,sector_baseline,baseline,sector,0.0,0.0,0.0,0.8190629274278605,24
2020-06-03,raw_pca_residual,raw_pca,raw_pca,14.0,2.6153791806491165,19.71989305881672,1.0445757433262421,24
2020-06-03,raw_pca_stabilized,raw_pca,raw_pca,14.0,2.6153791806491165,19.71989305881672,1.0445757433262421,24
2020-06-03,rmt_filtered_residual,rmt_filtered,rmt,1.0,2.6153791806491165,19.71989305881672,0.8434006274189972,24
2020-06-03,rmt_filtered_conservative,rmt_filtered,rmt,1.0,2.6153791806491165,19.71989305881672,0.8434006274189972,24
2020-06-04,sector_baseline,baseline,sector,0.0,0.0,0.0,0.8070045436636702,24
2020-06-04,raw_pca_residual,raw_pca,raw_pca,14.0,2.6153791806491165,19.949749683879805,0.8306502634668704,24
2020-06-04,raw_pca_stabilized,raw_pca,raw_pca,14.0,2.6153791806491165,19.949749683879805,0.8306502634668704,24
2020-06-04,rmt_filtered_residual,rmt_filtered,rmt,1.0,2.6153791806491165,19.949749683879805,0.8513515621489599,24
2020-06-04,rmt_filtered_conservative,rmt_filtered,rmt,1.0,2.6153791806491165,19.949749683879805,0.8513515621489599,24
2020-06-05,sector_baseline,baseline,sector,0.0,0.0,0.0,0.9647622111235146,24
2020-06-05,raw_pca_residual,raw_pca,raw_pca,14.0,2.6153791806491165,20.084024348855,0.7270031345976223,24
2020-06-05,raw_pca_stabilized,raw_pca,raw_pca,14.0,2.6153791806491165,20.084024348855,0.7270031345976223,24
2020-06-05,rmt_filtered_residual,rmt_filtered,rmt,1.0,2.6153791806491165,20.084024348855,0.8819262940922402,24
2020-06-05,rmt_filtered_conservative,rmt_filtered,rmt,1.0,2.6153791806491165,20.084024348855,0.8819262940922402,24
2020-06-08,sector_baseline,baseline,sector,0.0,0.0,0.0,0.8566903620854864,24
2020-06-08,raw_pca_residual,raw_pca,raw_pca,14.0,2.6153791806491165,20.11062881001094,0.7213004883978616,24
2020-06-08,raw_pca_stabilized,raw_pca,raw_pca,14.0,2.6153791806491165,20.11062881001094,0.7213004883978616,24
2020-06-08,rmt_filtered_residual,rmt_filtered,rmt,1.0,2.6153791806491165,20.11062881001094,0.824105899824537,24
2020-06-08,rmt_filtered_conservative,rmt_filtered,rmt,1.0,2.6153791806491165,20.11062881001094,0.824105899824537,24
2020-06-09,sector_baseline,baseline,sector,0.0,0.0,0.0,0.8749477177468291,24
2020-06-09,raw_pca_residual,raw_pca,raw_pca,14.0,2.6153791806491165,20.07090342637117,0.7800472129567352,24
2020-06-09,raw_pca_stabilized,raw_pca,raw_pca,14.0,2.6153791806491165,20.07090342637117,0.7800472129567352,24
2020-06-09,rmt_filtered_residual,rmt_filtered,rmt,1.0,2.6153791806491165,20.07090342637117,0.9271232965925381,24
2020-06-09,rmt_filtered_conservative,rmt_filtered,rmt,1.0,2.6153791806491165,20.07090342637117,0.9271232965925381,24
2020-06-10,sector_baseline,baseline,sector,0.0,0.0,0.0,0.7365561162477957,24
2020-06-10,raw_pca_residual,raw_pca,raw_pca,14.0,2.6153791806491165,19.786132106616318,0.9244028557477045,24
2020-06-10,raw_pca_stabilized,raw_pca,raw_pca,14.0,2.6153791806491165,19.786132106616318,0.9244028557477045,24
2020-06-10,rmt_filtered_residual,rmt_filtered,rmt,1.0,2.6153791806491165,19.786132106616318,0.7948112925190033,24
2020-06-10,rmt_filtered_conservative,rmt_filtered,rmt,1.0,2.6153791806491165,19.786132106616318,0.7948112925190033,24
2020-06-11,sector_baseline,baseline,sector,0.0,0.0,0.0,0.6220305722571166,24
2020-06-11,raw_pca_residual,raw_pca,raw_pca,14.0,2.6153791806491165,19.783285864858215,0.842567754285079,24
2020-06-11,raw_pca_stabilized,raw_pca,raw_pca,14.0,2.6153791806491165,19.783285864858215,0.842567754285079,24
2020-06-11,rmt_filtered_residual,rmt_filtered,rmt,1.0,2.6153791806491165,19.783285864858215,0.5991603958913081,24
2020-06-11,rmt_filtered_conservative,rmt_filtered,rmt,1.0,2.6153791806491165,19.783285864858215,0.5991603958913081,24
2020-06-12,sector_baseline,baseline,sector,0.0,0.0,0.0,1.0244045208080819,24
2020-06-12,raw_pca_residual,raw_pca,raw_pca,14.0,2.6153791806491165,19.801868644225205,0.7447960933548626,24
2020-06-12,raw_pca_stabilized,raw_pca,raw_pca,14.0,2.6153791806491165,19.801868644225205,0.7447960933548626,24
2020-06-12,rmt_filtered_residual,rmt_filtered,rmt,1.0,2.6153791806491165,19.801868644225205,0.9437613781859313,24
2020-06-12,rmt_filtered_conservative,rmt_filtered,rmt,1.0,2.6153791806491165,19.801868644225205,0.9437613781859313,24
2020-06-15,sector_baseline,baseline,sector,0.0,0.0,0.0,0.5998711912458937,24
2020-06-15,raw_pca_residual,raw_pca,raw_pca,14.0,2.6153791806491165,19.91150049167908,0.5288770416792333,24
2020-06-15,raw_pca_stabilized,raw_pca,raw_pca,14.0,2.6153791806491165,19.91150049167908,0.5288770416792333,24
2020-06-15,rmt_filtered_residual,rmt_filtered,rmt,1.0,2.6153791806491165,19.91150049167908,0.6818270429678007,24
2020-06-15,rmt_filtered_conservative,rmt_filtered,rmt,1.0,2.6153791806491165,19.91150049167908,0.6818270429678007,24
2020-06-16,sector_baseline,baseline,sector,0.0,0.0,0.0,0.9668705578271625,24
2020-06-16,raw_pca_residual,raw_pca,raw_pca,14.0,2.6153791806491165,19.987308621909126,0.8876707440382244,24
2020-06-16,raw_pca_stabilized,raw_pca,raw_pca,14.0,2.6153791806491165,19.987308621909126,0.8876707440382244,24
2020-06-16,rmt_filtered_residual,rmt_filtered,rmt,1.0,2.6153791806491165,19.987308621909126,0.9752217402675539,24
2020-06-16,rmt_filtered_conservative,rmt_filtered,rmt,1.0,2.6153791806491165,19.987308621909126,0.9752217402675539,24
2020-06-17,sector_baseline,baseline,sector,0.0,0.0,0.0,0.9725486233179573,24
2020-06-17,raw_pca_residual,raw_pca,raw_pca,14.0,2.6153791806491165,20.180568565520286,0.8537984583765442,24
2020-06-17,raw_pca_stabilized,raw_pca,raw_pca,14.0,2.6153791806491165,20.180568565520286,0.8537984583765442,24
2020-06-17,rmt_filtered_residual,rmt_filtered,rmt,1.0,2.6153791806491165,20.180568565520286,0.8340465043610795,24
2020-06-17,rmt_filtered_conservative,rmt_filtered,rmt,1.0,2.6153791806491165,20.180568565520286,0.8340465043610795,24
2020-06-18,sector_baseline,baseline,sector,0.0,0.0,0.0,0.9014336138922947,24
2020-06-18,raw_pca_residual,raw_pca,raw_pca,14.0,2.6153791806491165,20.01992733803781,0.907378670503325,24
2020-06-18,raw_pca_stabilized,raw_pca,raw_pca,14.0,2.6153791806491165,20.01992733803781,0.907378670503325,24
2020-06-18,rmt_filtered_residual,rmt_filtered,rmt,1.0,2.6153791806491165,20.01992733803781,0.8236957234738221,24
2020-06-18,rmt_filtered_conservative,rmt_filtered,rmt,1.0,2.6153791806491165,20.01992733803781,0.8236957234738221,24
2020-06-19,sector_baseline,baseline,sector,0.0,0.0,0.0,0.7434607885317069,24
2020-06-19,raw_pca_residual,raw_pca,raw_pca,14.0,2.6153791806491165,20.02528214358184,0.5009536596843974,24
2020-06-19,raw_pca_stabilized,raw_pca,raw_pca,14.0,2.6153791806491165,20.02528214358184,0.5009536596843974,24
2020-06-19,rmt_filtered_residual,rmt_filtered,rmt,1.0,2.6153791806491165,20.02528214358184,0.9422224495706638,24
2020-06-19,rmt_filtered_conservative,rmt_filtered,rmt,1.0,2.6153791806491165,20.02528214358184,0.9422224495706638,24
2020-06-22,sector_baseline,baseline,sector,0.0,0.0,0.0,0.8481421400505482,24
2020-06-22,raw_pca_residual,raw_pca,raw_pca,14.0,2.6153791806491165,19.98854425368467,0.6783545463142261,24
2020-06-22,raw_pca_stabilized,raw_pca,raw_pca,14.0,2.6153791806491165,19.98854425368467,0.6783545463142261,24
2020-06-22,rmt_filtered_residual,rmt_filtered,rmt,1.0,2.6153791806491165,19.98854425368467,0.8835097833705555,24
2020-06-22,rmt_filtered_conservative,rmt_filtered,rmt,1.0,2.6153791806491165,19.98854425368467,0.8835097833705555,24
2020-06-23,sector_baseline,baseline,sector,0.0,0.0,0.0,0.6714323356861467,24
2020-06-23,raw_pca_residual,raw_pca,raw_pca,14.0,2.6153791806491165,19.9341574707299,0.4922092668039663,24
2020-06-23,raw_pca_stabilized,raw_pca,raw_pca,14.0,2.6153791806491165,19.9341574707299,0.4922092668039663,24
2020-06-23,rmt_filtered_residual,rmt_filtered,rmt,1.0,2.6153791806491165,19.9341574707299,0.7563472191509136,24
2020-06-23,rmt_filtered_conservative,rmt_filtered,rmt,1.0,2.6153791806491165,19.9341574707299,0.7563472191509136,24
2020-06-24,sector_baseline,baseline,sector,0.0,0.0,0.0,0.7617416341229037,24
2020-06-24,raw_pca_residual,raw_pca,raw_pca,14.0,2.6153791806491165,19.968923182325582,0.7963142341231014,24
2020-06-24,raw_pca_stabilized,raw_pca,raw_pca,14.0,2.6153791806491165,19.968923182325582,0.7963142341231014,24
2020-06-24,rmt_filtered_residual,rmt_filtered,rmt,1.0,2.6153791806491165,19.968923182325582,0.8623273351285659,24
2020-06-24,rmt_filtered_conservative,rmt_filtered,rmt,1.0,2.6153791806491165,19.968923182325582,0.8623273351285659,24
2020-06-25,sector_baseline,baseline,sector,0.0,0.0,0.0,0.9734025351040776,24
2020-06-25,raw_pca_residual,raw_pca,raw_pca,14.0,2.6153791806491165,19.932323822600715,0.981150564744571,24
2020-06-25,raw_pca_stabilized,raw_pca,raw_pca,14.0,2.6153791806491165,19.932323822600715,0.981150564744571,24
2020-06-25,rmt_filtered_residual,rmt_filtered,rmt,1.0,2.6153791806491165,19.932323822600715,0.8980866835481941,24
2020-06-25,rmt_filtered_conservative,rmt_filtered,rmt,1.0,2.6153791806491165,19.932323822600715,0.8980866835481941,24
2020-06-26,sector_baseline,baseline,sector,0.0,0.0,0.0,0.9138254125238413,24
2020-06-26,raw_pca_residual,raw_pca,raw_pca,14.0,2.6153791806491165,19.867454308791938,1.1617986079252776,24
2020-06-26,raw_pca_stabilized,raw_pca,raw_pca,14.0,2.6153791806491165,19.867454308791938,1.1617986079252776,24
2020-06-26,rmt_filtered_residual,rmt_filtered,rmt,1.0,2.6153791806491165,19.867454308791938,0.8250078503973254,24
2020-06-26,rmt_filtered_conservative,rmt_filtered,rmt,1.0,2.6153791806491165,19.867454308791938,0.8250078503973254,24
2020-06-29,sector_baseline,baseline,sector,0.0,0.0,0.0,0.7303476029832033,24
2020-06-29,raw_pca_residual,raw_pca,raw_pca,14.0,2.6153791806491165,19.868992114361994,0.5955338077154408,24
2020-06-29,raw_pca_stabilized,raw_pca,raw_pca,14.0,2.6153791806491165,19.868992114361994,0.5955338077154408,24
2020-06-29,rmt_filtered_residual,rmt_filtered,rmt,1.0,2.6153791806491165,19.868992114361994,0.9224599629383198,24
2020-06-29,rmt_filtered_conservative,rmt_filtered,rmt,1.0,2.6153791806491165,19.868992114361994,0.9224599629383198,24
2020-06-30,sector_baseline,baseline,sector,0.0,0.0,0.0,0.5564559557977221,24
2020-06-30,raw_pca_residual,raw_pca,raw_pca,14.0,2.6153791806491165,19.85058668047086,0.750045543183202,24
2020-06-30,raw_pca_stabilized,raw_pca,raw_pca,14.0,2.6153791806491165,19.85058668047086,0.750045543183202,24
2020-06-30,rmt_filtered_residual,rmt_filtered,rmt,1.0,2.6153791806491165,19.85058668047086,0.7213775006098605,24
2020-06-30,rmt_filtered_conservative,rmt_filtered,rmt,1.0,2.6153791806491165,19.85058668047086,0.7213775006098605,24
2020-07-01,sector_baseline,baseline,sector,0.0,0.0,0.0,0.9721690708172792,24
2020-07-01,raw_pca_residual,raw_pca,raw_pca,14.0,2.6153791806491165,19.844365380649403,1.0881328821140337,24
2020-07-01,raw_pca_stabilized,raw_pca,raw_pca,14.0,2.6153791806491165,19.844365380649403,1.0881328821140337,24
2020-07-01,rmt_filtered_residual,rmt_filtered,rmt,1.0,2.6153791806491165,19.844365380649403,0.8253834574554748,24
2020-07-01,rmt_filtered_conservative,rmt_filtered,rmt,1.0,2.6153791806491165,19.844365380649403,0.8253834574554748,24
2020-07-02,sector_baseline,baseline,sector,0.0,0.0,0.0,0.7062204113886238,24
2020-07-02,raw_pca_residual,raw_pca,raw_pca,14.0,2.6153791806491165,19.886673817493758,0.5379918969604984,24
2020-07-02,raw_pca_stabilized,raw_pca,raw_pca,14.0,2.6153791806491165,19.886673817493758,0.5379918969604984,24
2020-07-02,rmt_filtered_residual,rmt_filtered,rmt,1.0,2.6153791806491165,19.886673817493758,0.5557372522811924,24
2020-07-02,rmt_filtered_conservative,rmt_filtered,rmt,1.0,2.6153791806491165,19.886673817493758,0.5557372522811924,24
2020-07-03,sector_baseline,baseline,sector,0.0,0.0,0.0,0.7863488096985893,24
2020-07-03,raw_pca_residual,raw_pca,raw_pca,14.0,2.6153791806491165,19.89998586890998,0.9209053639239695,24
2020-07-03,raw_pca_stabilized,raw_pca,raw_pca,14.0,2.6153791806491165,19.89998586890998,0.9209053639239695,24
2020-07-03,rmt_filtered_residual,rmt_filtered,rmt,1.0,2.6153791806491165,19.89998586890998,0.6832169390792958,24
2020-07-03,rmt_filtered_conservative,rmt_filtered,rmt,1.0,2.6153791806491165,19.89998586890998,0.6832169390792958,24
2020-07-06,sector_baseline,baseline,sector,0.0,0.0,0.0,0.9695681961364299,24
2020-07-06,raw_pca_residual,raw_pca,raw_pca,14.0,2.6153791806491165,19.95545873569806,0.6937462401267437,24
2020-07-06,raw_pca_stabilized,raw_pca,raw_pca,14.0,2.6153791806491165,19.95545873569806,0.6937462401267437,24
2020-07-06,rmt_filtered_residual,rmt_filtered,rmt,1.0,2.6153791806491165,19.95545873569806,1.0786975242407995,24
2020-07-06,rmt_filtered_conservative,rmt_filtered,rmt,1.0,2.6153791806491165,19.95545873569806,1.0786975242407995,24
2020-07-07,sector_baseline,baseline,sector,0.0,0.0,0.0,0.8061521373039516,24
2020-07-07,raw_pca_residual,raw_pca,raw_pca,14.0,2.6153791806491165,19.97219549342087,0.5626422912183177,24
2020-07-07,raw_pca_stabilized,raw_pca,raw_pca,14.0,2.6153791806491165,19.97219549342087,0.5626422912183177,24
2020-07-07,rmt_filtered_residual,rmt_filtered,rmt,1.0,2.6153791806491165,19.97219549342087,0.7756954069818928,24
2020-07-07,rmt_filtered_conservative,rmt_filtered,rmt,1.0,2.6153791806491165,19.97219549342087,0.7756954069818928,24
2020-07-08,sector_baseline,baseline,sector,0.0,0.0,0.0,0.7845834887706657,24
2020-07-08,raw_pca_residual,raw_pca,raw_pca,14.0,2.6153791806491165,20.020949353953387,0.645245594121106,24
2020-07-08,raw_pca_stabilized,raw_pca,raw_pca,14.0,2.6153791806491165,20.020949353953387,0.645245594121106,24
2020-07-08,rmt_filtered_residual,rmt_filtered,rmt,1.0,2.6153791806491165,20.020949353953387,0.7428557158368374,24
2020-07-08,rmt_filtered_conservative,rmt_filtered,rmt,1.0,2.6153791806491165,20.020949353953387,0.7428557158368374,24
2020-07-09,sector_baseline,baseline,sector,0.0,0.0,0.0,0.6426595006558067,24
2020-07-09,raw_pca_residual,raw_pca,raw_pca,14.0,2.6153791806491165,20.224415630201108,0.6104998972919454,24
2020-07-09,raw_pca_stabilized,raw_pca,raw_pca,14.0,2.6153791806491165,20.224415630201108,0.6104998972919454,24
2020-07-09,rmt_filtered_residual,rmt_filtered,rmt,1.0,2.6153791806491165,20.224415630201108,0.5130241370703074,24
2020-07-09,rmt_filtered_conservative,rmt_filtered,rmt,1.0,2.6153791806491165,20.224415630201108,0.5130241370703074,24
2020-07-10,sector_baseline,baseline,sector,0.0,0.0,0.0,0.7194782004441403,24
2020-07-10,raw_pca_residual,raw_pca,raw_pca,14.0,2.6153791806491165,20.198373887283267,0.857105271333492,24
2020-07-10,raw_pca_stabilized,raw_pca,raw_pca,14.0,2.6153791806491165,20.198373887283267,0.857105271333492,24
2020-07-10,rmt_filtered_residual,rmt_filtered,rmt,1.0,2.6153791806491165,20.198373887283267,0.7349817244176048,24
2020-07-10,rmt_filtered_conservative,rmt_filtered,rmt,1.0,2.6153791806491165,20.198373887283267,0.7349817244176048,24
2020-07-13,sector_baseline,baseline,sector,0.0,0.0,0.0,0.98499164131487,24
2020-07-13,raw_pca_residual,raw_pca,raw_pca,14.0,2.6153791806491165,20.17472820179621,1.0322586179458704,24
2020-07-13,raw_pca_stabilized,raw_pca,raw_pca,14.0,2.6153791806491165,20.17472820179621,1.0322586179458704,24
2020-07-13,rmt_filtered_residual,rmt_filtered,rmt,1.0,2.6153791806491165,20.17472820179621,0.9293069275262026,24
2020-07-13,rmt_filtered_conservative,rmt_filtered,rmt,1.0,2.6153791806491165,20.17472820179621,0.9293069275262026,24
2020-07-14,sector_baseline,baseline,sector,0.0,0.0,0.0,0.7430427853371894,24
2020-07-14,raw_pca_residual,raw_pca,raw_pca,14.0,2.6153791806491165,20.17718767301132,0.5570303607240988,24
2020-07-14,raw_pca_stabilized,raw_pca,raw_pca,14.0,2.6153791806491165,20.17718767301132,0.5570303607240988,24
2020-07-14,rmt_filtered_residual,rmt_filtered,rmt,1.0,2.6153791806491165,20.17718767301132,0.6067389800554831,24
2020-07-14,rmt_filtered_conservative,rmt_filtered,rmt,1.0,2.6153791806491165,20.17718767301132,0.6067389800554831,24
2020-07-15,sector_baseline,baseline,sector,0.0,0.0,0.0,0.944784070177036,24
2020-07-15,raw_pca_residual,raw_pca,raw_pca,14.0,2.6153791806491165,20.17293564477955,0.6013010751984991,24
2020-07-15,raw_pca_stabilized,raw_pca,raw_pca,14.0,2.6153791806491165,20.17293564477955,0.6013010751984991,24
2020-07-15,rmt_filtered_residual,rmt_filtered,rmt,1.0,2.6153791806491165,20.17293564477955,0.9723490079448909,24
2020-07-15,rmt_filtered_conservative,rmt_filtered,rmt,1.0,2.6153791806491165,20.17293564477955,0.9723490079448909,24
2020-07-16,sector_baseline,baseline,sector,0.0,0.0,0.0,0.6909704853839361,24
2020-07-16,raw_pca_residual,raw_pca,raw_pca,14.0,2.6153791806491165,20.27305394921386,0.8139051573827999,24
2020-07-16,raw_pca_stabilized,raw_pca,raw_pca,14.0,2.6153791806491165,20.27305394921386,0.8139051573827999,24
2020-07-16,rmt_filtered_residual,rmt_filtered,rmt,1.0,2.6153791806491165,20.27305394921386,0.6559326782849412,24
2020-07-16,rmt_filtered_conservative,rmt_filtered,rmt,1.0,2.6153791806491165,20.27305394921386,0.6559326782849412,24
2020-07-17,sector_baseline,baseline,sector,0.0,0.0,0.0,0.7172058748910164,24
2020-07-17,raw_pca_residual,raw_pca,raw_pca,14.0,2.6153791806491165,20.31495711794161,1.218200745108532,24
2020-07-17,raw_pca_stabilized,raw_pca,raw_pca,14.0,2.6153791806491165,20.31495711794161,1.218200745108532,24
2020-07-17,rmt_filtered_residual,rmt_filtered,rmt,1.0,2.6153791806491165,20.31495711794161,0.7976755191043957,24
2020-07-17,rmt_filtered_conservative,rmt_filtered,rmt,1.0,2.6153791806491165,20.31495711794161,0.7976755191043957,24
2020-07-20,sector_baseline,baseline,sector,0.0,0.0,0.0,0.6312527921538867,24
2020-07-20,raw_pca_residual,raw_pca,raw_pca,14.0,2.6153791806491165,20.19695337438475,0.4912518449833014,24
2020-07-20,raw_pca_stabilized,raw_pca,raw_pca,14.0,2.6153791806491165,20.19695337438475,0.4912518449833014,24
2020-07-20,rmt_filtered_residual,rmt_filtered,rmt,1.0,2.6153791806491165,20.19695337438475,0.7546332480858791,24
2020-07-20,rmt_filtered_conservative,rmt_filtered,rmt,1.0,2.6153791806491165,20.19695337438475,0.7546332480858791,24
2020-07-21,sector_baseline,baseline,sector,0.0,0.0,0.0,0.6695564655760822,24
2020-07-21,raw_pca_residual,raw_pca,raw_pca,14.0,2.6153791806491165,20.21773029180886,0.7681676987229231,24
2020-07-21,raw_pca_stabilized,raw_pca,raw_pca,14.0,2.6153791806491165,20.21773029180886,0.7681676987229231,24
2020-07-21,rmt_filtered_residual,rmt_filtered,rmt,1.0,2.6153791806491165,20.21773029180886,0.774687257464834,24
2020-07-21,rmt_filtered_conservative,rmt_filtered,rmt,1.0,2.6153791806491165,20.21773029180886,0.774687257464834,24
2020-07-22,sector_baseline,baseline,sector,0.0,0.0,0.0,0.8630926297506537,24
2020-07-22,raw_pca_residual,raw_pca,raw_pca,14.0,2.6153791806491165,20.209976897034387,0.6043020037595697,24
2020-07-22,raw_pca_stabilized,raw_pca,raw_pca,14.0,2.6153791806491165,20.209976897034387,0.6043020037595697,24
2020-07-22,rmt_filtered_residual,rmt_filtered,rmt,1.0,2.6153791806491165,20.209976897034387,0.9036957107782116,24
2020-07-22,rmt_filtered_conservative,rmt_filtered,rmt,1.0,2.6153791806491165,20.209976897034387,0.9036957107782116,24
2020-07-23,sector_baseline,baseline,sector,0.0,0.0,0.0,0.8298893897268805,24
2020-07-23,raw_pca_residual,raw_pca,raw_pca,14.0,2.6153791806491165,20.171950035645477,0.7505097572822342,24
2020-07-23,raw_pca_stabilized,raw_pca,raw_pca,14.0,2.6153791806491165,20.171950035645477,0.7505097572822342,24
2020-07-23,rmt_filtered_residual,rmt_filtered,rmt,1.0,2.6153791806491165,20.171950035645477,0.7283669899967515,24
2020-07-23,rmt_filtered_conservative,rmt_filtered,rmt,1.0,2.6153791806491165,20.171950035645477,0.7283669899967515,24
2020-07-24,sector_baseline,baseline,sector,0.0,0.0,0.0,0.8658259314093949,24
2020-07-24,raw_pca_residual,raw_pca,raw_pca,14.0,2.6153791806491165,20.07899209265843,1.2243176895032313,24
2020-07-24,raw_pca_stabilized,raw_pca,raw_pca,14.0,2.6153791806491165,20.07899209265843,1.2243176895032313,24
2020-07-24,rmt_filtered_residual,rmt_filtered,rmt,1.0,2.6153791806491165,20.07899209265843,0.8816760123862458,24
2020-07-24,rmt_filtered_conservative,rmt_filtered,rmt,1.0,2.6153791806491165,20.07899209265843,0.8816760123862458,24
2020-07-27,sector_baseline,baseline,sector,0.0,0.0,0.0,0.7974661726015922,24
2020-07-27,raw_pca_residual,raw_pca,raw_pca,14.0,2.6153791806491165,19.643722626522532,0.8805224362607205,24
2020-07-27,raw_pca_stabilized,raw_pca,raw_pca,14.0,2.6153791806491165,19.643722626522532,0.8805224362607205,24
2020-07-27,rmt_filtered_residual,rmt_filtered,rmt,1.0,2.6153791806491165,19.643722626522532,0.9487739303385373,24
2020-07-27,rmt_filtered_conservative,rmt_filtered,rmt,1.0,2.6153791806491165,19.643722626522532,0.9487739303385373,24
2020-07-28,sector_baseline,baseline,sector,0.0,0.0,0.0,0.9164328406526084,24
2020-07-28,raw_pca_residual,raw_pca,raw_pca,14.0,2.6153791806491165,19.872938812367966,0.6641907153179587,24
2020-07-28,raw_pca_stabilized,raw_pca,raw_pca,14.0,2.6153791806491165,19.872938812367966,0.6641907153179587,24
2020-07-28,rmt_filtered_residual,rmt_filtered,rmt,1.0,2.6153791806491165,19.872938812367966,0.8041903010869941,24
2020-07-28,rmt_filtered_conservative,rmt_filtered,rmt,1.0,2.6153791806491165,19.872938812367966,0.8041903010869941,24
2020-07-29,sector_baseline,baseline,sector,0.0,0.0,0.0,0.8070363963107662,24
2020-07-29,raw_pca_residual,raw_pca,raw_pca,14.0,2.6153791806491165,19.83721745873011,0.725132736134392,24
2020-07-29,raw_pca_stabilized,raw_pca,raw_pca,14.0,2.6153791806491165,19.83721745873011,0.725132736134392,24
2020-07-29,rmt_filtered_residual,rmt_filtered,rmt,1.0,2.6153791806491165,19.83721745873011,0.7715887031556209,24
2020-07-29,rmt_filtered_conservative,rmt_filtered,rmt,1.0,2.6153791806491165,19.83721745873011,0.7715887031556209,24
2020-07-30,sector_baseline,baseline,sector,0.0,0.0,0.0,0.6649482668632692,24
2020-07-30,raw_pca_residual,raw_pca,raw_pca,14.0,2.6153791806491165,19.824328716602523,0.36109062337665604,24
2020-07-30,raw_pca_stabilized,raw_pca,raw_pca,14.0,2.6153791806491165,19.824328716602523,0.36109062337665604,24
2020-07-30,rmt_filtered_residual,rmt_filtered,rmt,1.0,2.6153791806491165,19.824328716602523,0.7252253773250601,24
2020-07-30,rmt_filtered_conservative,rmt_filtered,rmt,1.0,2.6153791806491165,19.824328716602523,0.7252253773250601,24
2020-07-31,sector_baseline,baseline,sector,0.0,0.0,0.0,0.9392884649697383,24
2020-07-31,raw_pca_residual,raw_pca,raw_pca,14.0,2.6153791806491165,19.915468633339863,0.8430034630428359,24
2020-07-31,raw_pca_stabilized,raw_pca,raw_pca,14.0,2.6153791806491165,19.915468633339863,0.8430034630428359,24
2020-07-31,rmt_filtered_residual,rmt_filtered,rmt,1.0,2.6153791806491165,19.915468633339863,0.8745099157539306,24
2020-07-31,rmt_filtered_conservative,rmt_filtered,rmt,1.0,2.6153791806491165,19.915468633339863,0.8745099157539306,24
2020-08-03,sector_baseline,baseline,sector,0.0,0.0,0.0,0.8480621197464594,24
2020-08-03,raw_pca_residual,raw_pca,raw_pca,14.0,2.6153791806491165,19.87984812229033,0.5930534578690918,24
2020-08-03,raw_pca_stabilized,raw_pca,raw_pca,14.0,2.6153791806491165,19.87984812229033,0.5930534578690918,24
2020-08-03,rmt_filtered_residual,rmt_filtered,rmt,1.0,2.6153791806491165,19.87984812229033,0.7492133706099589,24
2020-08-03,rmt_filtered_conservative,rmt_filtered,rmt,1.0,2.6153791806491165,19.87984812229033,0.7492133706099589,24
2020-08-04,sector_baseline,baseline,sector,0.0,0.0,0.0,0.8687027476563487,24
2020-08-04,raw_pca_residual,raw_pca,raw_pca,14.0,2.6153791806491165,19.683763078072754,0.5630925655664378,24
2020-08-04,raw_pca_stabilized,raw_pca,raw_pca,14.0,2.6153791806491165,19.683763078072754,0.5630925655664378,24
2020-08-04,rmt_filtered_residual,rmt_filtered,rmt,1.0,2.6153791806491165,19.683763078072754,0.9436047364046652,24
2020-08-04,rmt_filtered_conservative,rmt_filtered,rmt,1.0,2.6153791806491165,19.683763078072754,0.9436047364046652,24
2020-08-05,sector_baseline,baseline,sector,0.0,0.0,0.0,0.8477685929500619,24
2020-08-05,raw_pca_residual,raw_pca,raw_pca,14.0,2.6153791806491165,19.61333786549578,0.7373078933027207,24
2020-08-05,raw_pca_stabilized,raw_pca,raw_pca,14.0,2.6153791806491165,19.61333786549578,0.7373078933027207,24
2020-08-05,rmt_filtered_residual,rmt_filtered,rmt,1.0,2.6153791806491165,19.61333786549578,0.9455684555586218,24
2020-08-05,rmt_filtered_conservative,rmt_filtered,rmt,1.0,2.6153791806491165,19.61333786549578,0.9455684555586218,24
2020-08-06,sector_baseline,baseline,sector,0.0,0.0,0.0,0.6972373304637607,24
2020-08-06,raw_pca_residual,raw_pca,raw_pca,14.0,2.6153791806491165,19.63959636777914,0.8034911427152621,24
2020-08-06,raw_pca_stabilized,raw_pca,raw_pca,14.0,2.6153791806491165,19.63959636777914,0.8034911427152621,24
2020-08-06,rmt_filtered_residual,rmt_filtered,rmt,1.0,2.6153791806491165,19.63959636777914,0.8661577461869188,24
2020-08-06,rmt_filtered_conservative,rmt_filtered,rmt,1.0,2.6153791806491165,19.63959636777914,0.8661577461869188,24
2020-08-07,sector_baseline,baseline,sector,0.0,0.0,0.0,0.7729978499256083,24
2020-08-07,raw_pca_residual,raw_pca,raw_pca,14.0,2.6153791806491165,19.422517421544136,0.6968500179759453,24
2020-08-07,raw_pca_stabilized,raw_pca,raw_pca,14.0,2.6153791806491165,19.422517421544136,0.6968500179759453,24
2020-08-07,rmt_filtered_residual,rmt_filtered,rmt,1.0,2.6153791806491165,19.422517421544136,0.8681598335015459,24
2020-08-07,rmt_filtered_conservative,rmt_filtered,rmt,1.0,2.6153791806491165,19.422517421544136,0.8681598335015459,24
2020-08-10,sector_baseline,baseline,sector,0.0,0.0,0.0,0.7318817984941521,24
2020-08-10,raw_pca_residual,raw_pca,raw_pca,14.0,2.6153791806491165,19.46894476684594,0.5773127851540448,24
2020-08-10,raw_pca_stabilized,raw_pca,raw_pca,14.0,2.6153791806491165,19.46894476684594,0.5773127851540448,24
2020-08-10,rmt_filtered_residual,rmt_filtered,rmt,1.0,2.6153791806491165,19.46894476684594,0.7721671870766441,24
2020-08-10,rmt_filtered_conservative,rmt_filtered,rmt,1.0,2.6153791806491165,19.46894476684594,0.7721671870766441,24
2020-08-11,sector_baseline,baseline,sector,0.0,0.0,0.0,0.7702379692641333,24
2020-08-11,raw_pca_residual,raw_pca,raw_pca,14.0,2.6153791806491165,19.514761939039754,0.8725956664641047,24
2020-08-11,raw_pca_stabilized,raw_pca,raw_pca,14.0,2.6153791806491165,19.514761939039754,0.8725956664641047,24
2020-08-11,rmt_filtered_residual,rmt_filtered,rmt,1.0,2.6153791806491165,19.514761939039754,0.8854179492723278,24
2020-08-11,rmt_filtered_conservative,rmt_filtered,rmt,1.0,2.6153791806491165,19.514761939039754,0.8854179492723278,24
2020-08-12,sector_baseline,baseline,sector,0.0,0.0,0.0,0.5198400269194169,24
2020-08-12,raw_pca_residual,raw_pca,raw_pca,14.0,2.6153791806491165,19.5955334407818,0.5986000327108176,24
2020-08-12,raw_pca_stabilized,raw_pca,raw_pca,14.0,2.6153791806491165,19.5955334407818,0.5986000327108176,24
2020-08-12,rmt_filtered_residual,rmt_filtered,rmt,1.0,2.6153791806491165,19.5955334407818,0.6464871630194122,24
2020-08-12,rmt_filtered_conservative,rmt_filtered,rmt,1.0,2.6153791806491165,19.5955334407818,0.6464871630194122,24
2020-08-13,sector_baseline,baseline,sector,0.0,0.0,0.0,0.9407050105304325,24
2020-08-13,raw_pca_residual,raw_pca,raw_pca,14.0,2.6153791806491165,19.611259743475753,0.8477737025146551,24
2020-08-13,raw_pca_stabilized,raw_pca,raw_pca,14.0,2.6153791806491165,19.611259743475753,0.8477737025146551,24
2020-08-13,rmt_filtered_residual,rmt_filtered,rmt,1.0,2.6153791806491165,19.611259743475753,0.980472453992908,24
2020-08-13,rmt_filtered_conservative,rmt_filtered,rmt,1.0,2.6153791806491165,19.611259743475753,0.980472453992908,24
2020-08-14,sector_baseline,baseline,sector,0.0,0.0,0.0,0.896701370676222,24
2020-08-14,raw_pca_residual,raw_pca,raw_pca,14.0,2.6153791806491165,19.5117171442318,0.9431193858571444,24
2020-08-14,raw_pca_stabilized,raw_pca,raw_pca,14.0,2.6153791806491165,19.5117171442318,0.9431193858571444,24
2020-08-14,rmt_filtered_residual,rmt_filtered,rmt,1.0,2.6153791806491165,19.5117171442318,0.9250743073211369,24
2020-08-14,rmt_filtered_conservative,rmt_filtered,rmt,1.0,2.6153791806491165,19.5117171442318,0.9250743073211369,24
2020-08-17,sector_baseline,baseline,sector,0.0,0.0,0.0,0.7784682008299647,24
2020-08-17,raw_pca_residual,raw_pca,raw_pca,14.0,2.6153791806491165,19.405825343601045,1.0590052893591777,24
2020-08-17,raw_pca_stabilized,raw_pca,raw_pca,14.0,2.6153791806491165,19.405825343601045,1.0590052893591777,24
2020-08-17,rmt_filtered_residual,rmt_filtered,rmt,1.0,2.6153791806491165,19.405825343601045,0.7270474615827701,24
2020-08-17,rmt_filtered_conservative,rmt_filtered,rmt,1.0,2.6153791806491165,19.405825343601045,0.7270474615827701,24
2020-08-18,sector_baseline,baseline,sector,0.0,0.0,0.0,0.6666278232091333,24
2020-08-18,raw_pca_residual,raw_pca,raw_pca,14.0,2.6153791806491165,19.409489984201738,0.4375046635881572,24
2020-08-18,raw_pca_stabilized,raw_pca,raw_pca,14.0,2.6153791806491165,19.409489984201738,0.4375046635881572,24
2020-08-18,rmt_filtered_residual,rmt_filtered,rmt,1.0,2.6153791806491165,19.409489984201738,0.6052675990880539,24
2020-08-18,rmt_filtered_conservative,rmt_filtered,rmt,1.0,2.6153791806491165,19.409489984201738,0.6052675990880539,24
2020-08-19,sector_baseline,baseline,sector,0.0,0.0,0.0,0.9178213401578108,24
2020-08-19,raw_pca_residual,raw_pca,raw_pca,14.0,2.6153791806491165,19.391904226108934,1.2353708155217207,24
2020-08-19,raw_pca_stabilized,raw_pca,raw_pca,14.0,2.6153791806491165,19.391904226108934,1.2353708155217207,24
2020-08-19,rmt_filtered_residual,rmt_filtered,rmt,1.0,2.6153791806491165,19.391904226108934,0.8870156317949253,24
2020-08-19,rmt_filtered_conservative,rmt_filtered,rmt,1.0,2.6153791806491165,19.391904226108934,0.8870156317949253,24
2020-08-20,sector_baseline,baseline,sector,0.0,0.0,0.0,0.7007218892169371,24
2020-08-20,raw_pca_residual,raw_pca,raw_pca,14.0,2.6153791806491165,19.495630562942495,1.1262862755485248,24
2020-08-20,raw_pca_stabilized,raw_pca,raw_pca,14.0,2.6153791806491165,19.495630562942495,1.1262862755485248,24
2020-08-20,rmt_filtered_residual,rmt_filtered,rmt,1.0,2.6153791806491165,19.495630562942495,0.641544248969266,24
2020-08-20,rmt_filtered_conservative,rmt_filtered,rmt,1.0,2.6153791806491165,19.495630562942495,0.641544248969266,24
2020-08-21,sector_baseline,baseline,sector,0.0,0.0,0.0,0.6572317764681529,24
2020-08-21,raw_pca_residual,raw_pca,raw_pca,14.0,2.6153791806491165,19.506590744740254,0.8980238759150709,24
2020-08-21,raw_pca_stabilized,raw_pca,raw_pca,14.0,2.6153791806491165,19.506590744740254,0.8980238759150709,24
2020-08-21,rmt_filtered_residual,rmt_filtered,rmt,1.0,2.6153791806491165,19.506590744740254,0.8316711620025123,24
2020-08-21,rmt_filtered_conservative,rmt_filtered,rmt,1.0,2.6153791806491165,19.506590744740254,0.8316711620025123,24
2020-08-24,sector_baseline,baseline,sector,0.0,0.0,0.0,0.9407172733482492,24
2020-08-24,raw_pca_residual,raw_pca,raw_pca,14.0,2.6153791806491165,19.465847256281783,0.6494676430945714,24
2020-08-24,raw_pca_stabilized,raw_pca,raw_pca,14.0,2.6153791806491165,19.465847256281783,0.6494676430945714,24
2020-08-24,rmt_filtered_residual,rmt_filtered,rmt,1.0,2.6153791806491165,19.465847256281783,0.938670190418433,24
2020-08-24,rmt_filtered_conservative,rmt_filtered,rmt,1.0,2.6153791806491165,19.465847256281783,0.938670190418433,24
2020-08-25,sector_baseline,baseline,sector,0.0,0.0,0.0,0.7578205653824771,24
2020-08-25,raw_pca_residual,raw_pca,raw_pca,14.0,2.6153791806491165,19.506669637528212,0.7295224315979972,24
2020-08-25,raw_pca_stabilized,raw_pca,raw_pca,14.0,2.6153791806491165,19.506669637528212,0.7295224315979972,24
2020-08-25,rmt_filtered_residual,rmt_filtered,rmt,1.0,2.6153791806491165,19.506669637528212,0.849606020107621,24
2020-08-25,rmt_filtered_conservative,rmt_filtered,rmt,1.0,2.6153791806491165,19.506669637528212,0.849606020107621,24
2020-08-26,sector_baseline,baseline,sector,0.0,0.0,0.0,0.5746288585236664,24
2020-08-26,raw_pca_residual,raw_pca,raw_pca,14.0,2.6153791806491165,19.50533023572415,0.8832141975745366,24
2020-08-26,raw_pca_stabilized,raw_pca,raw_pca,14.0,2.6153791806491165,19.50533023572415,0.8832141975745366,24
2020-08-26,rmt_filtered_residual,rmt_filtered,rmt,1.0,2.6153791806491165,19.50533023572415,0.5196834061390406,24
2020-08-26,rmt_filtered_conservative,rmt_filtered,rmt,1.0,2.6153791806491165,19.50533023572415,0.5196834061390406,24
2020-08-27,sector_baseline,baseline,sector,0.0,0.0,0.0,0.7889313081401532,24
2020-08-27,raw_pca_residual,raw_pca,raw_pca,14.0,2.6153791806491165,19.410613595269265,0.6572283853960271,24
2020-08-27,raw_pca_stabilized,raw_pca,raw_pca,14.0,2.6153791806491165,19.410613595269265,0.6572283853960271,24
2020-08-27,rmt_filtered_residual,rmt_filtered,rmt,1.0,2.6153791806491165,19.410613595269265,0.8181816755950236,24
2020-08-27,rmt_filtered_conservative,rmt_filtered,rmt,1.0,2.6153791806491165,19.410613595269265,0.8181816755950236,24
2020-08-28,sector_baseline,baseline,sector,0.0,0.0,0.0,0.7082682262710694,24
2020-08-28,raw_pca_residual,raw_pca,raw_pca,14.0,2.6153791806491165,19.400276728217296,0.872046164122516,24
2020-08-28,raw_pca_stabilized,raw_pca,raw_pca,14.0,2.6153791806491165,19.400276728217296,0.872046164122516,24
2020-08-28,rmt_filtered_residual,rmt_filtered,rmt,1.0,2.6153791806491165,19.400276728217296,0.6682705642325106,24
2020-08-28,rmt_filtered_conservative,rmt_filtered,rmt,1.0,2.6153791806491165,19.400276728217296,0.6682705642325106,24
2020-08-31,sector_baseline,baseline,sector,0.0,0.0,0.0,0.8638865652001423,24
2020-08-31,raw_pca_residual,raw_pca,raw_pca,14.0,2.6153791806491165,19.570956298133243,1.0878943124057066,24
2020-08-31,raw_pca_stabilized,raw_pca,raw_pca,14.0,2.6153791806491165,19.570956298133243,1.0878943124057066,24
2020-08-31,rmt_filtered_residual,rmt_filtered,rmt,1.0,2.6153791806491165,19.570956298133243,0.8806639258720019,24
2020-08-31,rmt_filtered_conservative,rmt_filtered,rmt,1.0,2.6153791806491165,19.570956298133243,0.8806639258720019,24
2020-09-01,sector_baseline,baseline,sector,0.0,0.0,0.0,0.7513131025705012,24
2020-09-01,raw_pca_residual,raw_pca,raw_pca,14.0,2.6153791806491165,19.32633319733098,0.8269881706347962,24
2020-09-01,raw_pca_stabilized,raw_pca,raw_pca,14.0,2.6153791806491165,19.32633319733098,0.8269881706347962,24
2020-09-01,rmt_filtered_residual,rmt_filtered,rmt,1.0,2.6153791806491165,19.32633319733098,0.896492189921648,24
2020-09-01,rmt_filtered_conservative,rmt_filtered,rmt,1.0,2.6153791806491165,19.32633319733098,0.896492189921648,24
2020-09-02,sector_baseline,baseline,sector,0.0,0.0,0.0,0.6975973363752975,24
2020-09-02,raw_pca_residual,raw_pca,raw_pca,14.0,2.6153791806491165,19.42858067036718,0.6174089335956493,24
2020-09-02,raw_pca_stabilized,raw_pca,raw_pca,14.0,2.6153791806491165,19.42858067036718,0.6174089335956493,24
2020-09-02,rmt_filtered_residual,rmt_filtered,rmt,1.0,2.6153791806491165,19.42858067036718,0.648125017744725,24
2020-09-02,rmt_filtered_conservative,rmt_filtered,rmt,1.0,2.6153791806491165,19.42858067036718,0.648125017744725,24
2020-09-03,sector_baseline,baseline,sector,0.0,0.0,0.0,1.027351770289669,24
2020-09-03,raw_pca_residual,raw_pca,raw_pca,14.0,2.6153791806491165,19.38502878867049,1.3665931857722242,24
2020-09-03,raw_pca_stabilized,raw_pca,raw_pca,14.0,2.6153791806491165,19.38502878867049,1.3665931857722242,24
2020-09-03,rmt_filtered_residual,rmt_filtered,rmt,1.0,2.6153791806491165,19.38502878867049,1.0541108694124695,24
2020-09-03,rmt_filtered_conservative,rmt_filtered,rmt,1.0,2.6153791806491165,19.38502878867049,1.0541108694124695,24
2020-09-04,sector_baseline,baseline,sector,0.0,0.0,0.0,0.9493488690658904,24
2020-09-04,raw_pca_residual,raw_pca,raw_pca,14.0,2.6153791806491165,19.33884223355162,0.8351899913648841,24
2020-09-04,raw_pca_stabilized,raw_pca,raw_pca,14.0,2.6153791806491165,19.33884223355162,0.8351899913648841,24
2020-09-04,rmt_filtered_residual,rmt_filtered,rmt,1.0,2.6153791806491165,19.33884223355162,1.1475715947035066,24
2020-09-04,rmt_filtered_conservative,rmt_filtered,rmt,1.0,2.6153791806491165,19.33884223355162,1.1475715947035066,24
2020-09-07,sector_baseline,baseline,sector,0.0,0.0,0.0,0.8223995055774438,24
2020-09-07,raw_pca_residual,raw_pca,raw_pca,14.0,2.6153791806491165,19.313109204140993,0.9774635777167507,24
2020-09-07,raw_pca_stabilized,raw_pca,raw_pca,14.0,2.6153791806491165,19.313109204140993,0.9774635777167507,24
2020-09-07,rmt_filtered_residual,rmt_filtered,rmt,1.0,2.6153791806491165,19.313109204140993,0.7372232791941667,24
2020-09-07,rmt_filtered_conservative,rmt_filtered,rmt,1.0,2.6153791806491165,19.313109204140993,0.7372232791941667,24
2020-09-08,sector_baseline,baseline,sector,0.0,0.0,0.0,0.7532118989501265,24
2020-09-08,raw_pca_residual,raw_pca,raw_pca,14.0,2.6153791806491165,19.379704715509398,0.8623647965890351,24
2020-09-08,raw_pca_stabilized,raw_pca,raw_pca,14.0,2.6153791806491165,19.379704715509398,0.8623647965890351,24
2020-09-08,rmt_filtered_residual,rmt_filtered,rmt,1.0,2.6153791806491165,19.379704715509398,0.7419330860156176,24
2020-09-08,rmt_filtered_conservative,rmt_filtered,rmt,1.0,2.6153791806491165,19.379704715509398,0.7419330860156176,24
2020-09-09,sector_baseline,baseline,sector,0.0,0.0,0.0,0.7139472141584569,24
2020-09-09,raw_pca_residual,raw_pca,raw_pca,14.0,2.6153791806491165,19.26797665717117,0.7033500338346114,24
2020-09-09,raw_pca_stabilized,raw_pca,raw_pca,14.0,2.6153791806491165,19.26797665717117,0.7033500338346114,24
2020-09-09,rmt_filtered_residual,rmt_filtered,rmt,1.0,2.6153791806491165,19.26797665717117,1.0622287727337505,24
2020-09-09,rmt_filtered_conservative,rmt_filtered,rmt,1.0,2.6153791806491165,19.26797665717117,1.0622287727337505,24
2020-09-10,sector_baseline,baseline,sector,0.0,0.0,0.0,0.9035865612499668,24
2020-09-10,raw_pca_residual,raw_pca,raw_pca,14.0,2.6153791806491165,19.185637436222375,0.6542378402478938,24
2020-09-10,raw_pca_stabilized,raw_pca,raw_pca,14.0,2.6153791806491165,19.185637436222375,0.6542378402478938,24
2020-09-10,rmt_filtered_residual,rmt_filtered,rmt,1.0,2.6153791806491165,19.185637436222375,0.9871508251258988,24
2020-09-10,rmt_filtered_conservative,rmt_filtered,rmt,1.0,2.6153791806491165,19.185637436222375,0.9871508251258988,24
2020-09-11,sector_baseline,baseline,sector,0.0,0.0,0.0,0.9656708251508751,24
2020-09-11,raw_pca_residual,raw_pca,raw_pca,14.0,2.6153791806491165,19.06505348903345,1.0608166119711786,24
2020-09-11,raw_pca_stabilized,raw_pca,raw_pca,14.0,2.6153791806491165,19.06505348903345,1.0608166119711786,24
2020-09-11,rmt_filtered_residual,rmt_filtered,rmt,1.0,2.6153791806491165,19.06505348903345,0.9580281226960442,24
2020-09-11,rmt_filtered_conservative,rmt_filtered,rmt,1.0,2.6153791806491165,19.06505348903345,0.9580281226960442,24
2020-09-14,sector_baseline,baseline,sector,0.0,0.0,0.0,0.8006905904040235,24
2020-09-14,raw_pca_residual,raw_pca,raw_pca,14.0,2.6153791806491165,18.729190606685773,0.7551126349280373,24
2020-09-14,raw_pca_stabilized,raw_pca,raw_pca,14.0,2.6153791806491165,18.729190606685773,0.7551126349280373,24
2020-09-14,rmt_filtered_residual,rmt_filtered,rmt,1.0,2.6153791806491165,18.729190606685773,0.8235130194164557,24
2020-09-14,rmt_filtered_conservative,rmt_filtered,rmt,1.0,2.6153791806491165,18.729190606685773,0.8235130194164557,24
2020-09-15,sector_baseline,baseline,sector,0.0,0.0,0.0,0.7756143625967523,24
2020-09-15,raw_pca_residual,raw_pca,raw_pca,14.0,2.6153791806491165,18.694703589762067,0.7217521413365363,24
2020-09-15,raw_pca_stabilized,raw_pca,raw_pca,14.0,2.6153791806491165,18.694703589762067,0.7217521413365363,24
2020-09-15,rmt_filtered_residual,rmt_filtered,rmt,1.0,2.6153791806491165,18.694703589762067,0.8207072872902494,24
2020-09-15,rmt_filtered_conservative,rmt_filtered,rmt,1.0,2.6153791806491165,18.694703589762067,0.8207072872902494,24
2020-09-16,sector_baseline,baseline,sector,0.0,0.0,0.0,1.0104156647382592,24
2020-09-16,raw_pca_residual,raw_pca,raw_pca,14.0,2.6153791806491165,18.615648653789627,0.8924249653560913,24
2020-09-16,raw_pca_stabilized,raw_pca,raw_pca,14.0,2.6153791806491165,18.615648653789627,0.8924249653560913,24
2020-09-16,rmt_filtered_residual,rmt_filtered,rmt,1.0,2.6153791806491165,18.615648653789627,1.0403501115754306,24
2020-09-16,rmt_filtered_conservative,rmt_filtered,rmt,1.0,2.6153791806491165,18.615648653789627,1.0403501115754306,24
2020-09-17,sector_baseline,baseline,sector,0.0,0.0,0.0,0.8453182256591859,24
2020-09-17,raw_pca_residual,raw_pca,raw_pca,14.0,2.6153791806491165,18.667334122906126,0.7865509535297033,24
2020-09-17,raw_pca_stabilized,raw_pca,raw_pca,14.0,2.6153791806491165,18.667334122906126,0.7865509535297033,24
2020-09-17,rmt_filtered_residual,rmt_filtered,rmt,1.0,2.6153791806491165,18.667334122906126,0.7278827114522611,24
2020-09-17,rmt_filtered_conservative,rmt_filtered,rmt,1.0,2.6153791806491165,18.667334122906126,0.7278827114522611,24
2020-09-18,sector_baseline,baseline,sector,0.0,0.0,0.0,0.7202130567419293,24
2020-09-18,raw_pca_residual,raw_pca,raw_pca,14.0,2.6153791806491165,18.912243585087687,0.8635635036455835,24
2020-09-18,raw_pca_stabilized,raw_pca,raw_pca,14.0,2.6153791806491165,18.912243585087687,0.8635635036455835,24
2020-09-18,rmt_filtered_residual,rmt_filtered,rmt,1.0,2.6153791806491165,18.912243585087687,0.8648030180457802,24
2020-09-18,rmt_filtered_conservative,rmt_filtered,rmt,1.0,2.6153791806491165,18.912243585087687,0.8648030180457802,24
2020-09-21,sector_baseline,baseline,sector,0.0,0.0,0.0,0.9463442547637572,24
2020-09-21,raw_pca_residual,raw_pca,raw_pca,14.0,2.6153791806491165,19.330603232958833,0.7293657790092659,24
2020-09-21,raw_pca_stabilized,raw_pca,raw_pca,14.0,2.6153791806491165,19.330603232958833,0.7293657790092659,24
2020-09-21,rmt_filtered_residual,rmt_filtered,rmt,1.0,2.6153791806491165,19.330603232958833,0.8210300362491237,24
2020-09-21,rmt_filtered_conservative,rmt_filtered,rmt,1.0,2.6153791806491165,19.330603232958833,0.8210300362491237,24
2020-09-22,sector_baseline,baseline,sector,0.0,0.0,0.0,0.5824892470225945,24
2020-09-22,raw_pca_residual,raw_pca,raw_pca,14.0,2.6153791806491165,19.38444940038532,0.5815514796907967,24
2020-09-22,raw_pca_stabilized,raw_pca,raw_pca,14.0,2.6153791806491165,19.38444940038532,0.5815514796907967,24
2020-09-22,rmt_filtered_residual,rmt_filtered,rmt,1.0,2.6153791806491165,19.38444940038532,0.5264974658288282,24
2020-09-22,rmt_filtered_conservative,rmt_filtered,rmt,1.0,2.6153791806491165,19.38444940038532,0.5264974658288282,24
2020-09-23,sector_baseline,baseline,sector,0.0,0.0,0.0,0.9114123246822928,24
2020-09-23,raw_pca_residual,raw_pca,raw_pca,14.0,2.6153791806491165,19.397885536535327,0.6155683542649992,24
2020-09-23,raw_pca_stabilized,raw_pca,raw_pca,14.0,2.6153791806491165,19.397885536535327,0.6155683542649992,24
2020-09-23,rmt_filtered_residual,rmt_filtered,rmt,1.0,2.6153791806491165,19.397885536535327,0.8676553050474194,24
2020-09-23,rmt_filtered_conservative,rmt_filtered,rmt,1.0,2.6153791806491165,19.397885536535327,0.8676553050474194,24
2020-09-24,sector_baseline,baseline,sector,0.0,0.0,0.0,0.7536180692488936,24
2020-09-24,raw_pca_residual,raw_pca,raw_pca,14.0,2.6153791806491165,19.38846522685075,0.7999040221213106,24
2020-09-24,raw_pca_stabilized,raw_pca,raw_pca,14.0,2.6153791806491165,19.38846522685075,0.7999040221213106,24
2020-09-24,rmt_filtered_residual,rmt_filtered,rmt,1.0,2.6153791806491165,19.38846522685075,0.7832808884995984,24
2020-09-24,rmt_filtered_conservative,rmt_filtered,rmt,1.0,2.6153791806491165,19.38846522685075,0.7832808884995984,24
2020-09-25,sector_baseline,baseline,sector,0.0,0.0,0.0,0.8883969802515231,24
2020-09-25,raw_pca_residual,raw_pca,raw_pca,14.0,2.6153791806491165,19.3823222809337,0.7148654671808098,24
2020-09-25,raw_pca_stabilized,raw_pca,raw_pca,14.0,2.6153791806491165,19.3823222809337,0.7148654671808098,24
2020-09-25,rmt_filtered_residual,rmt_filtered,rmt,1.0,2.6153791806491165,19.3823222809337,0.7702506343937922,24
2020-09-25,rmt_filtered_conservative,rmt_filtered,rmt,1.0,2.6153791806491165,19.3823222809337,0.7702506343937922,24
2020-09-28,sector_baseline,baseline,sector,0.0,0.0,0.0,0.5562330928997795,24
2020-09-28,raw_pca_residual,raw_pca,raw_pca,14.0,2.6153791806491165,19.381368336067098,0.6231940700130996,24
2020-09-28,raw_pca_stabilized,raw_pca,raw_pca,14.0,2.6153791806491165,19.381368336067098,0.6231940700130996,24
2020-09-28,rmt_filtered_residual,rmt_filtered,rmt,1.0,2.6153791806491165,19.381368336067098,0.6081484895571058,24
2020-09-28,rmt_filtered_conservative,rmt_filtered,rmt,1.0,2.6153791806491165,19.381368336067098,0.6081484895571058,24
2020-09-29,sector_baseline,baseline,sector,0.0,0.0,0.0,0.7178081368812869,24
2020-09-29,raw_pca_residual,raw_pca,raw_pca,14.0,2.6153791806491165,19.381444741861483,0.9757493594407181,24
2020-09-29,raw_pca_stabilized,raw_pca,raw_pca,14.0,2.6153791806491165,19.381444741861483,0.9757493594407181,24
2020-09-29,rmt_filtered_residual,rmt_filtered,rmt,1.0,2.6153791806491165,19.381444741861483,0.7273397514586518,24
2020-09-29,rmt_filtered_conservative,rmt_filtered,rmt,1.0,2.6153791806491165,19.381444741861483,0.7273397514586518,24
2020-09-30,sector_baseline,baseline,sector,0.0,0.0,0.0,0.8443926971324176,24
2020-09-30,raw_pca_residual,raw_pca,raw_pca,14.0,2.6153791806491165,19.353253611984897,0.9814442481311927,24
2020-09-30,raw_pca_stabilized,raw_pca,raw_pca,14.0,2.6153791806491165,19.353253611984897,0.9814442481311927,24
2020-09-30,rmt_filtered_residual,rmt_filtered,rmt,1.0,2.6153791806491165,19.353253611984897,0.840209221395584,24
2020-09-30,rmt_filtered_conservative,rmt_filtered,rmt,1.0,2.6153791806491165,19.353253611984897,0.840209221395584,24
2020-10-01,sector_baseline,baseline,sector,0.0,0.0,0.0,0.6399884629776277,24
2020-10-01,raw_pca_residual,raw_pca,raw_pca,14.0,2.6153791806491165,19.328320063902638,0.533409050135867,24
2020-10-01,raw_pca_stabilized,raw_pca,raw_pca,14.0,2.6153791806491165,19.328320063902638,0.533409050135867,24
2020-10-01,rmt_filtered_residual,rmt_filtered,rmt,1.0,2.6153791806491165,19.328320063902638,0.6133812411821964,24
2020-10-01,rmt_filtered_conservative,rmt_filtered,rmt,1.0,2.6153791806491165,19.328320063902638,0.6133812411821964,24
2020-10-02,sector_baseline,baseline,sector,0.0,0.0,0.0,0.8226124824377962,24
2020-10-02,raw_pca_residual,raw_pca,raw_pca,14.0,2.6153791806491165,19.3160388996337,0.7365012358739383,24
2020-10-02,raw_pca_stabilized,raw_pca,raw_pca,14.0,2.6153791806491165,19.3160388996337,0.7365012358739383,24
2020-10-02,rmt_filtered_residual,rmt_filtered,rmt,1.0,2.6153791806491165,19.3160388996337,0.8658808660725678,24
2020-10-02,rmt_filtered_conservative,rmt_filtered,rmt,1.0,2.6153791806491165,19.3160388996337,0.8658808660725678,24
2020-10-05,sector_baseline,baseline,sector,0.0,0.0,0.0,0.7708174962806341,24
2020-10-05,raw_pca_residual,raw_pca,raw_pca,14.0,2.6153791806491165,19.191542703521804,0.6050893684870966,24
2020-10-05,raw_pca_stabilized,raw_pca,raw_pca,14.0,2.6153791806491165,19.191542703521804,0.6050893684870966,24
2020-10-05,rmt_filtered_residual,rmt_filtered,rmt,1.0,2.6153791806491165,19.191542703521804,0.7555983321445531,24
2020-10-05,rmt_filtered_conservative,rmt_filtered,rmt,1.0,2.6153791806491165,19.191542703521804,0.7555983321445531,24
2020-10-06,sector_baseline,baseline,sector,0.0,0.0,0.0,0.7473730045544893,24
2020-10-06,raw_pca_residual,raw_pca,raw_pca,14.0,2.6153791806491165,18.95410503005784,0.8568444091895205,24
2020-10-06,raw_pca_stabilized,raw_pca,raw_pca,14.0,2.6153791806491165,18.95410503005784,0.8568444091895205,24
2020-10-06,rmt_filtered_residual,rmt_filtered,rmt,1.0,2.6153791806491165,18.95410503005784,0.6409387995512623,24
2020-10-06,rmt_filtered_conservative,rmt_filtered,rmt,1.0,2.6153791806491165,18.95410503005784,0.6409387995512623,24
2020-10-07,sector_baseline,baseline,sector,0.0,0.0,0.0,0.5965279051839291,24
2020-10-07,raw_pca_residual,raw_pca,raw_pca,14.0,2.6153791806491165,18.979305478915784,0.5993944961604888,24
2020-10-07,raw_pca_stabilized,raw_pca,raw_pca,14.0,2.6153791806491165,18.979305478915784,0.5993944961604888,24
2020-10-07,rmt_filtered_residual,rmt_filtered,rmt,1.0,2.6153791806491165,18.979305478915784,0.6568379377413542,24
2020-10-07,rmt_filtered_conservative,rmt_filtered,rmt,1.0,2.6153791806491165,18.979305478915784,0.6568379377413542,24
2020-10-08,sector_baseline,baseline,sector,0.0,0.0,0.0,0.8177733203364932,24
2020-10-08,raw_pca_residual,raw_pca,raw_pca,14.0,2.6153791806491165,18.984277899125292,0.7619726676457019,24
2020-10-08,raw_pca_stabilized,raw_pca,raw_pca,14.0,2.6153791806491165,18.984277899125292,0.7619726676457019,24
2020-10-08,rmt_filtered_residual,rmt_filtered,rmt,1.0,2.6153791806491165,18.984277899125292,0.7955705414606697,24
2020-10-08,rmt_filtered_conservative,rmt_filtered,rmt,1.0,2.6153791806491165,18.984277899125292,0.7955705414606697,24
2020-10-09,sector_baseline,baseline,sector,0.0,0.0,0.0,0.7227911859648984,24
2020-10-09,raw_pca_residual,raw_pca,raw_pca,14.0,2.6153791806491165,18.993790154106062,0.839162567867571,24
2020-10-09,raw_pca_stabilized,raw_pca,raw_pca,14.0,2.6153791806491165,18.993790154106062,0.839162567867571,24
2020-10-09,rmt_filtered_residual,rmt_filtered,rmt,1.0,2.6153791806491165,18.993790154106062,0.7650817134683816,24
2020-10-09,rmt_filtered_conservative,rmt_filtered,rmt,1.0,2.6153791806491165,18.993790154106062,0.7650817134683816,24
2020-10-12,sector_baseline,baseline,sector,0.0,0.0,0.0,0.908239716593599,24
2020-10-12,raw_pca_residual,raw_pca,raw_pca,14.0,2.6153791806491165,19.313366370014368,0.5914232782444914,24
2020-10-12,raw_pca_stabilized,raw_pca,raw_pca,14.0,2.6153791806491165,19.313366370014368,0.5914232782444914,24
2020-10-12,rmt_filtered_residual,rmt_filtered,rmt,1.0,2.6153791806491165,19.313366370014368,0.9242274542647776,24
2020-10-12,rmt_filtered_conservative,rmt_filtered,rmt,1.0,2.6153791806491165,19.313366370014368,0.9242274542647776,24
2020-10-13,sector_baseline,baseline,sector,0.0,0.0,0.0,0.7154339359054532,24
2020-10-13,raw_pca_residual,raw_pca,raw_pca,14.0,2.6153791806491165,19.26129411706135,0.7224062922912887,24
2020-10-13,raw_pca_stabilized,raw_pca,raw_pca,14.0,2.6153791806491165,19.26129411706135,0.7224062922912887,24
2020-10-13,rmt_filtered_residual,rmt_filtered,rmt,1.0,2.6153791806491165,19.26129411706135,0.5920772470897038,24
2020-10-13,rmt_filtered_conservative,rmt_filtered,rmt,1.0,2.6153791806491165,19.26129411706135,0.5920772470897038,24
2020-10-14,sector_baseline,baseline,sector,0.0,0.0,0.0,1.0063112134265675,24
2020-10-14,raw_pca_residual,raw_pca,raw_pca,14.0,2.6153791806491165,19.26897154846647,0.6130507588777788,24
2020-10-14,raw_pca_stabilized,raw_pca,raw_pca,14.0,2.6153791806491165,19.26897154846647,0.6130507588777788,24
2020-10-14,rmt_filtered_residual,rmt_filtered,rmt,1.0,2.6153791806491165,19.26897154846647,0.8761654515409406,24
2020-10-14,rmt_filtered_conservative,rmt_filtered,rmt,1.0,2.6153791806491165,19.26897154846647,0.8761654515409406,24
2020-10-15,sector_baseline,baseline,sector,0.0,0.0,0.0,0.8006495346013125,24
2020-10-15,raw_pca_residual,raw_pca,raw_pca,14.0,2.6153791806491165,19.25013211386096,0.9817989848684769,24
2020-10-15,raw_pca_stabilized,raw_pca,raw_pca,14.0,2.6153791806491165,19.25013211386096,0.9817989848684769,24
2020-10-15,rmt_filtered_residual,rmt_filtered,rmt,1.0,2.6153791806491165,19.25013211386096,0.9853701784159515,24
2020-10-15,rmt_filtered_conservative,rmt_filtered,rmt,1.0,2.6153791806491165,19.25013211386096,0.9853701784159515,24
2020-10-16,sector_baseline,baseline,sector,0.0,0.0,0.0,0.8434034481377433,24
2020-10-16,raw_pca_residual,raw_pca,raw_pca,14.0,2.6153791806491165,19.192347661152183,0.7353952664420843,24
2020-10-16,raw_pca_stabilized,raw_pca,raw_pca,14.0,2.6153791806491165,19.192347661152183,0.7353952664420843,24
2020-10-16,rmt_filtered_residual,rmt_filtered,rmt,1.0,2.6153791806491165,19.192347661152183,1.0162645451973893,24
2020-10-16,rmt_filtered_conservative,rmt_filtered,rmt,1.0,2.6153791806491165,19.192347661152183,1.0162645451973893,24
2020-10-19,sector_baseline,baseline,sector,0.0,0.0,0.0,0.8157061979793968,24
2020-10-19,raw_pca_residual,raw_pca,raw_pca,14.0,2.6153791806491165,19.220002511672178,0.738880981220093,24
2020-10-19,raw_pca_stabilized,raw_pca,raw_pca,14.0,2.6153791806491165,19.220002511672178,0.738880981220093,24
2020-10-19,rmt_filtered_residual,rmt_filtered,rmt,1.0,2.6153791806491165,19.220002511672178,0.8640151056520459,24
2020-10-19,rmt_filtered_conservative,rmt_filtered,rmt,1.0,2.6153791806491165,19.220002511672178,0.8640151056520459,24
2020-10-20,sector_baseline,baseline,sector,0.0,0.0,0.0,1.0445076307475947,24
2020-10-20,raw_pca_residual,raw_pca,raw_pca,14.0,2.6153791806491165,19.15081607831613,0.9952811933073376,24
2020-10-20,raw_pca_stabilized,raw_pca,raw_pca,14.0,2.6153791806491165,19.15081607831613,0.9952811933073376,24
2020-10-20,rmt_filtered_residual,rmt_filtered,rmt,1.0,2.6153791806491165,19.15081607831613,0.9571583649350627,24
2020-10-20,rmt_filtered_conservative,rmt_filtered,rmt,1.0,2.6153791806491165,19.15081607831613,0.9571583649350627,24
2020-10-21,sector_baseline,baseline,sector,0.0,0.0,0.0,0.972153473255006,24
2020-10-21,raw_pca_residual,raw_pca,raw_pca,14.0,2.6153791806491165,19.161974660960126,0.9354947309387179,24
2020-10-21,raw_pca_stabilized,raw_pca,raw_pca,14.0,2.6153791806491165,19.161974660960126,0.9354947309387179,24
2020-10-21,rmt_filtered_residual,rmt_filtered,rmt,1.0,2.6153791806491165,19.161974660960126,0.9532503932701166,24
2020-10-21,rmt_filtered_conservative,rmt_filtered,rmt,1.0,2.6153791806491165,19.161974660960126,0.9532503932701166,24
2020-10-22,sector_baseline,baseline,sector,0.0,0.0,0.0,0.8137842038139026,24
2020-10-22,raw_pca_residual,raw_pca,raw_pca,14.0,2.6153791806491165,19.140461225673317,1.2824306993023387,24
2020-10-22,raw_pca_stabilized,raw_pca,raw_pca,14.0,2.6153791806491165,19.140461225673317,1.2824306993023387,24
2020-10-22,rmt_filtered_residual,rmt_filtered,rmt,1.0,2.6153791806491165,19.140461225673317,0.9069223820832907,24
2020-10-22,rmt_filtered_conservative,rmt_filtered,rmt,1.0,2.6153791806491165,19.140461225673317,0.9069223820832907,24
2020-10-23,sector_baseline,baseline,sector,0.0,0.0,0.0,1.029786291148335,24
2020-10-23,raw_pca_residual,raw_pca,raw_pca,14.0,2.6153791806491165,18.857189274568434,1.1565097961631177,24
2020-10-23,raw_pca_stabilized,raw_pca,raw_pca,14.0,2.6153791806491165,18.857189274568434,1.1565097961631177,24
2020-10-23,rmt_filtered_residual,rmt_filtered,rmt,1.0,2.6153791806491165,18.857189274568434,0.9323226281404867,24
2020-10-23,rmt_filtered_conservative,rmt_filtered,rmt,1.0,2.6153791806491165,18.857189274568434,0.9323226281404867,24
2020-10-26,sector_baseline,baseline,sector,0.0,0.0,0.0,1.1257211211760163,24
2020-10-26,raw_pca_residual,raw_pca,raw_pca,14.0,2.6153791806491165,18.79033474001297,0.7740641389224067,24
2020-10-26,raw_pca_stabilized,raw_pca,raw_pca,14.0,2.6153791806491165,18.79033474001297,0.7740641389224067,24
2020-10-26,rmt_filtered_residual,rmt_filtered,rmt,1.0,2.6153791806491165,18.79033474001297,0.937520843043564,24
2020-10-26,rmt_filtered_conservative,rmt_filtered,rmt,1.0,2.6153791806491165,18.79033474001297,0.937520843043564,24
2020-10-27,sector_baseline,baseline,sector,0.0,0.0,0.0,0.5111842167375548,24
2020-10-27,raw_pca_residual,raw_pca,raw_pca,14.0,2.6153791806491165,18.751139131578526,1.118827361924595,24
2020-10-27,raw_pca_stabilized,raw_pca,raw_pca,14.0,2.6153791806491165,18.751139131578526,1.118827361924595,24
2020-10-27,rmt_filtered_residual,rmt_filtered,rmt,1.0,2.6153791806491165,18.751139131578526,0.5920897513873716,24
2020-10-27,rmt_filtered_conservative,rmt_filtered,rmt,1.0,2.6153791806491165,18.751139131578526,0.5920897513873716,24
2020-10-28,sector_baseline,baseline,sector,0.0,0.0,0.0,0.8074485941593315,24
2020-10-28,raw_pca_residual,raw_pca,raw_pca,14.0,2.6153791806491165,18.641113131483092,0.8586804126641548,24
2020-10-28,raw_pca_stabilized,raw_pca,raw_pca,14.0,2.6153791806491165,18.641113131483092,0.8586804126641548,24
2020-10-28,rmt_filtered_residual,rmt_filtered,rmt,1.0,2.6153791806491165,18.641113131483092,0.9105848406323771,24
2020-10-28,rmt_filtered_conservative,rmt_filtered,rmt,1.0,2.6153791806491165,18.641113131483092,0.9105848406323771,24
2020-10-29,sector_baseline,baseline,sector,0.0,0.0,0.0,0.8452504088744819,24
2020-10-29,raw_pca_residual,raw_pca,raw_pca,14.0,2.6153791806491165,18.649909371832244,1.132866710468856,24
2020-10-29,raw_pca_stabilized,raw_pca,raw_pca,14.0,2.6153791806491165,18.649909371832244,1.132866710468856,24
2020-10-29,rmt_filtered_residual,rmt_filtered,rmt,1.0,2.6153791806491165,18.649909371832244,0.9026876125631604,24
2020-10-29,rmt_filtered_conservative,rmt_filtered,rmt,1.0,2.6153791806491165,18.649909371832244,0.9026876125631604,24
2020-10-30,sector_baseline,baseline,sector,0.0,0.0,0.0,0.9870345055793356,24
2020-10-30,raw_pca_residual,raw_pca,raw_pca,14.0,2.6153791806491165,18.69886158499842,0.7210643790355098,24
2020-10-30,raw_pca_stabilized,raw_pca,raw_pca,14.0,2.6153791806491165,18.69886158499842,0.7210643790355098,24
2020-10-30,rmt_filtered_residual,rmt_filtered,rmt,1.0,2.6153791806491165,18.69886158499842,0.9758968026457064,24
2020-10-30,rmt_filtered_conservative,rmt_filtered,rmt,1.0,2.6153791806491165,18.69886158499842,0.9758968026457064,24
2020-11-02,sector_baseline,baseline,sector,0.0,0.0,0.0,0.769836608188748,24
2020-11-02,raw_pca_residual,raw_pca,raw_pca,14.0,2.6153791806491165,18.78615212818121,1.0841035145197713,24
2020-11-02,raw_pca_stabilized,raw_pca,raw_pca,14.0,2.6153791806491165,18.78615212818121,1.0841035145197713,24
2020-11-02,rmt_filtered_residual,rmt_filtered,rmt,1.0,2.6153791806491165,18.78615212818121,0.781392704658728,24
2020-11-02,rmt_filtered_conservative,rmt_filtered,rmt,1.0,2.6153791806491165,18.78615212818121,0.781392704658728,24
2020-11-03,sector_baseline,baseline,sector,0.0,0.0,0.0,0.9187605411916605,24
2020-11-03,raw_pca_residual,raw_pca,raw_pca,14.0,2.6153791806491165,18.85370075195163,0.9024714953689799,24
2020-11-03,raw_pca_stabilized,raw_pca,raw_pca,14.0,2.6153791806491165,18.85370075195163,0.9024714953689799,24
2020-11-03,rmt_filtered_residual,rmt_filtered,rmt,1.0,2.6153791806491165,18.85370075195163,0.7986778086182654,24
2020-11-03,rmt_filtered_conservative,rmt_filtered,rmt,1.0,2.6153791806491165,18.85370075195163,0.7986778086182654,24
2020-11-04,sector_baseline,baseline,sector,0.0,0.0,0.0,0.771686110532633,24
2020-11-04,raw_pca_residual,raw_pca,raw_pca,14.0,2.6153791806491165,18.77709793108408,0.9254683872569291,24
2020-11-04,raw_pca_stabilized,raw_pca,raw_pca,14.0,2.6153791806491165,18.77709793108408,0.9254683872569291,24
2020-11-04,rmt_filtered_residual,rmt_filtered,rmt,1.0,2.6153791806491165,18.77709793108408,0.8724543147928573,24
2020-11-04,rmt_filtered_conservative,rmt_filtered,rmt,1.0,2.6153791806491165,18.77709793108408,0.8724543147928573,24
2020-11-05,sector_baseline,baseline,sector,0.0,0.0,0.0,0.7719992617874042,24
2020-11-05,raw_pca_residual,raw_pca,raw_pca,14.0,2.6153791806491165,18.872328590544306,0.49486454398673674,24
2020-11-05,raw_pca_stabilized,raw_pca,raw_pca,14.0,2.6153791806491165,18.872328590544306,0.49486454398673674,24
2020-11-05,rmt_filtered_residual,rmt_filtered,rmt,1.0,2.6153791806491165,18.872328590544306,0.7551344567496634,24
2020-11-05,rmt_filtered_conservative,rmt_filtered,rmt,1.0,2.6153791806491165,18.872328590544306,0.7551344567496634,24
2020-11-06,sector_baseline,baseline,sector,0.0,0.0,0.0,0.8030863489810652,24
2020-11-06,raw_pca_residual,raw_pca,raw_pca,14.0,2.6153791806491165,18.739508889291074,0.7313672169927431,24
2020-11-06,raw_pca_stabilized,raw_pca,raw_pca,14.0,2.6153791806491165,18.739508889291074,0.7313672169927431,24
2020-11-06,rmt_filtered_residual,rmt_filtered,rmt,1.0,2.6153791806491165,18.739508889291074,0.8173688863799348,24
2020-11-06,rmt_filtered_conservative,rmt_filtered,rmt,1.0,2.6153791806491165,18.739508889291074,0.8173688863799348,24
2020-11-09,sector_baseline,baseline,sector,0.0,0.0,0.0,0.6446396080779645,24
2020-11-09,raw_pca_residual,raw_pca,raw_pca,14.0,2.6153791806491165,18.741268413643827,0.7964475088824919,24
2020-11-09,raw_pca_stabilized,raw_pca,raw_pca,14.0,2.6153791806491165,18.741268413643827,0.7964475088824919,24
2020-11-09,rmt_filtered_residual,rmt_filtered,rmt,1.0,2.6153791806491165,18.741268413643827,0.7502364326251675,24
2020-11-09,rmt_filtered_conservative,rmt_filtered,rmt,1.0,2.6153791806491165,18.741268413643827,0.7502364326251675,24
2020-11-10,sector_baseline,baseline,sector,0.0,0.0,0.0,0.7451924027478136,24
2020-11-10,raw_pca_residual,raw_pca,raw_pca,14.0,2.6153791806491165,18.6765484924982,0.6358072154893257,24
2020-11-10,raw_pca_stabilized,raw_pca,raw_pca,14.0,2.6153791806491165,18.6765484924982,0.6358072154893257,24
2020-11-10,rmt_filtered_residual,rmt_filtered,rmt,1.0,2.6153791806491165,18.6765484924982,0.7319734826420506,24
2020-11-10,rmt_filtered_conservative,rmt_filtered,rmt,1.0,2.6153791806491165,18.6765484924982,0.7319734826420506,24
2020-11-11,sector_baseline,baseline,sector,0.0,0.0,0.0,0.7376336919143451,24
2020-11-11,raw_pca_residual,raw_pca,raw_pca,14.0,2.6153791806491165,18.757244301432436,0.6481714298960418,24
2020-11-11,raw_pca_stabilized,raw_pca,raw_pca,14.0,2.6153791806491165,18.757244301432436,0.6481714298960418,24
2020-11-11,rmt_filtered_residual,rmt_filtered,rmt,1.0,2.6153791806491165,18.757244301432436,0.8062657430374863,24
2020-11-11,rmt_filtered_conservative,rmt_filtered,rmt,1.0,2.6153791806491165,18.757244301432436,0.8062657430374863,24
2020-11-12,sector_baseline,baseline,sector,0.0,0.0,0.0,0.778207107998107,24
2020-11-12,raw_pca_residual,raw_pca,raw_pca,14.0,2.6153791806491165,18.73135551597975,0.9214115627235507,24
2020-11-12,raw_pca_stabilized,raw_pca,raw_pca,14.0,2.6153791806491165,18.73135551597975,0.9214115627235507,24
2020-11-12,rmt_filtered_residual,rmt_filtered,rmt,1.0,2.6153791806491165,18.73135551597975,0.8564938823504994,24
2020-11-12,rmt_filtered_conservative,rmt_filtered,rmt,1.0,2.6153791806491165,18.73135551597975,0.8564938823504994,24
2020-11-13,sector_baseline,baseline,sector,0.0,0.0,0.0,0.7872989095466,24
2020-11-13,raw_pca_residual,raw_pca,raw_pca,14.0,2.6153791806491165,19.147504422138958,0.7309432340267771,24
2020-11-13,raw_pca_stabilized,raw_pca,raw_pca,14.0,2.6153791806491165,19.147504422138958,0.7309432340267771,24
2020-11-13,rmt_filtered_residual,rmt_filtered,rmt,1.0,2.6153791806491165,19.147504422138958,0.803150189651164,24
2020-11-13,rmt_filtered_conservative,rmt_filtered,rmt,1.0,2.6153791806491165,19.147504422138958,0.803150189651164,24
2020-11-16,sector_baseline,baseline,sector,0.0,0.0,0.0,0.7255609807683655,24
2020-11-16,raw_pca_residual,raw_pca,raw_pca,14.0,2.6153791806491165,19.13650663267225,0.8281331044283196,24
2020-11-16,raw_pca_stabilized,raw_pca,raw_pca,14.0,2.6153791806491165,19.13650663267225,0.8281331044283196,24
2020-11-16,rmt_filtered_residual,rmt_filtered,rmt,1.0,2.6153791806491165,19.13650663267225,0.8348566573896363,24
2020-11-16,rmt_filtered_conservative,rmt_filtered,rmt,1.0,2.6153791806491165,19.13650663267225,0.8348566573896363,24
2020-11-17,sector_baseline,baseline,sector,0.0,0.0,0.0,0.6953651401220936,24
2020-11-17,raw_pca_residual,raw_pca,raw_pca,14.0,2.6153791806491165,19.065020483709688,0.8438282855377762,24
2020-11-17,raw_pca_stabilized,raw_pca,raw_pca,14.0,2.6153791806491165,19.065020483709688,0.8438282855377762,24
2020-11-17,rmt_filtered_residual,rmt_filtered,rmt,1.0,2.6153791806491165,19.065020483709688,0.8059642342087564,24
2020-11-17,rmt_filtered_conservative,rmt_filtered,rmt,1.0,2.6153791806491165,19.065020483709688,0.8059642342087564,24
2020-11-18,sector_baseline,baseline,sector,0.0,0.0,0.0,0.8714290883406929,24
2020-11-18,raw_pca_residual,raw_pca,raw_pca,14.0,2.6153791806491165,19.106720504644944,1.0193533926864624,24
2020-11-18,raw_pca_stabilized,raw_pca,raw_pca,14.0,2.6153791806491165,19.106720504644944,1.0193533926864624,24
2020-11-18,rmt_filtered_residual,rmt_filtered,rmt,1.0,2.6153791806491165,19.106720504644944,0.8691917532489066,24
2020-11-18,rmt_filtered_conservative,rmt_filtered,rmt,1.0,2.6153791806491165,19.106720504644944,0.8691917532489066,24
2020-11-19,sector_baseline,baseline,sector,0.0,0.0,0.0,0.928754727330061,24
2020-11-19,raw_pca_residual,raw_pca,raw_pca,14.0,2.6153791806491165,19.093405808039893,0.9386343013091185,24
2020-11-19,raw_pca_stabilized,raw_pca,raw_pca,14.0,2.6153791806491165,19.093405808039893,0.9386343013091185,24
2020-11-19,rmt_filtered_residual,rmt_filtered,rmt,1.0,2.6153791806491165,19.093405808039893,0.9217585049738853,24
2020-11-19,rmt_filtered_conservative,rmt_filtered,rmt,1.0,2.6153791806491165,19.093405808039893,0.9217585049738853,24
2020-11-20,sector_baseline,baseline,sector,0.0,0.0,0.0,0.8096136553754176,24
2020-11-20,raw_pca_residual,raw_pca,raw_pca,14.0,2.6153791806491165,18.967074970611797,0.6574589139015042,24
2020-11-20,raw_pca_stabilized,raw_pca,raw_pca,14.0,2.6153791806491165,18.967074970611797,0.6574589139015042,24
2020-11-20,rmt_filtered_residual,rmt_filtered,rmt,1.0,2.6153791806491165,18.967074970611797,0.8031994663839285,24
2020-11-20,rmt_filtered_conservative,rmt_filtered,rmt,1.0,2.6153791806491165,18.967074970611797,0.8031994663839285,24
2020-11-23,sector_baseline,baseline,sector,0.0,0.0,0.0,0.8661207739175669,24
2020-11-23,raw_pca_residual,raw_pca,raw_pca,14.0,2.6153791806491165,18.883106058098388,0.8724756645115038,24
2020-11-23,raw_pca_stabilized,raw_pca,raw_pca,14.0,2.6153791806491165,18.883106058098388,0.8724756645115038,24
2020-11-23,rmt_filtered_residual,rmt_filtered,rmt,1.0,2.6153791806491165,18.883106058098388,0.8806769128262149,24
2020-11-23,rmt_filtered_conservative,rmt_filtered,rmt,1.0,2.6153791806491165,18.883106058098388,0.8806769128262149,24
2020-11-24,sector_baseline,baseline,sector,0.0,0.0,0.0,0.9032552151968604,24
2020-11-24,raw_pca_residual,raw_pca,raw_pca,14.0,2.6153791806491165,18.78841973421889,0.9948945727024335,24
2020-11-24,raw_pca_stabilized,raw_pca,raw_pca,14.0,2.6153791806491165,18.78841973421889,0.9948945727024335,24
2020-11-24,rmt_filtered_residual,rmt_filtered,rmt,1.0,2.6153791806491165,18.78841973421889,0.8679141990478015,24
2020-11-24,rmt_filtered_conservative,rmt_filtered,rmt,1.0,2.6153791806491165,18.78841973421889,0.8679141990478015,24
2020-11-25,sector_baseline,baseline,sector,0.0,0.0,0.0,1.072717406372972,24
2020-11-25,raw_pca_residual,raw_pca,raw_pca,14.0,2.6153791806491165,18.698663071454785,0.8868901677036664,24
2020-11-25,raw_pca_stabilized,raw_pca,raw_pca,14.0,2.6153791806491165,18.698663071454785,0.8868901677036664,24
2020-11-25,rmt_filtered_residual,rmt_filtered,rmt,1.0,2.6153791806491165,18.698663071454785,1.0670211350701948,24
2020-11-25,rmt_filtered_conservative,rmt_filtered,rmt,1.0,2.6153791806491165,18.698663071454785,1.0670211350701948,24
2020-11-26,sector_baseline,baseline,sector,0.0,0.0,0.0,0.735895411128422,24
2020-11-26,raw_pca_residual,raw_pca,raw_pca,14.0,2.6153791806491165,18.485292215801532,0.8938380395291409,24
2020-11-26,raw_pca_stabilized,raw_pca,raw_pca,14.0,2.6153791806491165,18.485292215801532,0.8938380395291409,24
2020-11-26,rmt_filtered_residual,rmt_filtered,rmt,1.0,2.6153791806491165,18.485292215801532,0.7793744180108413,24
2020-11-26,rmt_filtered_conservative,rmt_filtered,rmt,1.0,2.6153791806491165,18.485292215801532,0.7793744180108413,24
2020-11-27,sector_baseline,baseline,sector,0.0,0.0,0.0,0.7283887160074397,24
2020-11-27,raw_pca_residual,raw_pca,raw_pca,14.0,2.6153791806491165,18.44007802518666,0.9440242437547933,24
2020-11-27,raw_pca_stabilized,raw_pca,raw_pca,14.0,2.6153791806491165,18.44007802518666,0.9440242437547933,24
2020-11-27,rmt_filtered_residual,rmt_filtered,rmt,1.0,2.6153791806491165,18.44007802518666,0.7336237969574549,24
2020-11-27,rmt_filtered_conservative,rmt_filtered,rmt,1.0,2.6153791806491165,18.44007802518666,0.7336237969574549,24
2020-11-30,sector_baseline,baseline,sector,0.0,0.0,0.0,0.6079280897158185,24
2020-11-30,raw_pca_residual,raw_pca,raw_pca,14.0,2.6153791806491165,18.123427232459193,0.8463388595201807,24
2020-11-30,raw_pca_stabilized,raw_pca,raw_pca,14.0,2.6153791806491165,18.123427232459193,0.8463388595201807,24
2020-11-30,rmt_filtered_residual,rmt_filtered,rmt,1.0,2.6153791806491165,18.123427232459193,0.7215446803675866,24
2020-11-30,rmt_filtered_conservative,rmt_filtered,rmt,1.0,2.6153791806491165,18.123427232459193,0.7215446803675866,24
2020-12-01,sector_baseline,baseline,sector,0.0,0.0,0.0,0.7118084688855686,24
2020-12-01,raw_pca_residual,raw_pca,raw_pca,14.0,2.6153791806491165,18.119681223555997,0.5544208865035932,24
2020-12-01,raw_pca_stabilized,raw_pca,raw_pca,14.0,2.6153791806491165,18.119681223555997,0.5544208865035932,24
2020-12-01,rmt_filtered_residual,rmt_filtered,rmt,1.0,2.6153791806491165,18.119681223555997,0.8680633043045899,24
2020-12-01,rmt_filtered_conservative,rmt_filtered,rmt,1.0,2.6153791806491165,18.119681223555997,0.8680633043045899,24
2020-12-02,sector_baseline,baseline,sector,0.0,0.0,0.0,0.7953165984132528,24
2020-12-02,raw_pca_residual,raw_pca,raw_pca,14.0,2.6153791806491165,18.16511404920082,0.9515389452326048,24
2020-12-02,raw_pca_stabilized,raw_pca,raw_pca,14.0,2.6153791806491165,18.16511404920082,0.9515389452326048,24
2020-12-02,rmt_filtered_residual,rmt_filtered,rmt,1.0,2.6153791806491165,18.16511404920082,0.7305050396856555,24
2020-12-02,rmt_filtered_conservative,rmt_filtered,rmt,1.0,2.6153791806491165,18.16511404920082,0.7305050396856555,24
2020-12-03,sector_baseline,baseline,sector,0.0,0.0,0.0,0.7637140618672743,24
2020-12-03,raw_pca_residual,raw_pca,raw_pca,14.0,2.6153791806491165,18.172501987092044,0.9258772482761435,24
2020-12-03,raw_pca_stabilized,raw_pca,raw_pca,14.0,2.6153791806491165,18.172501987092044,0.9258772482761435,24
2020-12-03,rmt_filtered_residual,rmt_filtered,rmt,1.0,2.6153791806491165,18.172501987092044,0.7139342495152389,24
2020-12-03,rmt_filtered_conservative,rmt_filtered,rmt,1.0,2.6153791806491165,18.172501987092044,0.7139342495152389,24
2020-12-04,sector_baseline,baseline,sector,0.0,0.0,0.0,0.717139968370243,24
2020-12-04,raw_pca_residual,raw_pca,raw_pca,14.0,2.6153791806491165,18.19433064760327,0.44005923656732787,24
2020-12-04,raw_pca_stabilized,raw_pca,raw_pca,14.0,2.6153791806491165,18.19433064760327,0.44005923656732787,24
2020-12-04,rmt_filtered_residual,rmt_filtered,rmt,1.0,2.6153791806491165,18.19433064760327,0.7394465845562218,24
2020-12-04,rmt_filtered_conservative,rmt_filtered,rmt,1.0,2.6153791806491165,18.19433064760327,0.7394465845562218,24
2020-12-07,sector_baseline,baseline,sector,0.0,0.0,0.0,0.5877445667567996,24
2020-12-07,raw_pca_residual,raw_pca,raw_pca,14.0,2.6153791806491165,18.49637099326412,0.4708302037219155,24
2020-12-07,raw_pca_stabilized,raw_pca,raw_pca,14.0,2.6153791806491165,18.49637099326412,0.4708302037219155,24
2020-12-07,rmt_filtered_residual,rmt_filtered,rmt,1.0,2.6153791806491165,18.49637099326412,0.6607677633644008,24
2020-12-07,rmt_filtered_conservative,rmt_filtered,rmt,1.0,2.6153791806491165,18.49637099326412,0.6607677633644008,24
2020-12-08,sector_baseline,baseline,sector,0.0,0.0,0.0,0.6585635026081356,24
2020-12-08,raw_pca_residual,raw_pca,raw_pca,14.0,2.6153791806491165,18.49908588277347,1.0170001449778547,24
2020-12-08,raw_pca_stabilized,raw_pca,raw_pca,14.0,2.6153791806491165,18.49908588277347,1.0170001449778547,24
2020-12-08,rmt_filtered_residual,rmt_filtered,rmt,1.0,2.6153791806491165,18.49908588277347,0.5803110026169273,24
2020-12-08,rmt_filtered_conservative,rmt_filtered,rmt,1.0,2.6153791806491165,18.49908588277347,0.5803110026169273,24
2020-12-09,sector_baseline,baseline,sector,0.0,0.0,0.0,0.8419131802520249,24
2020-12-09,raw_pca_residual,raw_pca,raw_pca,14.0,2.6153791806491165,18.529107294079118,1.1619933204692061,24
2020-12-09,raw_pca_stabilized,raw_pca,raw_pca,14.0,2.6153791806491165,18.529107294079118,1.1619933204692061,24
2020-12-09,rmt_filtered_residual,rmt_filtered,rmt,1.0,2.6153791806491165,18.529107294079118,0.8633452879314701,24
2020-12-09,rmt_filtered_conservative,rmt_filtered,rmt,1.0,2.6153791806491165,18.529107294079118,0.8633452879314701,24
2020-12-10,sector_baseline,baseline,sector,0.0,0.0,0.0,0.8064208260278957,24
2020-12-10,raw_pca_residual,raw_pca,raw_pca,14.0,2.6153791806491165,18.512078807456497,0.929275937289508,24
2020-12-10,raw_pca_stabilized,raw_pca,raw_pca,14.0,2.6153791806491165,18.512078807456497,0.929275937289508,24
2020-12-10,rmt_filtered_residual,rmt_filtered,rmt,1.0,2.6153791806491165,18.512078807456497,0.7481407967464274,24
2020-12-10,rmt_filtered_conservative,rmt_filtered,rmt,1.0,2.6153791806491165,18.512078807456497,0.7481407967464274,24
2020-12-11,sector_baseline,baseline,sector,0.0,0.0,0.0,0.8696688858612628,24
2020-12-11,raw_pca_residual,raw_pca,raw_pca,14.0,2.6153791806491165,18.685507929772147,0.9219186014476509,24
2020-12-11,raw_pca_stabilized,raw_pca,raw_pca,14.0,2.6153791806491165,18.685507929772147,0.9219186014476509,24
2020-12-11,rmt_filtered_residual,rmt_filtered,rmt,1.0,2.6153791806491165,18.685507929772147,0.669671324080546,24
2020-12-11,rmt_filtered_conservative,rmt_filtered,rmt,1.0,2.6153791806491165,18.685507929772147,0.669671324080546,24
2020-12-14,sector_baseline,baseline,sector,0.0,0.0,0.0,0.7347891160385595,24
2020-12-14,raw_pca_residual,raw_pca,raw_pca,14.0,2.6153791806491165,18.980065744314757,0.687480938139124,24
2020-12-14,raw_pca_stabilized,raw_pca,raw_pca,14.0,2.6153791806491165,18.980065744314757,0.687480938139124,24
2020-12-14,rmt_filtered_residual,rmt_filtered,rmt,1.0,2.6153791806491165,18.980065744314757,0.9002604289403857,24
2020-12-14,rmt_filtered_conservative,rmt_filtered,rmt,1.0,2.6153791806491165,18.980065744314757,0.9002604289403857,24
2020-12-15,sector_baseline,baseline,sector,0.0,0.0,0.0,0.7601446264499107,24
2020-12-15,raw_pca_residual,raw_pca,raw_pca,14.0,2.6153791806491165,18.93704307476052,0.6011808548410535,24
2020-12-15,raw_pca_stabilized,raw_pca,raw_pca,14.0,2.6153791806491165,18.93704307476052,0.6011808548410535,24
2020-12-15,rmt_filtered_residual,rmt_filtered,rmt,1.0,2.6153791806491165,18.93704307476052,0.9240851260049038,24
2020-12-15,rmt_filtered_conservative,rmt_filtered,rmt,1.0,2.6153791806491165,18.93704307476052,0.9240851260049038,24
2020-12-16,sector_baseline,baseline,sector,0.0,0.0,0.0,0.6803856348294461,24
2020-12-16,raw_pca_residual,raw_pca,raw_pca,14.0,2.6153791806491165,18.722722654946917,0.7425253163647062,24
2020-12-16,raw_pca_stabilized,raw_pca,raw_pca,14.0,2.6153791806491165,18.722722654946917,0.7425253163647062,24
2020-12-16,rmt_filtered_residual,rmt_filtered,rmt,1.0,2.6153791806491165,18.722722654946917,0.7541813227600693,24
2020-12-16,rmt_filtered_conservative,rmt_filtered,rmt,1.0,2.6153791806491165,18.722722654946917,0.7541813227600693,24
2020-12-17,sector_baseline,baseline,sector,0.0,0.0,0.0,0.8811756785352075,24
2020-12-17,raw_pca_residual,raw_pca,raw_pca,14.0,2.6153791806491165,18.130372568052678,1.03725384798443,24
2020-12-17,raw_pca_stabilized,raw_pca,raw_pca,14.0,2.6153791806491165,18.130372568052678,1.03725384798443,24
2020-12-17,rmt_filtered_residual,rmt_filtered,rmt,1.0,2.6153791806491165,18.130372568052678,0.7753445881271025,24
2020-12-17,rmt_filtered_conservative,rmt_filtered,rmt,1.0,2.6153791806491165,18.130372568052678,0.7753445881271025,24
2020-12-18,sector_baseline,baseline,sector,0.0,0.0,0.0,0.7652640804571386,24
2020-12-18,raw_pca_residual,raw_pca,raw_pca,14.0,2.6153791806491165,18.15780151938774,0.6818492515593387,24
2020-12-18,raw_pca_stabilized,raw_pca,raw_pca,14.0,2.6153791806491165,18.15780151938774,0.6818492515593387,24
2020-12-18,rmt_filtered_residual,rmt_filtered,rmt,1.0,2.6153791806491165,18.15780151938774,0.7152465117155652,24
2020-12-18,rmt_filtered_conservative,rmt_filtered,rmt,1.0,2.6153791806491165,18.15780151938774,0.7152465117155652,24
2020-12-21,sector_baseline,baseline,sector,0.0,0.0,0.0,1.1665583370515824,24
2020-12-21,raw_pca_residual,raw_pca,raw_pca,14.0,2.6153791806491165,18.242787171641886,1.4742984829054973,24
2020-12-21,raw_pca_stabilized,raw_pca,raw_pca,14.0,2.6153791806491165,18.242787171641886,1.4742984829054973,24
2020-12-21,rmt_filtered_residual,rmt_filtered,rmt,1.0,2.6153791806491165,18.242787171641886,0.9329816034150363,24
2020-12-21,rmt_filtered_conservative,rmt_filtered,rmt,1.0,2.6153791806491165,18.242787171641886,0.9329816034150363,24
2020-12-22,sector_baseline,baseline,sector,0.0,0.0,0.0,0.8812314289116548,24
2020-12-22,raw_pca_residual,raw_pca,raw_pca,14.0,2.6153791806491165,18.416631886440786,0.8749393300005021,24
2020-12-22,raw_pca_stabilized,raw_pca,raw_pca,14.0,2.6153791806491165,18.416631886440786,0.8749393300005021,24
2020-12-22,rmt_filtered_residual,rmt_filtered,rmt,1.0,2.6153791806491165,18.416631886440786,0.7889419843982285,24
2020-12-22,rmt_filtered_conservative,rmt_filtered,rmt,1.0,2.6153791806491165,18.416631886440786,0.7889419843982285,24
2020-12-23,sector_baseline,baseline,sector,0.0,0.0,0.0,0.9552131987164149,24
2020-12-23,raw_pca_residual,raw_pca,raw_pca,14.0,2.6153791806491165,18.536649668956485,0.9110210961453622,24
2020-12-23,raw_pca_stabilized,raw_pca,raw_pca,14.0,2.6153791806491165,18.536649668956485,0.9110210961453622,24
2020-12-23,rmt_filtered_residual,rmt_filtered,rmt,1.0,2.6153791806491165,18.536649668956485,0.851075283759191,24
2020-12-23,rmt_filtered_conservative,rmt_filtered,rmt,1.0,2.6153791806491165,18.536649668956485,0.851075283759191,24
2020-12-24,sector_baseline,baseline,sector,0.0,0.0,0.0,0.8135304716354557,24
2020-12-24,raw_pca_residual,raw_pca,raw_pca,14.0,2.6153791806491165,18.509546759053453,0.7360825947751396,24
2020-12-24,raw_pca_stabilized,raw_pca,raw_pca,14.0,2.6153791806491165,18.509546759053453,0.7360825947751396,24
2020-12-24,rmt_filtered_residual,rmt_filtered,rmt,1.0,2.6153791806491165,18.509546759053453,0.8982260127518783,24
2020-12-24,rmt_filtered_conservative,rmt_filtered,rmt,1.0,2.6153791806491165,18.509546759053453,0.8982260127518783,24
2020-12-25,sector_baseline,baseline,sector,0.0,0.0,0.0,0.7526991292814816,24
2020-12-25,raw_pca_residual,raw_pca,raw_pca,14.0,2.6153791806491165,18.527923562608176,0.7872466849673062,24
2020-12-25,raw_pca_stabilized,raw_pca,raw_pca,14.0,2.6153791806491165,18.527923562608176,0.7872466849673062,24
2020-12-25,rmt_filtered_residual,rmt_filtered,rmt,1.0,2.6153791806491165,18.527923562608176,0.8919951307611802,24
2020-12-25,rmt_filtered_conservative,rmt_filtered,rmt,1.0,2.6153791806491165,18.527923562608176,0.8919951307611802,24
2020-12-28,sector_baseline,baseline,sector,0.0,0.0,0.0,1.043523555390636,24
2020-12-28,raw_pca_residual,raw_pca,raw_pca,14.0,2.6153791806491165,19.138619721499758,0.7752698152022072,24
2020-12-28,raw_pca_stabilized,raw_pca,raw_pca,14.0,2.6153791806491165,19.138619721499758,0.7752698152022072,24
2020-12-28,rmt_filtered_residual,rmt_filtered,rmt,1.0,2.6153791806491165,19.138619721499758,0.8388437308125315,24
2020-12-28,rmt_filtered_conservative,rmt_filtered,rmt,1.0,2.6153791806491165,19.138619721499758,0.8388437308125315,24
2020-12-29,sector_baseline,baseline,sector,0.0,0.0,0.0,0.8915111186445633,24
2020-12-29,raw_pca_residual,raw_pca,raw_pca,14.0,2.6153791806491165,19.147190662534392,0.5815405256497268,24
2020-12-29,raw_pca_stabilized,raw_pca,raw_pca,14.0,2.6153791806491165,19.147190662534392,0.5815405256497268,24
2020-12-29,rmt_filtered_residual,rmt_filtered,rmt,1.0,2.6153791806491165,19.147190662534392,0.9113164638931343,24
2020-12-29,rmt_filtered_conservative,rmt_filtered,rmt,1.0,2.6153791806491165,19.147190662534392,0.9113164638931343,24
2020-12-30,sector_baseline,baseline,sector,0.0,0.0,0.0,0.6851237298429075,24
2020-12-30,raw_pca_residual,raw_pca,raw_pca,14.0,2.6153791806491165,19.18827982448822,0.6526721162360579,24
2020-12-30,raw_pca_stabilized,raw_pca,raw_pca,14.0,2.6153791806491165,19.18827982448822,0.6526721162360579,24
2020-12-30,rmt_filtered_residual,rmt_filtered,rmt,1.0,2.6153791806491165,19.18827982448822,0.7192804034886889,24
2020-12-30,rmt_filtered_conservative,rmt_filtered,rmt,1.0,2.6153791806491165,19.18827982448822,0.7192804034886889,24
2020-12-31,sector_baseline,baseline,sector,0.0,0.0,0.0,0.9259453455964533,24
2020-12-31,raw_pca_residual,raw_pca,raw_pca,14.0,2.6153791806491165,19.373985569762727,0.7742784429157249,24
2020-12-31,raw_pca_stabilized,raw_pca,raw_pca,14.0,2.6153791806491165,19.373985569762727,0.7742784429157249,24
2020-12-31,rmt_filtered_residual,rmt_filtered,rmt,1.0,2.6153791806491165,19.373985569762727,0.8357948149312499,24
2020-12-31,rmt_filtered_conservative,rmt_filtered,rmt,1.0,2.6153791806491165,19.373985569762727,0.8357948149312499,24
2021-01-01,sector_baseline,baseline,sector,0.0,0.0,0.0,0.8537265143682107,24
2021-01-01,raw_pca_residual,raw_pca,raw_pca,14.0,2.6153791806491165,19.516468861658748,0.6946887707664597,24
2021-01-01,raw_pca_stabilized,raw_pca,raw_pca,14.0,2.6153791806491165,19.516468861658748,0.6946887707664597,24
2021-01-01,rmt_filtered_residual,rmt_filtered,rmt,1.0,2.6153791806491165,19.516468861658748,0.7421228943718582,24
2021-01-01,rmt_filtered_conservative,rmt_filtered,rmt,1.0,2.6153791806491165,19.516468861658748,0.7421228943718582,24
2021-01-04,sector_baseline,baseline,sector,0.0,0.0,0.0,0.8745867211850434,24
2021-01-04,raw_pca_residual,raw_pca,raw_pca,14.0,2.6153791806491165,19.477133098427018,1.0102299399251569,24
2021-01-04,raw_pca_stabilized,raw_pca,raw_pca,14.0,2.6153791806491165,19.477133098427018,1.0102299399251569,24
2021-01-04,rmt_filtered_residual,rmt_filtered,rmt,1.0,2.6153791806491165,19.477133098427018,0.8145616984561838,24
2021-01-04,rmt_filtered_conservative,rmt_filtered,rmt,1.0,2.6153791806491165,19.477133098427018,0.8145616984561838,24
2021-01-05,sector_baseline,baseline,sector,0.0,0.0,0.0,0.830634928586831,24
2021-01-05,raw_pca_residual,raw_pca,raw_pca,14.0,2.6153791806491165,19.5015246636359,0.8966986103811458,24
2021-01-05,raw_pca_stabilized,raw_pca,raw_pca,14.0,2.6153791806491165,19.5015246636359,0.8966986103811458,24
2021-01-05,rmt_filtered_residual,rmt_filtered,rmt,1.0,2.6153791806491165,19.5015246636359,0.7097799582121603,24
2021-01-05,rmt_filtered_conservative,rmt_filtered,rmt,1.0,2.6153791806491165,19.5015246636359,0.7097799582121603,24
2021-01-06,sector_baseline,baseline,sector,0.0,0.0,0.0,0.9633003050241492,24
2021-01-06,raw_pca_residual,raw_pca,raw_pca,14.0,2.6153791806491165,19.453122192615936,0.5905854413077901,24
2021-01-06,raw_pca_stabilized,raw_pca,raw_pca,14.0,2.6153791806491165,19.453122192615936,0.5905854413077901,24
2021-01-06,rmt_filtered_residual,rmt_filtered,rmt,1.0,2.6153791806491165,19.453122192615936,1.0613353340904002,24
2021-01-06,rmt_filtered_conservative,rmt_filtered,rmt,1.0,2.6153791806491165,19.453122192615936,1.0613353340904002,24
2021-01-07,sector_baseline,baseline,sector,0.0,0.0,0.0,0.719293276757614,24
2021-01-07,raw_pca_residual,raw_pca,raw_pca,14.0,2.6153791806491165,19.178210259392966,1.3012888618857097,24
2021-01-07,raw_pca_stabilized,raw_pca,raw_pca,14.0,2.6153791806491165,19.178210259392966,1.3012888618857097,24
2021-01-07,rmt_filtered_residual,rmt_filtered,rmt,1.0,2.6153791806491165,19.178210259392966,0.745101268604361,24
2021-01-07,rmt_filtered_conservative,rmt_filtered,rmt,1.0,2.6153791806491165,19.178210259392966,0.745101268604361,24
2021-01-08,sector_baseline,baseline,sector,0.0,0.0,0.0,0.9593886585043266,24
2021-01-08,raw_pca_residual,raw_pca,raw_pca,14.0,2.6153791806491165,19.065778543504837,1.0757055038589836,24
2021-01-08,raw_pca_stabilized,raw_pca,raw_pca,14.0,2.6153791806491165,19.065778543504837,1.0757055038589836,24
2021-01-08,rmt_filtered_residual,rmt_filtered,rmt,1.0,2.6153791806491165,19.065778543504837,0.9101138321105635,24
2021-01-08,rmt_filtered_conservative,rmt_filtered,rmt,1.0,2.6153791806491165,19.065778543504837,0.9101138321105635,24
2021-01-11,sector_baseline,baseline,sector,0.0,0.0,0.0,0.7242299697567488,24
2021-01-11,raw_pca_residual,raw_pca,raw_pca,14.0,2.6153791806491165,19.078782259459544,0.6604824598518858,24
2021-01-11,raw_pca_stabilized,raw_pca,raw_pca,14.0,2.6153791806491165,19.078782259459544,0.6604824598518858,24
2021-01-11,rmt_filtered_residual,rmt_filtered,rmt,1.0,2.6153791806491165,19.078782259459544,0.806719343414826,24
2021-01-11,rmt_filtered_conservative,rmt_filtered,rmt,1.0,2.6153791806491165,19.078782259459544,0.806719343414826,24
2021-01-12,sector_baseline,baseline,sector,0.0,0.0,0.0,0.7610681589897483,24
2021-01-12,raw_pca_residual,raw_pca,raw_pca,14.0,2.6153791806491165,19.323442790432498,0.7716544879898694,24
2021-01-12,raw_pca_stabilized,raw_pca,raw_pca,14.0,2.6153791806491165,19.323442790432498,0.7716544879898694,24
2021-01-12,rmt_filtered_residual,rmt_filtered,rmt,1.0,2.6153791806491165,19.323442790432498,0.7623854929824659,24
2021-01-12,rmt_filtered_conservative,rmt_filtered,rmt,1.0,2.6153791806491165,19.323442790432498,0.7623854929824659,24
2021-01-13,sector_baseline,baseline,sector,0.0,0.0,0.0,0.6418485098953397,24
2021-01-13,raw_pca_residual,raw_pca,raw_pca,14.0,2.6153791806491165,19.403070291423152,0.6069812409580142,24
2021-01-13,raw_pca_stabilized,raw_pca,raw_pca,14.0,2.6153791806491165,19.403070291423152,0.6069812409580142,24
2021-01-13,rmt_filtered_residual,rmt_filtered,rmt,1.0,2.6153791806491165,19.403070291423152,0.6106069845999893,24
2021-01-13,rmt_filtered_conservative,rmt_filtered,rmt,1.0,2.6153791806491165,19.403070291423152,0.6106069845999893,24
2021-01-14,sector_baseline,baseline,sector,0.0,0.0,0.0,0.8627887136781461,24
2021-01-14,raw_pca_residual,raw_pca,raw_pca,14.0,2.6153791806491165,19.35890333237734,0.6858698022000739,24
2021-01-14,raw_pca_stabilized,raw_pca,raw_pca,14.0,2.6153791806491165,19.35890333237734,0.6858698022000739,24
2021-01-14,rmt_filtered_residual,rmt_filtered,rmt,1.0,2.6153791806491165,19.35890333237734,0.7941423338589243,24
2021-01-14,rmt_filtered_conservative,rmt_filtered,rmt,1.0,2.6153791806491165,19.35890333237734,0.7941423338589243,24
2021-01-15,sector_baseline,baseline,sector,0.0,0.0,0.0,0.8866256161901177,24
2021-01-15,raw_pca_residual,raw_pca,raw_pca,14.0,2.6153791806491165,19.42069858075577,0.8730193163008316,24
2021-01-15,raw_pca_stabilized,raw_pca,raw_pca,14.0,2.6153791806491165,19.42069858075577,0.8730193163008316,24
2021-01-15,rmt_filtered_residual,rmt_filtered,rmt,1.0,2.6153791806491165,19.42069858075577,0.8532706336529855,24
2021-01-15,rmt_filtered_conservative,rmt_filtered,rmt,1.0,2.6153791806491165,19.42069858075577,0.8532706336529855,24
2021-01-18,sector_baseline,baseline,sector,0.0,0.0,0.0,0.9787230244498054,24
2021-01-18,raw_pca_residual,raw_pca,raw_pca,14.0,2.6153791806491165,19.514285357557853,0.7033992041309617,24
2021-01-18,raw_pca_stabilized,raw_pca,raw_pca,14.0,2.6153791806491165,19.514285357557853,0.7033992041309617,24
2021-01-18,rmt_filtered_residual,rmt_filtered,rmt,1.0,2.6153791806491165,19.514285357557853,0.8220387982489368,24
2021-01-18,rmt_filtered_conservative,rmt_filtered,rmt,1.0,2.6153791806491165,19.514285357557853,0.8220387982489368,24
2021-01-19,sector_baseline,baseline,sector,0.0,0.0,0.0,0.9022303098972094,24
2021-01-19,raw_pca_residual,raw_pca,raw_pca,14.0,2.6153791806491165,19.61670385520544,1.0383716051047172,24
2021-01-19,raw_pca_stabilized,raw_pca,raw_pca,14.0,2.6153791806491165,19.61670385520544,1.0383716051047172,24
2021-01-19,rmt_filtered_residual,rmt_filtered,rmt,1.0,2.6153791806491165,19.61670385520544,0.9243179320439227,24
2021-01-19,rmt_filtered_conservative,rmt_filtered,rmt,1.0,2.6153791806491165,19.61670385520544,0.9243179320439227,24
2021-01-20,sector_baseline,baseline,sector,0.0,0.0,0.0,1.0043688780523232,24
2021-01-20,raw_pca_residual,raw_pca,raw_pca,14.0,2.6153791806491165,19.58058869305133,0.8565483561728936,24
2021-01-20,raw_pca_stabilized,raw_pca,raw_pca,14.0,2.6153791806491165,19.58058869305133,0.8565483561728936,24
2021-01-20,rmt_filtered_residual,rmt_filtered,rmt,1.0,2.6153791806491165,19.58058869305133,1.0903772437904848,24
2021-01-20,rmt_filtered_conservative,rmt_filtered,rmt,1.0,2.6153791806491165,19.58058869305133,1.0903772437904848,24
2021-01-21,sector_baseline,baseline,sector,0.0,0.0,0.0,0.8268774988235214,24
2021-01-21,raw_pca_residual,raw_pca,raw_pca,14.0,2.6153791806491165,19.676444016623137,0.9493028926321635,24
2021-01-21,raw_pca_stabilized,raw_pca,raw_pca,14.0,2.6153791806491165,19.676444016623137,0.9493028926321635,24
2021-01-21,rmt_filtered_residual,rmt_filtered,rmt,1.0,2.6153791806491165,19.676444016623137,0.7316829675736983,24
2021-01-21,rmt_filtered_conservative,rmt_filtered,rmt,1.0,2.6153791806491165,19.676444016623137,0.7316829675736983,24
2021-01-22,sector_baseline,baseline,sector,0.0,0.0,0.0,0.7972040217687635,24
2021-01-22,raw_pca_residual,raw_pca,raw_pca,14.0,2.6153791806491165,19.83735253148922,1.292352560632176,24
2021-01-22,raw_pca_stabilized,raw_pca,raw_pca,14.0,2.6153791806491165,19.83735253148922,1.292352560632176,24
2021-01-22,rmt_filtered_residual,rmt_filtered,rmt,1.0,2.6153791806491165,19.83735253148922,0.7446264593815473,24
2021-01-22,rmt_filtered_conservative,rmt_filtered,rmt,1.0,2.6153791806491165,19.83735253148922,0.7446264593815473,24
2021-01-25,sector_baseline,baseline,sector,0.0,0.0,0.0,0.6813035128854362,24
2021-01-25,raw_pca_residual,raw_pca,raw_pca,14.0,2.6153791806491165,19.869293771332764,0.8120065811855862,24
2021-01-25,raw_pca_stabilized,raw_pca,raw_pca,14.0,2.6153791806491165,19.869293771332764,0.8120065811855862,24
2021-01-25,rmt_filtered_residual,rmt_filtered,rmt,1.0,2.6153791806491165,19.869293771332764,0.7260447452299911,24
2021-01-25,rmt_filtered_conservative,rmt_filtered,rmt,1.0,2.6153791806491165,19.869293771332764,0.7260447452299911,24
2021-01-26,sector_baseline,baseline,sector,0.0,0.0,0.0,0.7875528307054673,24
2021-01-26,raw_pca_residual,raw_pca,raw_pca,14.0,2.6153791806491165,19.8510954850525,0.8075533964812127,24
2021-01-26,raw_pca_stabilized,raw_pca,raw_pca,14.0,2.6153791806491165,19.8510954850525,0.8075533964812127,24
2021-01-26,rmt_filtered_residual,rmt_filtered,rmt,1.0,2.6153791806491165,19.8510954850525,0.6943350149988493,24
2021-01-26,rmt_filtered_conservative,rmt_filtered,rmt,1.0,2.6153791806491165,19.8510954850525,0.6943350149988493,24
2021-01-27,sector_baseline,baseline,sector,0.0,0.0,0.0,0.8522562340066008,24
2021-01-27,raw_pca_residual,raw_pca,raw_pca,14.0,2.6153791806491165,19.82912963387908,0.5708200416996855,24
2021-01-27,raw_pca_stabilized,raw_pca,raw_pca,14.0,2.6153791806491165,19.82912963387908,0.5708200416996855,24
2021-01-27,rmt_filtered_residual,rmt_filtered,rmt,1.0,2.6153791806491165,19.82912963387908,1.022189567413197,24
2021-01-27,rmt_filtered_conservative,rmt_filtered,rmt,1.0,2.6153791806491165,19.82912963387908,1.022189567413197,24
2021-01-28,sector_baseline,baseline,sector,0.0,0.0,0.0,0.7854557665385968,24
2021-01-28,raw_pca_residual,raw_pca,raw_pca,14.0,2.6153791806491165,19.816385724712887,1.0337207618898507,24
2021-01-28,raw_pca_stabilized,raw_pca,raw_pca,14.0,2.6153791806491165,19.816385724712887,1.0337207618898507,24
2021-01-28,rmt_filtered_residual,rmt_filtered,rmt,1.0,2.6153791806491165,19.816385724712887,0.8699084417721695,24
2021-01-28,rmt_filtered_conservative,rmt_filtered,rmt,1.0,2.6153791806491165,19.816385724712887,0.8699084417721695,24
2021-01-29,sector_baseline,baseline,sector,0.0,0.0,0.0,0.8723075446699456,24
2021-01-29,raw_pca_residual,raw_pca,raw_pca,14.0,2.6153791806491165,19.778656965744354,0.558053987591232,24
2021-01-29,raw_pca_stabilized,raw_pca,raw_pca,14.0,2.6153791806491165,19.778656965744354,0.558053987591232,24
2021-01-29,rmt_filtered_residual,rmt_filtered,rmt,1.0,2.6153791806491165,19.778656965744354,0.8032439390310727,24
2021-01-29,rmt_filtered_conservative,rmt_filtered,rmt,1.0,2.6153791806491165,19.778656965744354,0.8032439390310727,24
2021-02-01,sector_baseline,baseline,sector,0.0,0.0,0.0,0.743710294306197,24
2021-02-01,raw_pca_residual,raw_pca,raw_pca,14.0,2.6153791806491165,19.79643774526799,0.8324819452792256,24
2021-02-01,raw_pca_stabilized,raw_pca,raw_pca,14.0,2.6153791806491165,19.79643774526799,0.8324819452792256,24
2021-02-01,rmt_filtered_residual,rmt_filtered,rmt,1.0,2.6153791806491165,19.79643774526799,0.7560863184115423,24
2021-02-01,rmt_filtered_conservative,rmt_filtered,rmt,1.0,2.6153791806491165,19.79643774526799,0.7560863184115423,24
2021-02-02,sector_baseline,baseline,sector,0.0,0.0,0.0,0.7852219944476163,24
2021-02-02,raw_pca_residual,raw_pca,raw_pca,14.0,2.6153791806491165,19.762460212618933,0.718954400122619,24
2021-02-02,raw_pca_stabilized,raw_pca,raw_pca,14.0,2.6153791806491165,19.762460212618933,0.718954400122619,24
2021-02-02,rmt_filtered_residual,rmt_filtered,rmt,1.0,2.6153791806491165,19.762460212618933,0.8177004741686725,24
2021-02-02,rmt_filtered_conservative,rmt_filtered,rmt,1.0,2.6153791806491165,19.762460212618933,0.8177004741686725,24
2021-02-03,sector_baseline,baseline,sector,0.0,0.0,0.0,0.8100486796605209,24
2021-02-03,raw_pca_residual,raw_pca,raw_pca,14.0,2.6153791806491165,19.816505618273787,0.7972340607011468,24
2021-02-03,raw_pca_stabilized,raw_pca,raw_pca,14.0,2.6153791806491165,19.816505618273787,0.7972340607011468,24
2021-02-03,rmt_filtered_residual,rmt_filtered,rmt,1.0,2.6153791806491165,19.816505618273787,0.817709919914963,24
2021-02-03,rmt_filtered_conservative,rmt_filtered,rmt,1.0,2.6153791806491165,19.816505618273787,0.817709919914963,24
2021-02-04,sector_baseline,baseline,sector,0.0,0.0,0.0,0.5876880527001923,24
2021-02-04,raw_pca_residual,raw_pca,raw_pca,14.0,2.6153791806491165,19.839752246346098,0.6023481484902385,24
2021-02-04,raw_pca_stabilized,raw_pca,raw_pca,14.0,2.6153791806491165,19.839752246346098,0.6023481484902385,24
2021-02-04,rmt_filtered_residual,rmt_filtered,rmt,1.0,2.6153791806491165,19.839752246346098,0.5872906974623436,24
2021-02-04,rmt_filtered_conservative,rmt_filtered,rmt,1.0,2.6153791806491165,19.839752246346098,0.5872906974623436,24
2021-02-05,sector_baseline,baseline,sector,0.0,0.0,0.0,0.5783386470573241,24
2021-02-05,raw_pca_residual,raw_pca,raw_pca,14.0,2.6153791806491165,19.853358947348212,1.0645082128247412,24
2021-02-05,raw_pca_stabilized,raw_pca,raw_pca,14.0,2.6153791806491165,19.853358947348212,1.0645082128247412,24
2021-02-05,rmt_filtered_residual,rmt_filtered,rmt,1.0,2.6153791806491165,19.853358947348212,0.515161565175929,24
2021-02-05,rmt_filtered_conservative,rmt_filtered,rmt,1.0,2.6153791806491165,19.853358947348212,0.515161565175929,24
2021-02-08,sector_baseline,baseline,sector,0.0,0.0,0.0,0.8417345879932804,24
2021-02-08,raw_pca_residual,raw_pca,raw_pca,14.0,2.6153791806491165,19.812753354063656,0.8547961882107797,24
2021-02-08,raw_pca_stabilized,raw_pca,raw_pca,14.0,2.6153791806491165,19.812753354063656,0.8547961882107797,24
2021-02-08,rmt_filtered_residual,rmt_filtered,rmt,1.0,2.6153791806491165,19.812753354063656,0.7269436403859982,24
2021-02-08,rmt_filtered_conservative,rmt_filtered,rmt,1.0,2.6153791806491165,19.812753354063656,0.7269436403859982,24
2021-02-09,sector_baseline,baseline,sector,0.0,0.0,0.0,0.7686428011875837,24
2021-02-09,raw_pca_residual,raw_pca,raw_pca,14.0,2.6153791806491165,19.94595192642047,0.9259425645026599,24
2021-02-09,raw_pca_stabilized,raw_pca,raw_pca,14.0,2.6153791806491165,19.94595192642047,0.9259425645026599,24
2021-02-09,rmt_filtered_residual,rmt_filtered,rmt,1.0,2.6153791806491165,19.94595192642047,0.8588651355806572,24
2021-02-09,rmt_filtered_conservative,rmt_filtered,rmt,1.0,2.6153791806491165,19.94595192642047,0.8588651355806572,24
2021-02-10,sector_baseline,baseline,sector,0.0,0.0,0.0,0.8799131422348733,24
2021-02-10,raw_pca_residual,raw_pca,raw_pca,14.0,2.6153791806491165,19.58368065774799,0.860474702954427,24
2021-02-10,raw_pca_stabilized,raw_pca,raw_pca,14.0,2.6153791806491165,19.58368065774799,0.860474702954427,24
2021-02-10,rmt_filtered_residual,rmt_filtered,rmt,1.0,2.6153791806491165,19.58368065774799,0.9848870408624123,24
2021-02-10,rmt_filtered_conservative,rmt_filtered,rmt,1.0,2.6153791806491165,19.58368065774799,0.9848870408624123,24
2021-02-11,sector_baseline,baseline,sector,0.0,0.0,0.0,0.6504473734854811,24
2021-02-11,raw_pca_residual,raw_pca,raw_pca,14.0,2.6153791806491165,19.58614931526864,0.5596301012992978,24
2021-02-11,raw_pca_stabilized,raw_pca,raw_pca,14.0,2.6153791806491165,19.58614931526864,0.5596301012992978,24
2021-02-11,rmt_filtered_residual,rmt_filtered,rmt,1.0,2.6153791806491165,19.58614931526864,0.6991979247797261,24
2021-02-11,rmt_filtered_conservative,rmt_filtered,rmt,1.0,2.6153791806491165,19.58614931526864,0.6991979247797261,24
2021-02-12,sector_baseline,baseline,sector,0.0,0.0,0.0,0.5731287720367921,24
2021-02-12,raw_pca_residual,raw_pca,raw_pca,14.0,2.6153791806491165,19.759284374846494,0.948108589752132,24
2021-02-12,raw_pca_stabilized,raw_pca,raw_pca,14.0,2.6153791806491165,19.759284374846494,0.948108589752132,24
2021-02-12,rmt_filtered_residual,rmt_filtered,rmt,1.0,2.6153791806491165,19.759284374846494,0.6919334031129439,24
2021-02-12,rmt_filtered_conservative,rmt_filtered,rmt,1.0,2.6153791806491165,19.759284374846494,0.6919334031129439,24
2021-02-15,sector_baseline,baseline,sector,0.0,0.0,0.0,0.7615410403855291,24
2021-02-15,raw_pca_residual,raw_pca,raw_pca,14.0,2.6153791806491165,19.793429259648068,1.0002299851945453,24
2021-02-15,raw_pca_stabilized,raw_pca,raw_pca,14.0,2.6153791806491165,19.793429259648068,1.0002299851945453,24
2021-02-15,rmt_filtered_residual,rmt_filtered,rmt,1.0,2.6153791806491165,19.793429259648068,0.7356690353165588,24
2021-02-15,rmt_filtered_conservative,rmt_filtered,rmt,1.0,2.6153791806491165,19.793429259648068,0.7356690353165588,24
2021-02-16,sector_baseline,baseline,sector,0.0,0.0,0.0,0.8368676635312076,24
2021-02-16,raw_pca_residual,raw_pca,raw_pca,14.0,2.6153791806491165,19.79412166818643,0.9917731872666966,24
2021-02-16,raw_pca_stabilized,raw_pca,raw_pca,14.0,2.6153791806491165,19.79412166818643,0.9917731872666966,24
2021-02-16,rmt_filtered_residual,rmt_filtered,rmt,1.0,2.6153791806491165,19.79412166818643,0.9249146896760383,24
2021-02-16,rmt_filtered_conservative,rmt_filtered,rmt,1.0,2.6153791806491165,19.79412166818643,0.9249146896760383,24
2021-02-17,sector_baseline,baseline,sector,0.0,0.0,0.0,0.9039610779527975,24
2021-02-17,raw_pca_residual,raw_pca,raw_pca,14.0,2.6153791806491165,19.861496364307023,0.7035776771017671,24
2021-02-17,raw_pca_stabilized,raw_pca,raw_pca,14.0,2.6153791806491165,19.861496364307023,0.7035776771017671,24
2021-02-17,rmt_filtered_residual,rmt_filtered,rmt,1.0,2.6153791806491165,19.861496364307023,0.8917281962690113,24
2021-02-17,rmt_filtered_conservative,rmt_filtered,rmt,1.0,2.6153791806491165,19.861496364307023,0.8917281962690113,24
2021-02-18,sector_baseline,baseline,sector,0.0,0.0,0.0,0.874456843373252,24
2021-02-18,raw_pca_residual,raw_pca,raw_pca,14.0,2.6153791806491165,19.873605193058133,0.8432396858681859,24
2021-02-18,raw_pca_stabilized,raw_pca,raw_pca,14.0,2.6153791806491165,19.873605193058133,0.8432396858681859,24
2021-02-18,rmt_filtered_residual,rmt_filtered,rmt,1.0,2.6153791806491165,19.873605193058133,0.9066861750447798,24
2021-02-18,rmt_filtered_conservative,rmt_filtered,rmt,1.0,2.6153791806491165,19.873605193058133,0.9066861750447798,24
2021-02-19,sector_baseline,baseline,sector,0.0,0.0,0.0,0.9480680886337766,24
2021-02-19,raw_pca_residual,raw_pca,raw_pca,14.0,2.6153791806491165,19.880439478797772,0.989520173799645,24
2021-02-19,raw_pca_stabilized,raw_pca,raw_pca,14.0,2.6153791806491165,19.880439478797772,0.989520173799645,24
2021-02-19,rmt_filtered_residual,rmt_filtered,rmt,1.0,2.6153791806491165,19.880439478797772,0.8849527064842814,24
2021-02-19,rmt_filtered_conservative,rmt_filtered,rmt,1.0,2.6153791806491165,19.880439478797772,0.8849527064842814,24
2021-02-22,sector_baseline,baseline,sector,0.0,0.0,0.0,1.0967542299615343,24
2021-02-22,raw_pca_residual,raw_pca,raw_pca,14.0,2.6153791806491165,19.91720432206243,1.1919696235398793,24
2021-02-22,raw_pca_stabilized,raw_pca,raw_pca,14.0,2.6153791806491165,19.91720432206243,1.1919696235398793,24
2021-02-22,rmt_filtered_residual,rmt_filtered,rmt,1.0,2.6153791806491165,19.91720432206243,1.3173291150492978,24
2021-02-22,rmt_filtered_conservative,rmt_filtered,rmt,1.0,2.6153791806491165,19.91720432206243,1.3173291150492978,24
2021-02-23,sector_baseline,baseline,sector,0.0,0.0,0.0,0.6508732971785246,24
2021-02-23,raw_pca_residual,raw_pca,raw_pca,14.0,2.6153791806491165,19.93028239350843,0.749224540190943,24
2021-02-23,raw_pca_stabilized,raw_pca,raw_pca,14.0,2.6153791806491165,19.93028239350843,0.749224540190943,24
2021-02-23,rmt_filtered_residual,rmt_filtered,rmt,1.0,2.6153791806491165,19.93028239350843,0.559369778090563,24
2021-02-23,rmt_filtered_conservative,rmt_filtered,rmt,1.0,2.6153791806491165,19.93028239350843,0.559369778090563,24
2021-02-24,sector_baseline,baseline,sector,0.0,0.0,0.0,0.9824525854505044,24
2021-02-24,raw_pca_residual,raw_pca,raw_pca,14.0,2.6153791806491165,19.877256312534268,0.43262043010543394,24
2021-02-24,raw_pca_stabilized,raw_pca,raw_pca,14.0,2.6153791806491165,19.877256312534268,0.43262043010543394,24
2021-02-24,rmt_filtered_residual,rmt_filtered,rmt,1.0,2.6153791806491165,19.877256312534268,0.8588835111587394,24
2021-02-24,rmt_filtered_conservative,rmt_filtered,rmt,1.0,2.6153791806491165,19.877256312534268,0.8588835111587394,24
2021-02-25,sector_baseline,baseline,sector,0.0,0.0,0.0,0.8136636556478701,24
2021-02-25,raw_pca_residual,raw_pca,raw_pca,14.0,2.6153791806491165,19.8974803705441,0.6055005722371866,24
2021-02-25,raw_pca_stabilized,raw_pca,raw_pca,14.0,2.6153791806491165,19.8974803705441,0.6055005722371866,24
2021-02-25,rmt_filtered_residual,rmt_filtered,rmt,1.0,2.6153791806491165,19.8974803705441,0.7886819285774861,24
2021-02-25,rmt_filtered_conservative,rmt_filtered,rmt,1.0,2.6153791806491165,19.8974803705441,0.7886819285774861,24
2021-02-26,sector_baseline,baseline,sector,0.0,0.0,0.0,0.6531781048632488,24
2021-02-26,raw_pca_residual,raw_pca,raw_pca,14.0,2.6153791806491165,20.044589400096914,0.6194518838912914,24
2021-02-26,raw_pca_stabilized,raw_pca,raw_pca,14.0,2.6153791806491165,20.044589400096914,0.6194518838912914,24
2021-02-26,rmt_filtered_residual,rmt_filtered,rmt,1.0,2.6153791806491165,20.044589400096914,0.619017602929946,24
2021-02-26,rmt_filtered_conservative,rmt_filtered,rmt,1.0,2.6153791806491165,20.044589400096914,0.619017602929946,24
2021-03-01,sector_baseline,baseline,sector,0.0,0.0,0.0,0.6041738552351943,24
2021-03-01,raw_pca_residual,raw_pca,raw_pca,14.0,2.6153791806491165,20.270280206282756,0.940750286325513,24
2021-03-01,raw_pca_stabilized,raw_pca,raw_pca,14.0,2.6153791806491165,20.270280206282756,0.940750286325513,24
2021-03-01,rmt_filtered_residual,rmt_filtered,rmt,1.0,2.6153791806491165,20.270280206282756,0.7218714682365212,24
2021-03-01,rmt_filtered_conservative,rmt_filtered,rmt,1.0,2.6153791806491165,20.270280206282756,0.7218714682365212,24
2021-03-02,sector_baseline,baseline,sector,0.0,0.0,0.0,0.5569843508040153,24
2021-03-02,raw_pca_residual,raw_pca,raw_pca,14.0,2.6153791806491165,20.33472196703256,0.4878562272088409,24
2021-03-02,raw_pca_stabilized,raw_pca,raw_pca,14.0,2.6153791806491165,20.33472196703256,0.4878562272088409,24
2021-03-02,rmt_filtered_residual,rmt_filtered,rmt,1.0,2.6153791806491165,20.33472196703256,0.7069206644470704,24
2021-03-02,rmt_filtered_conservative,rmt_filtered,rmt,1.0,2.6153791806491165,20.33472196703256,0.7069206644470704,24
2021-03-03,sector_baseline,baseline,sector,0.0,0.0,0.0,0.7711817501528379,24
2021-03-03,raw_pca_residual,raw_pca,raw_pca,14.0,2.6153791806491165,20.334287007349335,0.8804628318115304,24
2021-03-03,raw_pca_stabilized,raw_pca,raw_pca,14.0,2.6153791806491165,20.334287007349335,0.8804628318115304,24
2021-03-03,rmt_filtered_residual,rmt_filtered,rmt,1.0,2.6153791806491165,20.334287007349335,0.7219541478694144,24
2021-03-03,rmt_filtered_conservative,rmt_filtered,rmt,1.0,2.6153791806491165,20.334287007349335,0.7219541478694144,24
2021-03-04,sector_baseline,baseline,sector,0.0,0.0,0.0,0.9867518589936694,24
2021-03-04,raw_pca_residual,raw_pca,raw_pca,14.0,2.6153791806491165,20.17152359741412,1.0862010366738633,24
2021-03-04,raw_pca_stabilized,raw_pca,raw_pca,14.0,2.6153791806491165,20.17152359741412,1.0862010366738633,24
2021-03-04,rmt_filtered_residual,rmt_filtered,rmt,1.0,2.6153791806491165,20.17152359741412,0.923283039162257,24
2021-03-04,rmt_filtered_conservative,rmt_filtered,rmt,1.0,2.6153791806491165,20.17152359741412,0.923283039162257,24
2021-03-05,sector_baseline,baseline,sector,0.0,0.0,0.0,0.8053738309709596,24
2021-03-05,raw_pca_residual,raw_pca,raw_pca,14.0,2.6153791806491165,20.15533889103708,0.7704652129249713,24
2021-03-05,raw_pca_stabilized,raw_pca,raw_pca,14.0,2.6153791806491165,20.15533889103708,0.7704652129249713,24
2021-03-05,rmt_filtered_residual,rmt_filtered,rmt,1.0,2.6153791806491165,20.15533889103708,0.7975341596816362,24
2021-03-05,rmt_filtered_conservative,rmt_filtered,rmt,1.0,2.6153791806491165,20.15533889103708,0.7975341596816362,24
2021-03-08,sector_baseline,baseline,sector,0.0,0.0,0.0,0.922604605188137,24
2021-03-08,raw_pca_residual,raw_pca,raw_pca,14.0,2.6153791806491165,20.073345102836623,0.7417812398413174,24
2021-03-08,raw_pca_stabilized,raw_pca,raw_pca,14.0,2.6153791806491165,20.073345102836623,0.7417812398413174,24
2021-03-08,rmt_filtered_residual,rmt_filtered,rmt,1.0,2.6153791806491165,20.073345102836623,0.9252583737520679,24
2021-03-08,rmt_filtered_conservative,rmt_filtered,rmt,1.0,2.6153791806491165,20.073345102836623,0.9252583737520679,24
2021-03-09,sector_baseline,baseline,sector,0.0,0.0,0.0,0.7794653298247195,24
2021-03-09,raw_pca_residual,raw_pca,raw_pca,14.0,2.6153791806491165,20.105819826090155,0.907370517274899,24
2021-03-09,raw_pca_stabilized,raw_pca,raw_pca,14.0,2.6153791806491165,20.105819826090155,0.907370517274899,24
2021-03-09,rmt_filtered_residual,rmt_filtered,rmt,1.0,2.6153791806491165,20.105819826090155,0.727308305678522,24
2021-03-09,rmt_filtered_conservative,rmt_filtered,rmt,1.0,2.6153791806491165,20.105819826090155,0.727308305678522,24
2021-03-10,sector_baseline,baseline,sector,0.0,0.0,0.0,0.8171484358034746,24
2021-03-10,raw_pca_residual,raw_pca,raw_pca,14.0,2.6153791806491165,19.986290925017737,1.0207994095011084,24
2021-03-10,raw_pca_stabilized,raw_pca,raw_pca,14.0,2.6153791806491165,19.986290925017737,1.0207994095011084,24
2021-03-10,rmt_filtered_residual,rmt_filtered,rmt,1.0,2.6153791806491165,19.986290925017737,0.8643820407342296,24
2021-03-10,rmt_filtered_conservative,rmt_filtered,rmt,1.0,2.6153791806491165,19.986290925017737,0.8643820407342296,24
2021-03-11,sector_baseline,baseline,sector,0.0,0.0,0.0,0.9121387680526976,24
2021-03-11,raw_pca_residual,raw_pca,raw_pca,14.0,2.6153791806491165,19.90354305380118,1.050556041348875,24
2021-03-11,raw_pca_stabilized,raw_pca,raw_pca,14.0,2.6153791806491165,19.90354305380118,1.050556041348875,24
2021-03-11,rmt_filtered_residual,rmt_filtered,rmt,1.0,2.6153791806491165,19.90354305380118,0.8631281397791705,24
2021-03-11,rmt_filtered_conservative,rmt_filtered,rmt,1.0,2.6153791806491165,19.90354305380118,0.8631281397791705,24
2021-03-12,sector_baseline,baseline,sector,0.0,0.0,0.0,0.7698695510096761,24
2021-03-12,raw_pca_residual,raw_pca,raw_pca,14.0,2.6153791806491165,19.937204072528512,1.2273646653582144,24
2021-03-12,raw_pca_stabilized,raw_pca,raw_pca,14.0,2.6153791806491165,19.937204072528512,1.2273646653582144,24
2021-03-12,rmt_filtered_residual,rmt_filtered,rmt,1.0,2.6153791806491165,19.937204072528512,0.8867942445292237,24
2021-03-12,rmt_filtered_conservative,rmt_filtered,rmt,1.0,2.6153791806491165,19.937204072528512,0.8867942445292237,24
2021-03-15,sector_baseline,baseline,sector,0.0,0.0,0.0,0.9534650190257453,24
2021-03-15,raw_pca_residual,raw_pca,raw_pca,14.0,2.6153791806491165,19.836436050972406,1.0332912504310228,24
2021-03-15,raw_pca_stabilized,raw_pca,raw_pca,14.0,2.6153791806491165,19.836436050972406,1.0332912504310228,24
2021-03-15,rmt_filtered_residual,rmt_filtered,rmt,1.0,2.6153791806491165,19.836436050972406,1.054565641069069,24
2021-03-15,rmt_filtered_conservative,rmt_filtered,rmt,1.0,2.6153791806491165,19.836436050972406,1.054565641069069,24
2021-03-16,sector_baseline,baseline,sector,0.0,0.0,0.0,0.9814834563377106,24
2021-03-16,raw_pca_residual,raw_pca,raw_pca,14.0,2.6153791806491165,19.922635286174735,0.8597268365113004,24
2021-03-16,raw_pca_stabilized,raw_pca,raw_pca,14.0,2.6153791806491165,19.922635286174735,0.8597268365113004,24
2021-03-16,rmt_filtered_residual,rmt_filtered,rmt,1.0,2.6153791806491165,19.922635286174735,0.9081464086839421,24
2021-03-16,rmt_filtered_conservative,rmt_filtered,rmt,1.0,2.6153791806491165,19.922635286174735,0.9081464086839421,24
2021-03-17,sector_baseline,baseline,sector,0.0,0.0,0.0,0.6282859867720129,24
2021-03-17,raw_pca_residual,raw_pca,raw_pca,14.0,2.6153791806491165,19.89124930601468,0.7180472551850555,24
2021-03-17,raw_pca_stabilized,raw_pca,raw_pca,14.0,2.6153791806491165,19.89124930601468,0.7180472551850555,24
2021-03-17,rmt_filtered_residual,rmt_filtered,rmt,1.0,2.6153791806491165,19.89124930601468,0.6701381044630539,24
2021-03-17,rmt_filtered_conservative,rmt_filtered,rmt,1.0,2.6153791806491165,19.89124930601468,0.6701381044630539,24
2021-03-18,sector_baseline,baseline,sector,0.0,0.0,0.0,0.65305224965204,24
2021-03-18,raw_pca_residual,raw_pca,raw_pca,14.0,2.6153791806491165,19.728853382111442,0.9268721433416737,24
2021-03-18,raw_pca_stabilized,raw_pca,raw_pca,14.0,2.6153791806491165,19.728853382111442,0.9268721433416737,24
2021-03-18,rmt_filtered_residual,rmt_filtered,rmt,1.0,2.6153791806491165,19.728853382111442,0.7547714069145081,24
2021-03-18,rmt_filtered_conservative,rmt_filtered,rmt,1.0,2.6153791806491165,19.728853382111442,0.7547714069145081,24
2021-03-19,sector_baseline,baseline,sector,0.0,0.0,0.0,0.5924299199298316,24
2021-03-19,raw_pca_residual,raw_pca,raw_pca,14.0,2.6153791806491165,19.71830589383678,0.6049862749849159,24
2021-03-19,raw_pca_stabilized,raw_pca,raw_pca,14.0,2.6153791806491165,19.71830589383678,0.6049862749849159,24
2021-03-19,rmt_filtered_residual,rmt_filtered,rmt,1.0,2.6153791806491165,19.71830589383678,0.5319311604193712,24
2021-03-19,rmt_filtered_conservative,rmt_filtered,rmt,1.0,2.6153791806491165,19.71830589383678,0.5319311604193712,24
2021-03-22,sector_baseline,baseline,sector,0.0,0.0,0.0,0.880496581325236,24
2021-03-22,raw_pca_residual,raw_pca,raw_pca,14.0,2.6153791806491165,19.642324286191972,0.7295346060283759,24
2021-03-22,raw_pca_stabilized,raw_pca,raw_pca,14.0,2.6153791806491165,19.642324286191972,0.7295346060283759,24
2021-03-22,rmt_filtered_residual,rmt_filtered,rmt,1.0,2.6153791806491165,19.642324286191972,0.8605066024622859,24
2021-03-22,rmt_filtered_conservative,rmt_filtered,rmt,1.0,2.6153791806491165,19.642324286191972,0.8605066024622859,24
2021-03-23,sector_baseline,baseline,sector,0.0,0.0,0.0,0.7111566246818444,24
2021-03-23,raw_pca_residual,raw_pca,raw_pca,14.0,2.6153791806491165,19.67034648695836,0.7540467941506606,24
2021-03-23,raw_pca_stabilized,raw_pca,raw_pca,14.0,2.6153791806491165,19.67034648695836,0.7540467941506606,24
2021-03-23,rmt_filtered_residual,rmt_filtered,rmt,1.0,2.6153791806491165,19.67034648695836,0.6584707713787127,24
2021-03-23,rmt_filtered_conservative,rmt_filtered,rmt,1.0,2.6153791806491165,19.67034648695836,0.6584707713787127,24
2021-03-24,sector_baseline,baseline,sector,0.0,0.0,0.0,0.8525794201324505,24
2021-03-24,raw_pca_residual,raw_pca,raw_pca,14.0,2.6153791806491165,19.711273901350147,0.9180404417160516,24
2021-03-24,raw_pca_stabilized,raw_pca,raw_pca,14.0,2.6153791806491165,19.711273901350147,0.9180404417160516,24
2021-03-24,rmt_filtered_residual,rmt_filtered,rmt,1.0,2.6153791806491165,19.711273901350147,0.8974450076021498,24
2021-03-24,rmt_filtered_conservative,rmt_filtered,rmt,1.0,2.6153791806491165,19.711273901350147,0.8974450076021498,24
2021-03-25,sector_baseline,baseline,sector,0.0,0.0,0.0,0.6020378616430903,24
2021-03-25,raw_pca_residual,raw_pca,raw_pca,14.0,2.6153791806491165,19.49993021094743,0.6565902443744811,24
2021-03-25,raw_pca_stabilized,raw_pca,raw_pca,14.0,2.6153791806491165,19.49993021094743,0.6565902443744811,24
2021-03-25,rmt_filtered_residual,rmt_filtered,rmt,1.0,2.6153791806491165,19.49993021094743,0.8325613448236157,24
2021-03-25,rmt_filtered_conservative,rmt_filtered,rmt,1.0,2.6153791806491165,19.49993021094743,0.8325613448236157,24
2021-03-26,sector_baseline,baseline,sector,0.0,0.0,0.0,0.7897830469738619,24
2021-03-26,raw_pca_residual,raw_pca,raw_pca,14.0,2.6153791806491165,19.708322494323546,0.8634200289380042,24
2021-03-26,raw_pca_stabilized,raw_pca,raw_pca,14.0,2.6153791806491165,19.708322494323546,0.8634200289380042,24
2021-03-26,rmt_filtered_residual,rmt_filtered,rmt,1.0,2.6153791806491165,19.708322494323546,0.6733028820158989,24
2021-03-26,rmt_filtered_conservative,rmt_filtered,rmt,1.0,2.6153791806491165,19.708322494323546,0.6733028820158989,24
2021-03-29,sector_baseline,baseline,sector,0.0,0.0,0.0,1.0026269390740514,24
2021-03-29,raw_pca_residual,raw_pca,raw_pca,14.0,2.6153791806491165,19.741443454769875,0.8323911959291559,24
2021-03-29,raw_pca_stabilized,raw_pca,raw_pca,14.0,2.6153791806491165,19.741443454769875,0.8323911959291559,24
2021-03-29,rmt_filtered_residual,rmt_filtered,rmt,1.0,2.6153791806491165,19.741443454769875,0.9030205792170437,24
2021-03-29,rmt_filtered_conservative,rmt_filtered,rmt,1.0,2.6153791806491165,19.741443454769875,0.9030205792170437,24
2021-03-30,sector_baseline,baseline,sector,0.0,0.0,0.0,0.9195071275633561,24
2021-03-30,raw_pca_residual,raw_pca,raw_pca,14.0,2.6153791806491165,19.691614317774782,1.068714580722992,24
2021-03-30,raw_pca_stabilized,raw_pca,raw_pca,14.0,2.6153791806491165,19.691614317774782,1.068714580722992,24
2021-03-30,rmt_filtered_residual,rmt_filtered,rmt,1.0,2.6153791806491165,19.691614317774782,0.9520063653315147,24
2021-03-30,rmt_filtered_conservative,rmt_filtered,rmt,1.0,2.6153791806491165,19.691614317774782,0.9520063653315147,24
2021-03-31,sector_baseline,baseline,sector,0.0,0.0,0.0,0.7994955845171617,24
2021-03-31,raw_pca_residual,raw_pca,raw_pca,14.0,2.6153791806491165,19.679116790281466,0.8229874582635461,24
2021-03-31,raw_pca_stabilized,raw_pca,raw_pca,14.0,2.6153791806491165,19.679116790281466,0.8229874582635461,24
2021-03-31,rmt_filtered_residual,rmt_filtered,rmt,1.0,2.6153791806491165,19.679116790281466,0.6881335408814092,24
2021-03-31,rmt_filtered_conservative,rmt_filtered,rmt,1.0,2.6153791806491165,19.679116790281466,0.6881335408814092,24
2021-04-01,sector_baseline,baseline,sector,0.0,0.0,0.0,0.8301822340696452,24
2021-04-01,raw_pca_residual,raw_pca,raw_pca,14.0,2.6153791806491165,19.69669084169337,0.5834475529148907,24
2021-04-01,raw_pca_stabilized,raw_pca,raw_pca,14.0,2.6153791806491165,19.69669084169337,0.5834475529148907,24
2021-04-01,rmt_filtered_residual,rmt_filtered,rmt,1.0,2.6153791806491165,19.69669084169337,0.7897130892713604,24
2021-04-01,rmt_filtered_conservative,rmt_filtered,rmt,1.0,2.6153791806491165,19.69669084169337,0.7897130892713604,24
2021-04-02,sector_baseline,baseline,sector,0.0,0.0,0.0,0.8054335670371827,24
2021-04-02,raw_pca_residual,raw_pca,raw_pca,14.0,2.6153791806491165,19.762536936622737,0.6372034709435613,24
2021-04-02,raw_pca_stabilized,raw_pca,raw_pca,14.0,2.6153791806491165,19.762536936622737,0.6372034709435613,24
2021-04-02,rmt_filtered_residual,rmt_filtered,rmt,1.0,2.6153791806491165,19.762536936622737,0.7242073632014229,24
2021-04-02,rmt_filtered_conservative,rmt_filtered,rmt,1.0,2.6153791806491165,19.762536936622737,0.7242073632014229,24
2021-04-05,sector_baseline,baseline,sector,0.0,0.0,0.0,0.922972253429292,24
2021-04-05,raw_pca_residual,raw_pca,raw_pca,14.0,2.6153791806491165,19.92072510118087,0.9396364199238842,24
2021-04-05,raw_pca_stabilized,raw_pca,raw_pca,14.0,2.6153791806491165,19.92072510118087,0.9396364199238842,24
2021-04-05,rmt_filtered_residual,rmt_filtered,rmt,1.0,2.6153791806491165,19.92072510118087,0.9350880303246488,24
2021-04-05,rmt_filtered_conservative,rmt_filtered,rmt,1.0,2.6153791806491165,19.92072510118087,0.9350880303246488,24
2021-04-06,sector_baseline,baseline,sector,0.0,0.0,0.0,0.8176357518969956,24
2021-04-06,raw_pca_residual,raw_pca,raw_pca,14.0,2.6153791806491165,19.888117378399606,0.8760593751257829,24
2021-04-06,raw_pca_stabilized,raw_pca,raw_pca,14.0,2.6153791806491165,19.888117378399606,0.8760593751257829,24
2021-04-06,rmt_filtered_residual,rmt_filtered,rmt,1.0,2.6153791806491165,19.888117378399606,0.7739698369433161,24
2021-04-06,rmt_filtered_conservative,rmt_filtered,rmt,1.0,2.6153791806491165,19.888117378399606,0.7739698369433161,24
2021-04-07,sector_baseline,baseline,sector,0.0,0.0,0.0,1.0622033678543235,24
2021-04-07,raw_pca_residual,raw_pca,raw_pca,14.0,2.6153791806491165,19.920348168710582,0.6230376872040291,24
2021-04-07,raw_pca_stabilized,raw_pca,raw_pca,14.0,2.6153791806491165,19.920348168710582,0.6230376872040291,24
2021-04-07,rmt_filtered_residual,rmt_filtered,rmt,1.0,2.6153791806491165,19.920348168710582,1.110891872820505,24
2021-04-07,rmt_filtered_conservative,rmt_filtered,rmt,1.0,2.6153791806491165,19.920348168710582,1.110891872820505,24
2021-04-08,sector_baseline,baseline,sector,0.0,0.0,0.0,0.6679428171193661,24
2021-04-08,raw_pca_residual,raw_pca,raw_pca,14.0,2.6153791806491165,19.924358039791827,0.9311716370175739,24
2021-04-08,raw_pca_stabilized,raw_pca,raw_pca,14.0,2.6153791806491165,19.924358039791827,0.9311716370175739,24
2021-04-08,rmt_filtered_residual,rmt_filtered,rmt,1.0,2.6153791806491165,19.924358039791827,0.7373961889401013,24
2021-04-08,rmt_filtered_conservative,rmt_filtered,rmt,1.0,2.6153791806491165,19.924358039791827,0.7373961889401013,24
2021-04-09,sector_baseline,baseline,sector,0.0,0.0,0.0,0.6473260620848316,24
2021-04-09,raw_pca_residual,raw_pca,raw_pca,14.0,2.6153791806491165,20.05017324445064,0.8743943743869261,24
2021-04-09,raw_pca_stabilized,raw_pca,raw_pca,14.0,2.6153791806491165,20.05017324445064,0.8743943743869261,24
2021-04-09,rmt_filtered_residual,rmt_filtered,rmt,1.0,2.6153791806491165,20.05017324445064,0.7025047460533993,24
2021-04-09,rmt_filtered_conservative,rmt_filtered,rmt,1.0,2.6153791806491165,20.05017324445064,0.7025047460533993,24
2021-04-12,sector_baseline,baseline,sector,0.0,0.0,0.0,0.6340543503316262,24
2021-04-12,raw_pca_residual,raw_pca,raw_pca,14.0,2.6153791806491165,20.267138713608656,0.8201239880816842,24
2021-04-12,raw_pca_stabilized,raw_pca,raw_pca,14.0,2.6153791806491165,20.267138713608656,0.8201239880816842,24
2021-04-12,rmt_filtered_residual,rmt_filtered,rmt,1.0,2.6153791806491165,20.267138713608656,0.568361907057817,24
2021-04-12,rmt_filtered_conservative,rmt_filtered,rmt,1.0,2.6153791806491165,20.267138713608656,0.568361907057817,24
2021-04-13,sector_baseline,baseline,sector,0.0,0.0,0.0,1.0669112059446049,24
2021-04-13,raw_pca_residual,raw_pca,raw_pca,14.0,2.6153791806491165,20.274373810310635,0.9506316267982236,24
2021-04-13,raw_pca_stabilized,raw_pca,raw_pca,14.0,2.6153791806491165,20.274373810310635,0.9506316267982236,24
2021-04-13,rmt_filtered_residual,rmt_filtered,rmt,1.0,2.6153791806491165,20.274373810310635,0.9710764722423729,24
2021-04-13,rmt_filtered_conservative,rmt_filtered,rmt,1.0,2.6153791806491165,20.274373810310635,0.9710764722423729,24
2021-04-14,sector_baseline,baseline,sector,0.0,0.0,0.0,0.6641354822704505,24
2021-04-14,raw_pca_residual,raw_pca,raw_pca,14.0,2.6153791806491165,20.325035632124788,0.7431492393118747,24
2021-04-14,raw_pca_stabilized,raw_pca,raw_pca,14.0,2.6153791806491165,20.325035632124788,0.7431492393118747,24
2021-04-14,rmt_filtered_residual,rmt_filtered,rmt,1.0,2.6153791806491165,20.325035632124788,0.7167694897694404,24
2021-04-14,rmt_filtered_conservative,rmt_filtered,rmt,1.0,2.6153791806491165,20.325035632124788,0.7167694897694404,24
2021-04-15,sector_baseline,baseline,sector,0.0,0.0,0.0,0.5945076378550399,24
2021-04-15,raw_pca_residual,raw_pca,raw_pca,14.0,2.6153791806491165,20.46533869554268,0.64185980234762,24
2021-04-15,raw_pca_stabilized,raw_pca,raw_pca,14.0,2.6153791806491165,20.46533869554268,0.64185980234762,24
2021-04-15,rmt_filtered_residual,rmt_filtered,rmt,1.0,2.6153791806491165,20.46533869554268,0.7744182493189099,24
2021-04-15,rmt_filtered_conservative,rmt_filtered,rmt,1.0,2.6153791806491165,20.46533869554268,0.7744182493189099,24
2021-04-16,sector_baseline,baseline,sector,0.0,0.0,0.0,0.7206156832199352,24
2021-04-16,raw_pca_residual,raw_pca,raw_pca,14.0,2.6153791806491165,20.464326325912758,0.5989219068423328,24
2021-04-16,raw_pca_stabilized,raw_pca,raw_pca,14.0,2.6153791806491165,20.464326325912758,0.5989219068423328,24
2021-04-16,rmt_filtered_residual,rmt_filtered,rmt,1.0,2.6153791806491165,20.464326325912758,0.7727988731158937,24
2021-04-16,rmt_filtered_conservative,rmt_filtered,rmt,1.0,2.6153791806491165,20.464326325912758,0.7727988731158937,24
2021-04-19,sector_baseline,baseline,sector,0.0,0.0,0.0,1.0085394866808477,24
2021-04-19,raw_pca_residual,raw_pca,raw_pca,14.0,2.6153791806491165,20.492960064422164,0.7757454956649413,24
2021-04-19,raw_pca_stabilized,raw_pca,raw_pca,14.0,2.6153791806491165,20.492960064422164,0.7757454956649413,24
2021-04-19,rmt_filtered_residual,rmt_filtered,rmt,1.0,2.6153791806491165,20.492960064422164,0.9737014503505289,24
2021-04-19,rmt_filtered_conservative,rmt_filtered,rmt,1.0,2.6153791806491165,20.492960064422164,0.9737014503505289,24
2021-04-20,sector_baseline,baseline,sector,0.0,0.0,0.0,0.6623314973552907,24
2021-04-20,raw_pca_residual,raw_pca,raw_pca,14.0,2.6153791806491165,20.48058071682644,0.9667479755931353,24
2021-04-20,raw_pca_stabilized,raw_pca,raw_pca,14.0,2.6153791806491165,20.48058071682644,0.9667479755931353,24
2021-04-20,rmt_filtered_residual,rmt_filtered,rmt,1.0,2.6153791806491165,20.48058071682644,0.7338794759228525,24
2021-04-20,rmt_filtered_conservative,rmt_filtered,rmt,1.0,2.6153791806491165,20.48058071682644,0.7338794759228525,24
2021-04-21,sector_baseline,baseline,sector,0.0,0.0,0.0,0.9046024814332846,24
2021-04-21,raw_pca_residual,raw_pca,raw_pca,14.0,2.6153791806491165,20.369279823310865,0.6015354698865313,24
2021-04-21,raw_pca_stabilized,raw_pca,raw_pca,14.0,2.6153791806491165,20.369279823310865,0.6015354698865313,24
2021-04-21,rmt_filtered_residual,rmt_filtered,rmt,1.0,2.6153791806491165,20.369279823310865,0.9276215112359386,24
2021-04-21,rmt_filtered_conservative,rmt_filtered,rmt,1.0,2.6153791806491165,20.369279823310865,0.9276215112359386,24
2021-04-22,sector_baseline,baseline,sector,0.0,0.0,0.0,0.8303563392147483,24
2021-04-22,raw_pca_residual,raw_pca,raw_pca,14.0,2.6153791806491165,20.307454600600853,0.8165654014967085,24
2021-04-22,raw_pca_stabilized,raw_pca,raw_pca,14.0,2.6153791806491165,20.307454600600853,0.8165654014967085,24
2021-04-22,rmt_filtered_residual,rmt_filtered,rmt,1.0,2.6153791806491165,20.307454600600853,0.8899132292141158,24
2021-04-22,rmt_filtered_conservative,rmt_filtered,rmt,1.0,2.6153791806491165,20.307454600600853,0.8899132292141158,24
2021-04-23,sector_baseline,baseline,sector,0.0,0.0,0.0,0.7591111202604349,24
2021-04-23,raw_pca_residual,raw_pca,raw_pca,14.0,2.6153791806491165,20.284446054158135,0.6617238531518235,24
2021-04-23,raw_pca_stabilized,raw_pca,raw_pca,14.0,2.6153791806491165,20.284446054158135,0.6617238531518235,24
2021-04-23,rmt_filtered_residual,rmt_filtered,rmt,1.0,2.6153791806491165,20.284446054158135,0.8610577108433217,24
2021-04-23,rmt_filtered_conservative,rmt_filtered,rmt,1.0,2.6153791806491165,20.284446054158135,0.8610577108433217,24
2021-04-26,sector_baseline,baseline,sector,0.0,0.0,0.0,0.7063734273618488,24
2021-04-26,raw_pca_residual,raw_pca,raw_pca,14.0,2.6153791806491165,20.320030170625888,0.8062494853649628,24
2021-04-26,raw_pca_stabilized,raw_pca,raw_pca,14.0,2.6153791806491165,20.320030170625888,0.8062494853649628,24
2021-04-26,rmt_filtered_residual,rmt_filtered,rmt,1.0,2.6153791806491165,20.320030170625888,0.697376242913274,24
2021-04-26,rmt_filtered_conservative,rmt_filtered,rmt,1.0,2.6153791806491165,20.320030170625888,0.697376242913274,24
2021-04-27,sector_baseline,baseline,sector,0.0,0.0,0.0,0.4503349945921517,24
2021-04-27,raw_pca_residual,raw_pca,raw_pca,14.0,2.6153791806491165,20.30314523255157,0.8151810813890069,24
2021-04-27,raw_pca_stabilized,raw_pca,raw_pca,14.0,2.6153791806491165,20.30314523255157,0.8151810813890069,24
2021-04-27,rmt_filtered_residual,rmt_filtered,rmt,1.0,2.6153791806491165,20.30314523255157,0.6670829125002712,24
2021-04-27,rmt_filtered_conservative,rmt_filtered,rmt,1.0,2.6153791806491165,20.30314523255157,0.6670829125002712,24
2021-04-28,sector_baseline,baseline,sector,0.0,0.0,0.0,0.7488387899186936,24
2021-04-28,raw_pca_residual,raw_pca,raw_pca,14.0,2.6153791806491165,20.306972182599825,0.8090441156791816,24
2021-04-28,raw_pca_stabilized,raw_pca,raw_pca,14.0,2.6153791806491165,20.306972182599825,0.8090441156791816,24
2021-04-28,rmt_filtered_residual,rmt_filtered,rmt,1.0,2.6153791806491165,20.306972182599825,0.7324818702146687,24
2021-04-28,rmt_filtered_conservative,rmt_filtered,rmt,1.0,2.6153791806491165,20.306972182599825,0.7324818702146687,24
2021-04-29,sector_baseline,baseline,sector,0.0,0.0,0.0,0.8622553645471976,24
2021-04-29,raw_pca_residual,raw_pca,raw_pca,14.0,2.6153791806491165,20.30429715389282,0.6569611582663369,24
2021-04-29,raw_pca_stabilized,raw_pca,raw_pca,14.0,2.6153791806491165,20.30429715389282,0.6569611582663369,24
2021-04-29,rmt_filtered_residual,rmt_filtered,rmt,1.0,2.6153791806491165,20.30429715389282,0.7247500688415992,24
2021-04-29,rmt_filtered_conservative,rmt_filtered,rmt,1.0,2.6153791806491165,20.30429715389282,0.7247500688415992,24
2021-04-30,sector_baseline,baseline,sector,0.0,0.0,0.0,0.7375099024291933,24
2021-04-30,raw_pca_residual,raw_pca,raw_pca,14.0,2.6153791806491165,20.283233631894767,0.4624416919423891,24
2021-04-30,raw_pca_stabilized,raw_pca,raw_pca,14.0,2.6153791806491165,20.283233631894767,0.4624416919423891,24
2021-04-30,rmt_filtered_residual,rmt_filtered,rmt,1.0,2.6153791806491165,20.283233631894767,0.688731310857806,24
2021-04-30,rmt_filtered_conservative,rmt_filtered,rmt,1.0,2.6153791806491165,20.283233631894767,0.688731310857806,24
2021-05-03,sector_baseline,baseline,sector,0.0,0.0,0.0,0.8704021318949371,24
2021-05-03,raw_pca_residual,raw_pca,raw_pca,14.0,2.6153791806491165,20.283433628856148,0.8670854904627202,24
2021-05-03,raw_pca_stabilized,raw_pca,raw_pca,14.0,2.6153791806491165,20.283433628856148,0.8670854904627202,24
2021-05-03,rmt_filtered_residual,rmt_filtered,rmt,1.0,2.6153791806491165,20.283433628856148,0.8818533314975531,24
2021-05-03,rmt_filtered_conservative,rmt_filtered,rmt,1.0,2.6153791806491165,20.283433628856148,0.8818533314975531,24
2021-05-04,sector_baseline,baseline,sector,0.0,0.0,0.0,0.8371711072112716,24
2021-05-04,raw_pca_residual,raw_pca,raw_pca,14.0,2.6153791806491165,20.380946992353135,0.7619509402899904,24
2021-05-04,raw_pca_stabilized,raw_pca,raw_pca,14.0,2.6153791806491165,20.380946992353135,0.7619509402899904,24
2021-05-04,rmt_filtered_residual,rmt_filtered,rmt,1.0,2.6153791806491165,20.380946992353135,0.8378595270375838,24
2021-05-04,rmt_filtered_conservative,rmt_filtered,rmt,1.0,2.6153791806491165,20.380946992353135,0.8378595270375838,24
2021-05-05,sector_baseline,baseline,sector,0.0,0.0,0.0,0.8276787926317336,24
2021-05-05,raw_pca_residual,raw_pca,raw_pca,14.0,2.6153791806491165,20.51451111042973,0.7589825185039955,24
2021-05-05,raw_pca_stabilized,raw_pca,raw_pca,14.0,2.6153791806491165,20.51451111042973,0.7589825185039955,24
2021-05-05,rmt_filtered_residual,rmt_filtered,rmt,1.0,2.6153791806491165,20.51451111042973,0.7879023610884758,24
2021-05-05,rmt_filtered_conservative,rmt_filtered,rmt,1.0,2.6153791806491165,20.51451111042973,0.7879023610884758,24
2021-05-06,sector_baseline,baseline,sector,0.0,0.0,0.0,0.7578954996000092,24
2021-05-06,raw_pca_residual,raw_pca,raw_pca,14.0,2.6153791806491165,20.47285394884386,0.9818290275923087,24
2021-05-06,raw_pca_stabilized,raw_pca,raw_pca,14.0,2.6153791806491165,20.47285394884386,0.9818290275923087,24
2021-05-06,rmt_filtered_residual,rmt_filtered,rmt,1.0,2.6153791806491165,20.47285394884386,0.8223875762279688,24
2021-05-06,rmt_filtered_conservative,rmt_filtered,rmt,1.0,2.6153791806491165,20.47285394884386,0.8223875762279688,24
2021-05-07,sector_baseline,baseline,sector,0.0,0.0,0.0,0.6818538725909442,24
2021-05-07,raw_pca_residual,raw_pca,raw_pca,14.0,2.6153791806491165,20.373005769933833,0.7301115879077318,24
2021-05-07,raw_pca_stabilized,raw_pca,raw_pca,14.0,2.6153791806491165,20.373005769933833,0.7301115879077318,24
2021-05-07,rmt_filtered_residual,rmt_filtered,rmt,1.0,2.6153791806491165,20.373005769933833,0.7259852179548391,24
2021-05-07,rmt_filtered_conservative,rmt_filtered,rmt,1.0,2.6153791806491165,20.373005769933833,0.7259852179548391,24
2021-05-10,sector_baseline,baseline,sector,0.0,0.0,0.0,0.8312479804727104,24
2021-05-10,raw_pca_residual,raw_pca,raw_pca,14.0,2.6153791806491165,20.317155180379515,0.8740008201076069,24
2021-05-10,raw_pca_stabilized,raw_pca,raw_pca,14.0,2.6153791806491165,20.317155180379515,0.8740008201076069,24
2021-05-10,rmt_filtered_residual,rmt_filtered,rmt,1.0,2.6153791806491165,20.317155180379515,0.9492787423313455,24
2021-05-10,rmt_filtered_conservative,rmt_filtered,rmt,1.0,2.6153791806491165,20.317155180379515,0.9492787423313455,24
2021-05-11,sector_baseline,baseline,sector,0.0,0.0,0.0,0.766414864621168,24
2021-05-11,raw_pca_residual,raw_pca,raw_pca,14.0,2.6153791806491165,20.298273999660747,0.6426499240472491,24
2021-05-11,raw_pca_stabilized,raw_pca,raw_pca,14.0,2.6153791806491165,20.298273999660747,0.6426499240472491,24
2021-05-11,rmt_filtered_residual,rmt_filtered,rmt,1.0,2.6153791806491165,20.298273999660747,0.7488535342830124,24
2021-05-11,rmt_filtered_conservative,rmt_filtered,rmt,1.0,2.6153791806491165,20.298273999660747,0.7488535342830124,24
2021-05-12,sector_baseline,baseline,sector,0.0,0.0,0.0,0.8045638455832821,24
2021-05-12,raw_pca_residual,raw_pca,raw_pca,14.0,2.6153791806491165,20.14845240949185,0.6095418863771136,24
2021-05-12,raw_pca_stabilized,raw_pca,raw_pca,14.0,2.6153791806491165,20.14845240949185,0.6095418863771136,24
2021-05-12,rmt_filtered_residual,rmt_filtered,rmt,1.0,2.6153791806491165,20.14845240949185,0.76879483923925,24
2021-05-12,rmt_filtered_conservative,rmt_filtered,rmt,1.0,2.6153791806491165,20.14845240949185,0.76879483923925,24
2021-05-13,sector_baseline,baseline,sector,0.0,0.0,0.0,0.8692201219706052,24
2021-05-13,raw_pca_residual,raw_pca,raw_pca,14.0,2.6153791806491165,20.069072044218704,0.6748796023181644,24
2021-05-13,raw_pca_stabilized,raw_pca,raw_pca,14.0,2.6153791806491165,20.069072044218704,0.6748796023181644,24
2021-05-13,rmt_filtered_residual,rmt_filtered,rmt,1.0,2.6153791806491165,20.069072044218704,0.8937708129762972,24
2021-05-13,rmt_filtered_conservative,rmt_filtered,rmt,1.0,2.6153791806491165,20.069072044218704,0.8937708129762972,24
2021-05-14,sector_baseline,baseline,sector,0.0,0.0,0.0,0.5022125384990838,24
2021-05-14,raw_pca_residual,raw_pca,raw_pca,14.0,2.6153791806491165,20.077555412678716,0.8523469152484106,24
2021-05-14,raw_pca_stabilized,raw_pca,raw_pca,14.0,2.6153791806491165,20.077555412678716,0.8523469152484106,24
2021-05-14,rmt_filtered_residual,rmt_filtered,rmt,1.0,2.6153791806491165,20.077555412678716,0.7280702839998946,24
2021-05-14,rmt_filtered_conservative,rmt_filtered,rmt,1.0,2.6153791806491165,20.077555412678716,0.7280702839998946,24
2021-05-17,sector_baseline,baseline,sector,0.0,0.0,0.0,0.9542458869427932,24
2021-05-17,raw_pca_residual,raw_pca,raw_pca,14.0,2.6153791806491165,20.01760942938901,0.8164797246307041,24
2021-05-17,raw_pca_stabilized,raw_pca,raw_pca,14.0,2.6153791806491165,20.01760942938901,0.8164797246307041,24
2021-05-17,rmt_filtered_residual,rmt_filtered,rmt,1.0,2.6153791806491165,20.01760942938901,0.9209574455439834,24
2021-05-17,rmt_filtered_conservative,rmt_filtered,rmt,1.0,2.6153791806491165,20.01760942938901,0.9209574455439834,24
2021-05-18,sector_baseline,baseline,sector,0.0,0.0,0.0,0.9987621693325822,24
2021-05-18,raw_pca_residual,raw_pca,raw_pca,14.0,2.6153791806491165,20.08483141885082,0.501087412496597,24
2021-05-18,raw_pca_stabilized,raw_pca,raw_pca,14.0,2.6153791806491165,20.08483141885082,0.501087412496597,24
2021-05-18,rmt_filtered_residual,rmt_filtered,rmt,1.0,2.6153791806491165,20.08483141885082,0.9876473195885064,24
2021-05-18,rmt_filtered_conservative,rmt_filtered,rmt,1.0,2.6153791806491165,20.08483141885082,0.9876473195885064,24
2021-05-19,sector_baseline,baseline,sector,0.0,0.0,0.0,0.9312723546268119,24
2021-05-19,raw_pca_residual,raw_pca,raw_pca,14.0,2.6153791806491165,20.099870698233243,0.8391246198489103,24
2021-05-19,raw_pca_stabilized,raw_pca,raw_pca,14.0,2.6153791806491165,20.099870698233243,0.8391246198489103,24
2021-05-19,rmt_filtered_residual,rmt_filtered,rmt,1.0,2.6153791806491165,20.099870698233243,0.9643503501141963,24
2021-05-19,rmt_filtered_conservative,rmt_filtered,rmt,1.0,2.6153791806491165,20.099870698233243,0.9643503501141963,24
2021-05-20,sector_baseline,baseline,sector,0.0,0.0,0.0,0.7433724882889284,24
2021-05-20,raw_pca_residual,raw_pca,raw_pca,14.0,2.6153791806491165,20.127168822273536,0.8177312352135896,24
2021-05-20,raw_pca_stabilized,raw_pca,raw_pca,14.0,2.6153791806491165,20.127168822273536,0.8177312352135896,24
2021-05-20,rmt_filtered_residual,rmt_filtered,rmt,1.0,2.6153791806491165,20.127168822273536,0.7333984769785209,24
2021-05-20,rmt_filtered_conservative,rmt_filtered,rmt,1.0,2.6153791806491165,20.127168822273536,0.7333984769785209,24
2021-05-21,sector_baseline,baseline,sector,0.0,0.0,0.0,0.8204452171065589,24
2021-05-21,raw_pca_residual,raw_pca,raw_pca,14.0,2.6153791806491165,20.130069744778044,0.8858829310276759,24
2021-05-21,raw_pca_stabilized,raw_pca,raw_pca,14.0,2.6153791806491165,20.130069744778044,0.8858829310276759,24
2021-05-21,rmt_filtered_residual,rmt_filtered,rmt,1.0,2.6153791806491165,20.130069744778044,0.8445586612886853,24
2021-05-21,rmt_filtered_conservative,rmt_filtered,rmt,1.0,2.6153791806491165,20.130069744778044,0.8445586612886853,24
2021-05-24,sector_baseline,baseline,sector,0.0,0.0,0.0,0.8410954345972925,24
2021-05-24,raw_pca_residual,raw_pca,raw_pca,14.0,2.6153791806491165,20.151404142957396,1.0759845023288979,24
2021-05-24,raw_pca_stabilized,raw_pca,raw_pca,14.0,2.6153791806491165,20.151404142957396,1.0759845023288979,24
2021-05-24,rmt_filtered_residual,rmt_filtered,rmt,1.0,2.6153791806491165,20.151404142957396,0.8061360919817221,24
2021-05-24,rmt_filtered_conservative,rmt_filtered,rmt,1.0,2.6153791806491165,20.151404142957396,0.8061360919817221,24
2021-05-25,sector_baseline,baseline,sector,0.0,0.0,0.0,1.0090550658505795,24
2021-05-25,raw_pca_residual,raw_pca,raw_pca,14.0,2.6153791806491165,20.168826913069278,0.9967705236117249,24
2021-05-25,raw_pca_stabilized,raw_pca,raw_pca,14.0,2.6153791806491165,20.168826913069278,0.9967705236117249,24
2021-05-25,rmt_filtered_residual,rmt_filtered,rmt,1.0,2.6153791806491165,20.168826913069278,0.9757232989596077,24
2021-05-25,rmt_filtered_conservative,rmt_filtered,rmt,1.0,2.6153791806491165,20.168826913069278,0.9757232989596077,24
2021-05-26,sector_baseline,baseline,sector,0.0,0.0,0.0,0.5608702270648106,24
2021-05-26,raw_pca_residual,raw_pca,raw_pca,14.0,2.6153791806491165,20.08129657660839,0.8362821355953166,24
2021-05-26,raw_pca_stabilized,raw_pca,raw_pca,14.0,2.6153791806491165,20.08129657660839,0.8362821355953166,24
2021-05-26,rmt_filtered_residual,rmt_filtered,rmt,1.0,2.6153791806491165,20.08129657660839,0.5079808013164894,24
2021-05-26,rmt_filtered_conservative,rmt_filtered,rmt,1.0,2.6153791806491165,20.08129657660839,0.5079808013164894,24
2021-05-27,sector_baseline,baseline,sector,0.0,0.0,0.0,0.6624519899832506,24
2021-05-27,raw_pca_residual,raw_pca,raw_pca,14.0,2.6153791806491165,19.845649590794846,0.8780050799675175,24
2021-05-27,raw_pca_stabilized,raw_pca,raw_pca,14.0,2.6153791806491165,19.845649590794846,0.8780050799675175,24
2021-05-27,rmt_filtered_residual,rmt_filtered,rmt,1.0,2.6153791806491165,19.845649590794846,0.6486087379334754,24
2021-05-27,rmt_filtered_conservative,rmt_filtered,rmt,1.0,2.6153791806491165,19.845649590794846,0.6486087379334754,24
2021-05-28,sector_baseline,baseline,sector,0.0,0.0,0.0,0.6210038120554024,24
2021-05-28,raw_pca_residual,raw_pca,raw_pca,14.0,2.6153791806491165,19.797976635288727,0.7173053303307677,24
2021-05-28,raw_pca_stabilized,raw_pca,raw_pca,14.0,2.6153791806491165,19.797976635288727,0.7173053303307677,24
2021-05-28,rmt_filtered_residual,rmt_filtered,rmt,1.0,2.6153791806491165,19.797976635288727,0.637886722446724,24
2021-05-28,rmt_filtered_conservative,rmt_filtered,rmt,1.0,2.6153791806491165,19.797976635288727,0.637886722446724,24
2021-05-31,sector_baseline,baseline,sector,0.0,0.0,0.0,0.8428852122438789,24
2021-05-31,raw_pca_residual,raw_pca,raw_pca,14.0,2.6153791806491165,19.678122676097434,0.4651565209961781,24
2021-05-31,raw_pca_stabilized,raw_pca,raw_pca,14.0,2.6153791806491165,19.678122676097434,0.4651565209961781,24
2021-05-31,rmt_filtered_residual,rmt_filtered,rmt,1.0,2.6153791806491165,19.678122676097434,0.8589522722146863,24
2021-05-31,rmt_filtered_conservative,rmt_filtered,rmt,1.0,2.6153791806491165,19.678122676097434,0.8589522722146863,24
2021-06-01,sector_baseline,baseline,sector,0.0,0.0,0.0,0.5037841179389212,24
2021-06-01,raw_pca_residual,raw_pca,raw_pca,14.0,2.6153791806491165,19.98050984117992,0.9325556935157923,24
2021-06-01,raw_pca_stabilized,raw_pca,raw_pca,14.0,2.6153791806491165,19.98050984117992,0.9325556935157923,24
2021-06-01,rmt_filtered_residual,rmt_filtered,rmt,1.0,2.6153791806491165,19.98050984117992,0.6915742936957995,24
2021-06-01,rmt_filtered_conservative,rmt_filtered,rmt,1.0,2.6153791806491165,19.98050984117992,0.6915742936957995,24
2021-06-02,sector_baseline,baseline,sector,0.0,0.0,0.0,0.7449466507734805,24
2021-06-02,raw_pca_residual,raw_pca,raw_pca,14.0,2.6153791806491165,20.085282149228764,1.2090454092214944,24
2021-06-02,raw_pca_stabilized,raw_pca,raw_pca,14.0,2.6153791806491165,20.085282149228764,1.2090454092214944,24
2021-06-02,rmt_filtered_residual,rmt_filtered,rmt,1.0,2.6153791806491165,20.085282149228764,0.7517737911282616,24
2021-06-02,rmt_filtered_conservative,rmt_filtered,rmt,1.0,2.6153791806491165,20.085282149228764,0.7517737911282616,24
2021-06-03,sector_baseline,baseline,sector,0.0,0.0,0.0,0.6914184554257878,24
2021-06-03,raw_pca_residual,raw_pca,raw_pca,14.0,2.6153791806491165,20.123711101957262,0.9940339252169602,24
2021-06-03,raw_pca_stabilized,raw_pca,raw_pca,14.0,2.6153791806491165,20.123711101957262,0.9940339252169602,24
2021-06-03,rmt_filtered_residual,rmt_filtered,rmt,1.0,2.6153791806491165,20.123711101957262,0.5918046924487387,24
2021-06-03,rmt_filtered_conservative,rmt_filtered,rmt,1.0,2.6153791806491165,20.123711101957262,0.5918046924487387,24
2021-06-04,sector_baseline,baseline,sector,0.0,0.0,0.0,0.8651787687155497,24
2021-06-04,raw_pca_residual,raw_pca,raw_pca,14.0,2.6153791806491165,20.194802914182098,0.9171610548258514,24
2021-06-04,raw_pca_stabilized,raw_pca,raw_pca,14.0,2.6153791806491165,20.194802914182098,0.9171610548258514,24
2021-06-04,rmt_filtered_residual,rmt_filtered,rmt,1.0,2.6153791806491165,20.194802914182098,0.8163400187059144,24
2021-06-04,rmt_filtered_conservative,rmt_filtered,rmt,1.0,2.6153791806491165,20.194802914182098,0.8163400187059144,24
2021-06-07,sector_baseline,baseline,sector,0.0,0.0,0.0,0.7092991287028848,24
2021-06-07,raw_pca_residual,raw_pca,raw_pca,14.0,2.6153791806491165,20.393289434910628,0.6036868189008264,24
2021-06-07,raw_pca_stabilized,raw_pca,raw_pca,14.0,2.6153791806491165,20.393289434910628,0.6036868189008264,24
2021-06-07,rmt_filtered_residual,rmt_filtered,rmt,1.0,2.6153791806491165,20.393289434910628,0.8114986948707568,24
2021-06-07,rmt_filtered_conservative,rmt_filtered,rmt,1.0,2.6153791806491165,20.393289434910628,0.8114986948707568,24
2021-06-08,sector_baseline,baseline,sector,0.0,0.0,0.0,0.750656959684933,24
2021-06-08,raw_pca_residual,raw_pca,raw_pca,14.0,2.6153791806491165,20.385188397919855,0.7344393839154626,24
2021-06-08,raw_pca_stabilized,raw_pca,raw_pca,14.0,2.6153791806491165,20.385188397919855,0.7344393839154626,24
2021-06-08,rmt_filtered_residual,rmt_filtered,rmt,1.0,2.6153791806491165,20.385188397919855,0.6779182737056028,24
2021-06-08,rmt_filtered_conservative,rmt_filtered,rmt,1.0,2.6153791806491165,20.385188397919855,0.6779182737056028,24
2021-06-09,sector_baseline,baseline,sector,0.0,0.0,0.0,0.7295486210410042,24
2021-06-09,raw_pca_residual,raw_pca,raw_pca,14.0,2.6153791806491165,20.43308142714155,0.7266537375538699,24
2021-06-09,raw_pca_stabilized,raw_pca,raw_pca,14.0,2.6153791806491165,20.43308142714155,0.7266537375538699,24
2021-06-09,rmt_filtered_residual,rmt_filtered,rmt,1.0,2.6153791806491165,20.43308142714155,0.7214155325280524,24
2021-06-09,rmt_filtered_conservative,rmt_filtered,rmt,1.0,2.6153791806491165,20.43308142714155,0.7214155325280524,24
2021-06-10,sector_baseline,baseline,sector,0.0,0.0,0.0,0.5762563747491072,24
2021-06-10,raw_pca_residual,raw_pca,raw_pca,14.0,2.6153791806491165,20.536836846247166,0.7722523361735317,24
2021-06-10,raw_pca_stabilized,raw_pca,raw_pca,14.0,2.6153791806491165,20.536836846247166,0.7722523361735317,24
2021-06-10,rmt_filtered_residual,rmt_filtered,rmt,1.0,2.6153791806491165,20.536836846247166,0.6551673557056327,24
2021-06-10,rmt_filtered_conservative,rmt_filtered,rmt,1.0,2.6153791806491165,20.536836846247166,0.6551673557056327,24
2021-06-11,sector_baseline,baseline,sector,0.0,0.0,0.0,0.912524757455663,24
2021-06-11,raw_pca_residual,raw_pca,raw_pca,14.0,2.6153791806491165,20.440007939704792,0.6814815402565122,24
2021-06-11,raw_pca_stabilized,raw_pca,raw_pca,14.0,2.6153791806491165,20.440007939704792,0.6814815402565122,24
2021-06-11,rmt_filtered_residual,rmt_filtered,rmt,1.0,2.6153791806491165,20.440007939704792,0.8795996361590911,24
2021-06-11,rmt_filtered_conservative,rmt_filtered,rmt,1.0,2.6153791806491165,20.440007939704792,0.8795996361590911,24
2021-06-14,sector_baseline,baseline,sector,0.0,0.0,0.0,0.7093513175385767,24
2021-06-14,raw_pca_residual,raw_pca,raw_pca,14.0,2.6153791806491165,20.401931698678336,0.6810443251787626,24
2021-06-14,raw_pca_stabilized,raw_pca,raw_pca,14.0,2.6153791806491165,20.401931698678336,0.6810443251787626,24
2021-06-14,rmt_filtered_residual,rmt_filtered,rmt,1.0,2.6153791806491165,20.401931698678336,0.7314509612428433,24
2021-06-14,rmt_filtered_conservative,rmt_filtered,rmt,1.0,2.6153791806491165,20.401931698678336,0.7314509612428433,24
2021-06-15,sector_baseline,baseline,sector,0.0,0.0,0.0,0.7369285943081891,24
2021-06-15,raw_pca_residual,raw_pca,raw_pca,14.0,2.6153791806491165,20.393818118098,1.0626492908157539,24
2021-06-15,raw_pca_stabilized,raw_pca,raw_pca,14.0,2.6153791806491165,20.393818118098,1.0626492908157539,24
2021-06-15,rmt_filtered_residual,rmt_filtered,rmt,1.0,2.6153791806491165,20.393818118098,0.6667853933600192,24
2021-06-15,rmt_filtered_conservative,rmt_filtered,rmt,1.0,2.6153791806491165,20.393818118098,0.6667853933600192,24
2021-06-16,sector_baseline,baseline,sector,0.0,0.0,0.0,1.0147353655288953,24
2021-06-16,raw_pca_residual,raw_pca,raw_pca,14.0,2.6153791806491165,20.372089294618814,1.1270789934925312,24
2021-06-16,raw_pca_stabilized,raw_pca,raw_pca,14.0,2.6153791806491165,20.372089294618814,1.1270789934925312,24
2021-06-16,rmt_filtered_residual,rmt_filtered,rmt,1.0,2.6153791806491165,20.372089294618814,0.9403437186128021,24
2021-06-16,rmt_filtered_conservative,rmt_filtered,rmt,1.0,2.6153791806491165,20.372089294618814,0.9403437186128021,24
2021-06-17,sector_baseline,baseline,sector,0.0,0.0,0.0,0.850583686581886,24
2021-06-17,raw_pca_residual,raw_pca,raw_pca,14.0,2.6153791806491165,20.447627702160744,1.099172038654485,24
2021-06-17,raw_pca_stabilized,raw_pca,raw_pca,14.0,2.6153791806491165,20.447627702160744,1.099172038654485,24
2021-06-17,rmt_filtered_residual,rmt_filtered,rmt,1.0,2.6153791806491165,20.447627702160744,0.7512658355560579,24
2021-06-17,rmt_filtered_conservative,rmt_filtered,rmt,1.0,2.6153791806491165,20.447627702160744,0.7512658355560579,24
2021-06-18,sector_baseline,baseline,sector,0.0,0.0,0.0,0.9424348058940364,24
2021-06-18,raw_pca_residual,raw_pca,raw_pca,14.0,2.6153791806491165,20.508574465630215,0.6814748796778797,24
2021-06-18,raw_pca_stabilized,raw_pca,raw_pca,14.0,2.6153791806491165,20.508574465630215,0.6814748796778797,24
2021-06-18,rmt_filtered_residual,rmt_filtered,rmt,1.0,2.6153791806491165,20.508574465630215,0.9060971767157359,24
2021-06-18,rmt_filtered_conservative,rmt_filtered,rmt,1.0,2.6153791806491165,20.508574465630215,0.9060971767157359,24
2021-06-21,sector_baseline,baseline,sector,0.0,0.0,0.0,0.8641217089287324,24
2021-06-21,raw_pca_residual,raw_pca,raw_pca,14.0,2.6153791806491165,20.48237822114263,0.6974236868695015,24
2021-06-21,raw_pca_stabilized,raw_pca,raw_pca,14.0,2.6153791806491165,20.48237822114263,0.6974236868695015,24
2021-06-21,rmt_filtered_residual,rmt_filtered,rmt,1.0,2.6153791806491165,20.48237822114263,0.7977778548368223,24
2021-06-21,rmt_filtered_conservative,rmt_filtered,rmt,1.0,2.6153791806491165,20.48237822114263,0.7977778548368223,24
2021-06-22,sector_baseline,baseline,sector,0.0,0.0,0.0,0.8170066741947783,24
2021-06-22,raw_pca_residual,raw_pca,raw_pca,14.0,2.6153791806491165,20.351288448667052,0.7518950472642146,24
2021-06-22,raw_pca_stabilized,raw_pca,raw_pca,14.0,2.6153791806491165,20.351288448667052,0.7518950472642146,24
2021-06-22,rmt_filtered_residual,rmt_filtered,rmt,1.0,2.6153791806491165,20.351288448667052,0.9448683716018594,24
2021-06-22,rmt_filtered_conservative,rmt_filtered,rmt,1.0,2.6153791806491165,20.351288448667052,0.9448683716018594,24
2021-06-23,sector_baseline,baseline,sector,0.0,0.0,0.0,0.9211371391194065,24
2021-06-23,raw_pca_residual,raw_pca,raw_pca,14.0,2.6153791806491165,20.30313540024625,0.8098032566972461,24
2021-06-23,raw_pca_stabilized,raw_pca,raw_pca,14.0,2.6153791806491165,20.30313540024625,0.8098032566972461,24
2021-06-23,rmt_filtered_residual,rmt_filtered,rmt,1.0,2.6153791806491165,20.30313540024625,0.8753042918561974,24
2021-06-23,rmt_filtered_conservative,rmt_filtered,rmt,1.0,2.6153791806491165,20.30313540024625,0.8753042918561974,24
2021-06-24,sector_baseline,baseline,sector,0.0,0.0,0.0,0.8453284194969214,24
2021-06-24,raw_pca_residual,raw_pca,raw_pca,14.0,2.6153791806491165,20.21379564418456,0.8302972666570172,24
2021-06-24,raw_pca_stabilized,raw_pca,raw_pca,14.0,2.6153791806491165,20.21379564418456,0.8302972666570172,24
2021-06-24,rmt_filtered_residual,rmt_filtered,rmt,1.0,2.6153791806491165,20.21379564418456,0.783792510181608,24
2021-06-24,rmt_filtered_conservative,rmt_filtered,rmt,1.0,2.6153791806491165,20.21379564418456,0.783792510181608,24
2021-06-25,sector_baseline,baseline,sector,0.0,0.0,0.0,0.9778322485024841,24
2021-06-25,raw_pca_residual,raw_pca,raw_pca,14.0,2.6153791806491165,20.156006929141423,0.8284024879663514,24
2021-06-25,raw_pca_stabilized,raw_pca,raw_pca,14.0,2.6153791806491165,20.156006929141423,0.8284024879663514,24
2021-06-25,rmt_filtered_residual,rmt_filtered,rmt,1.0,2.6153791806491165,20.156006929141423,1.1324923257318786,24
2021-06-25,rmt_filtered_conservative,rmt_filtered,rmt,1.0,2.6153791806491165,20.156006929141423,1.1324923257318786,24
2021-06-28,sector_baseline,baseline,sector,0.0,0.0,0.0,1.0034176162395951,24
2021-06-28,raw_pca_residual,raw_pca,raw_pca,14.0,2.6153791806491165,20.095257004697775,0.9098597822632618,24
2021-06-28,raw_pca_stabilized,raw_pca,raw_pca,14.0,2.6153791806491165,20.095257004697775,0.9098597822632618,24
2021-06-28,rmt_filtered_residual,rmt_filtered,rmt,1.0,2.6153791806491165,20.095257004697775,0.8996526221661242,24
2021-06-28,rmt_filtered_conservative,rmt_filtered,rmt,1.0,2.6153791806491165,20.095257004697775,0.8996526221661242,24
2021-06-29,sector_baseline,baseline,sector,0.0,0.0,0.0,1.1246841599824553,24
2021-06-29,raw_pca_residual,raw_pca,raw_pca,14.0,2.6153791806491165,20.047140882697494,1.1111200431169832,24
2021-06-29,raw_pca_stabilized,raw_pca,raw_pca,14.0,2.6153791806491165,20.047140882697494,1.1111200431169832,24
2021-06-29,rmt_filtered_residual,rmt_filtered,rmt,1.0,2.6153791806491165,20.047140882697494,1.1519840391698202,24
2021-06-29,rmt_filtered_conservative,rmt_filtered,rmt,1.0,2.6153791806491165,20.047140882697494,1.1519840391698202,24
2021-06-30,sector_baseline,baseline,sector,0.0,0.0,0.0,0.6535627435966104,24
2021-06-30,raw_pca_residual,raw_pca,raw_pca,14.0,2.6153791806491165,20.037253341543355,0.6714041420443788,24
2021-06-30,raw_pca_stabilized,raw_pca,raw_pca,14.0,2.6153791806491165,20.037253341543355,0.6714041420443788,24
2021-06-30,rmt_filtered_residual,rmt_filtered,rmt,1.0,2.6153791806491165,20.037253341543355,0.803921645329456,24
2021-06-30,rmt_filtered_conservative,rmt_filtered,rmt,1.0,2.6153791806491165,20.037253341543355,0.803921645329456,24
2021-07-01,sector_baseline,baseline,sector,0.0,0.0,0.0,0.6956875875134408,24
2021-07-01,raw_pca_residual,raw_pca,raw_pca,14.0,2.6153791806491165,20.08071145483422,0.712376047957533,24
2021-07-01,raw_pca_stabilized,raw_pca,raw_pca,14.0,2.6153791806491165,20.08071145483422,0.712376047957533,24
2021-07-01,rmt_filtered_residual,rmt_filtered,rmt,1.0,2.6153791806491165,20.08071145483422,0.7616709758933201,24
2021-07-01,rmt_filtered_conservative,rmt_filtered,rmt,1.0,2.6153791806491165,20.08071145483422,0.7616709758933201,24
2021-07-02,sector_baseline,baseline,sector,0.0,0.0,0.0,0.951735995403801,24
2021-07-02,raw_pca_residual,raw_pca,raw_pca,14.0,2.6153791806491165,20.074196714099514,0.6237755150618792,24
2021-07-02,raw_pca_stabilized,raw_pca,raw_pca,14.0,2.6153791806491165,20.074196714099514,0.6237755150618792,24
2021-07-02,rmt_filtered_residual,rmt_filtered,rmt,1.0,2.6153791806491165,20.074196714099514,0.9123296165391547,24
2021-07-02,rmt_filtered_conservative,rmt_filtered,rmt,1.0,2.6153791806491165,20.074196714099514,0.9123296165391547,24
2021-07-05,sector_baseline,baseline,sector,0.0,0.0,0.0,0.9359559972141035,24
2021-07-05,raw_pca_residual,raw_pca,raw_pca,14.0,2.6153791806491165,20.084216511035763,0.8705335384642346,24
2021-07-05,raw_pca_stabilized,raw_pca,raw_pca,14.0,2.6153791806491165,20.084216511035763,0.8705335384642346,24
2021-07-05,rmt_filtered_residual,rmt_filtered,rmt,1.0,2.6153791806491165,20.084216511035763,0.82644911026265,24
2021-07-05,rmt_filtered_conservative,rmt_filtered,rmt,1.0,2.6153791806491165,20.084216511035763,0.82644911026265,24
2021-07-06,sector_baseline,baseline,sector,0.0,0.0,0.0,0.8807957112357222,24
2021-07-06,raw_pca_residual,raw_pca,raw_pca,14.0,2.6153791806491165,20.19775162286506,0.9527672472528076,24
2021-07-06,raw_pca_stabilized,raw_pca,raw_pca,14.0,2.6153791806491165,20.19775162286506,0.9527672472528076,24
2021-07-06,rmt_filtered_residual,rmt_filtered,rmt,1.0,2.6153791806491165,20.19775162286506,0.8785188387294101,24
2021-07-06,rmt_filtered_conservative,rmt_filtered,rmt,1.0,2.6153791806491165,20.19775162286506,0.8785188387294101,24
2021-07-07,sector_baseline,baseline,sector,0.0,0.0,0.0,0.6945967662674302,24
2021-07-07,raw_pca_residual,raw_pca,raw_pca,14.0,2.6153791806491165,20.043024429342953,0.8892385822290837,24
2021-07-07,raw_pca_stabilized,raw_pca,raw_pca,14.0,2.6153791806491165,20.043024429342953,0.8892385822290837,24
2021-07-07,rmt_filtered_residual,rmt_filtered,rmt,1.0,2.6153791806491165,20.043024429342953,0.6674795386956713,24
2021-07-07,rmt_filtered_conservative,rmt_filtered,rmt,1.0,2.6153791806491165,20.043024429342953,0.6674795386956713,24
2021-07-08,sector_baseline,baseline,sector,0.0,0.0,0.0,0.8498177636320406,24
2021-07-08,raw_pca_residual,raw_pca,raw_pca,14.0,2.6153791806491165,19.846159448980085,0.668787058890635,24
2021-07-08,raw_pca_stabilized,raw_pca,raw_pca,14.0,2.6153791806491165,19.846159448980085,0.668787058890635,24
2021-07-08,rmt_filtered_residual,rmt_filtered,rmt,1.0,2.6153791806491165,19.846159448980085,0.8326506800482975,24
2021-07-08,rmt_filtered_conservative,rmt_filtered,rmt,1.0,2.6153791806491165,19.846159448980085,0.8326506800482975,24
2021-07-09,sector_baseline,baseline,sector,0.0,0.0,0.0,0.7627807282956528,24
2021-07-09,raw_pca_residual,raw_pca,raw_pca,14.0,2.6153791806491165,19.793769256641063,0.8588999767512536,24
2021-07-09,raw_pca_stabilized,raw_pca,raw_pca,14.0,2.6153791806491165,19.793769256641063,0.8588999767512536,24
2021-07-09,rmt_filtered_residual,rmt_filtered,rmt,1.0,2.6153791806491165,19.793769256641063,0.8545633518413847,24
2021-07-09,rmt_filtered_conservative,rmt_filtered,rmt,1.0,2.6153791806491165,19.793769256641063,0.8545633518413847,24
2021-07-12,sector_baseline,baseline,sector,0.0,0.0,0.0,0.847930280476815,24
2021-07-12,raw_pca_residual,raw_pca,raw_pca,14.0,2.6153791806491165,19.661426734775013,0.46366970454119666,24
2021-07-12,raw_pca_stabilized,raw_pca,raw_pca,14.0,2.6153791806491165,19.661426734775013,0.46366970454119666,24
2021-07-12,rmt_filtered_residual,rmt_filtered,rmt,1.0,2.6153791806491165,19.661426734775013,0.9013639672116062,24
2021-07-12,rmt_filtered_conservative,rmt_filtered,rmt,1.0,2.6153791806491165,19.661426734775013,0.9013639672116062,24
2021-07-13,sector_baseline,baseline,sector,0.0,0.0,0.0,0.7291370752977308,24
2021-07-13,raw_pca_residual,raw_pca,raw_pca,14.0,2.6153791806491165,19.398496404005463,1.0135510925800106,24
2021-07-13,raw_pca_stabilized,raw_pca,raw_pca,14.0,2.6153791806491165,19.398496404005463,1.0135510925800106,24
2021-07-13,rmt_filtered_residual,rmt_filtered,rmt,1.0,2.6153791806491165,19.398496404005463,0.7643805039245645,24
2021-07-13,rmt_filtered_conservative,rmt_filtered,rmt,1.0,2.6153791806491165,19.398496404005463,0.7643805039245645,24
2021-07-14,sector_baseline,baseline,sector,0.0,0.0,0.0,0.6779947956172655,24
2021-07-14,raw_pca_residual,raw_pca,raw_pca,14.0,2.6153791806491165,19.292271085027522,0.6793094256797417,24
2021-07-14,raw_pca_stabilized,raw_pca,raw_pca,14.0,2.6153791806491165,19.292271085027522,0.6793094256797417,24
2021-07-14,rmt_filtered_residual,rmt_filtered,rmt,1.0,2.6153791806491165,19.292271085027522,0.5966150055072806,24
2021-07-14,rmt_filtered_conservative,rmt_filtered,rmt,1.0,2.6153791806491165,19.292271085027522,0.5966150055072806,24
2021-07-15,sector_baseline,baseline,sector,0.0,0.0,0.0,0.7169688811325582,24
2021-07-15,raw_pca_residual,raw_pca,raw_pca,14.0,2.6153791806491165,19.25768161618405,0.8425112979946388,24
2021-07-15,raw_pca_stabilized,raw_pca,raw_pca,14.0,2.6153791806491165,19.25768161618405,0.8425112979946388,24
2021-07-15,rmt_filtered_residual,rmt_filtered,rmt,1.0,2.6153791806491165,19.25768161618405,0.723064937775083,24
2021-07-15,rmt_filtered_conservative,rmt_filtered,rmt,1.0,2.6153791806491165,19.25768161618405,0.723064937775083,24
2021-07-16,sector_baseline,baseline,sector,0.0,0.0,0.0,0.8331474503148977,24
2021-07-16,raw_pca_residual,raw_pca,raw_pca,14.0,2.6153791806491165,19.198980052052548,0.5147188108005822,24
2021-07-16,raw_pca_stabilized,raw_pca,raw_pca,14.0,2.6153791806491165,19.198980052052548,0.5147188108005822,24
2021-07-16,rmt_filtered_residual,rmt_filtered,rmt,1.0,2.6153791806491165,19.198980052052548,0.853472649368466,24
2021-07-16,rmt_filtered_conservative,rmt_filtered,rmt,1.0,2.6153791806491165,19.198980052052548,0.853472649368466,24
2021-07-19,sector_baseline,baseline,sector,0.0,0.0,0.0,0.9489987800014927,24
2021-07-19,raw_pca_residual,raw_pca,raw_pca,14.0,2.6153791806491165,19.105034616799017,0.496554207767635,24
2021-07-19,raw_pca_stabilized,raw_pca,raw_pca,14.0,2.6153791806491165,19.105034616799017,0.496554207767635,24
2021-07-19,rmt_filtered_residual,rmt_filtered,rmt,1.0,2.6153791806491165,19.105034616799017,1.098852647926546,24
2021-07-19,rmt_filtered_conservative,rmt_filtered,rmt,1.0,2.6153791806491165,19.105034616799017,1.098852647926546,24
2021-07-20,sector_baseline,baseline,sector,0.0,0.0,0.0,0.6934939422447229,24
2021-07-20,raw_pca_residual,raw_pca,raw_pca,14.0,2.6153791806491165,19.335113245935293,0.7861690045365443,24
2021-07-20,raw_pca_stabilized,raw_pca,raw_pca,14.0,2.6153791806491165,19.335113245935293,0.7861690045365443,24
2021-07-20,rmt_filtered_residual,rmt_filtered,rmt,1.0,2.6153791806491165,19.335113245935293,0.7007877807565398,24
2021-07-20,rmt_filtered_conservative,rmt_filtered,rmt,1.0,2.6153791806491165,19.335113245935293,0.7007877807565398,24
2021-07-21,sector_baseline,baseline,sector,0.0,0.0,0.0,0.8640166277990985,24
2021-07-21,raw_pca_residual,raw_pca,raw_pca,14.0,2.6153791806491165,19.33516358606375,0.9594127344836137,24
2021-07-21,raw_pca_stabilized,raw_pca,raw_pca,14.0,2.6153791806491165,19.33516358606375,0.9594127344836137,24
2021-07-21,rmt_filtered_residual,rmt_filtered,rmt,1.0,2.6153791806491165,19.33516358606375,0.826363201668198,24
2021-07-21,rmt_filtered_conservative,rmt_filtered,rmt,1.0,2.6153791806491165,19.33516358606375,0.826363201668198,24
2021-07-22,sector_baseline,baseline,sector,0.0,0.0,0.0,0.8191445931027163,24
2021-07-22,raw_pca_residual,raw_pca,raw_pca,14.0,2.6153791806491165,19.42002094228918,0.8173184868515321,24
2021-07-22,raw_pca_stabilized,raw_pca,raw_pca,14.0,2.6153791806491165,19.42002094228918,0.8173184868515321,24
2021-07-22,rmt_filtered_residual,rmt_filtered,rmt,1.0,2.6153791806491165,19.42002094228918,0.7567192503394917,24
2021-07-22,rmt_filtered_conservative,rmt_filtered,rmt,1.0,2.6153791806491165,19.42002094228918,0.7567192503394917,24
2021-07-23,sector_baseline,baseline,sector,0.0,0.0,0.0,0.973627319790273,24
2021-07-23,raw_pca_residual,raw_pca,raw_pca,14.0,2.6153791806491165,19.41156705062801,0.6172450191523221,24
2021-07-23,raw_pca_stabilized,raw_pca,raw_pca,14.0,2.6153791806491165,19.41156705062801,0.6172450191523221,24
2021-07-23,rmt_filtered_residual,rmt_filtered,rmt,1.0,2.6153791806491165,19.41156705062801,0.9052488516325731,24
2021-07-23,rmt_filtered_conservative,rmt_filtered,rmt,1.0,2.6153791806491165,19.41156705062801,0.9052488516325731,24
2021-07-26,sector_baseline,baseline,sector,0.0,0.0,0.0,0.9469175944616753,24
2021-07-26,raw_pca_residual,raw_pca,raw_pca,14.0,2.6153791806491165,19.351067398409736,0.7957531850596036,24
2021-07-26,raw_pca_stabilized,raw_pca,raw_pca,14.0,2.6153791806491165,19.351067398409736,0.7957531850596036,24
2021-07-26,rmt_filtered_residual,rmt_filtered,rmt,1.0,2.6153791806491165,19.351067398409736,1.0007396374707396,24
2021-07-26,rmt_filtered_conservative,rmt_filtered,rmt,1.0,2.6153791806491165,19.351067398409736,1.0007396374707396,24
2021-07-27,sector_baseline,baseline,sector,0.0,0.0,0.0,0.9302207358591307,24
2021-07-27,raw_pca_residual,raw_pca,raw_pca,14.0,2.6153791806491165,19.310507713504933,0.8947714572697937,24
2021-07-27,raw_pca_stabilized,raw_pca,raw_pca,14.0,2.6153791806491165,19.310507713504933,0.8947714572697937,24
2021-07-27,rmt_filtered_residual,rmt_filtered,rmt,1.0,2.6153791806491165,19.310507713504933,0.8316473327392493,24
2021-07-27,rmt_filtered_conservative,rmt_filtered,rmt,1.0,2.6153791806491165,19.310507713504933,0.8316473327392493,24
2021-07-28,sector_baseline,baseline,sector,0.0,0.0,0.0,0.7361733940297922,24
2021-07-28,raw_pca_residual,raw_pca,raw_pca,14.0,2.6153791806491165,19.16483091070867,0.5418732241239084,24
2021-07-28,raw_pca_stabilized,raw_pca,raw_pca,14.0,2.6153791806491165,19.16483091070867,0.5418732241239084,24
2021-07-28,rmt_filtered_residual,rmt_filtered,rmt,1.0,2.6153791806491165,19.16483091070867,0.9993055431244467,24
2021-07-28,rmt_filtered_conservative,rmt_filtered,rmt,1.0,2.6153791806491165,19.16483091070867,0.9993055431244467,24
2021-07-29,sector_baseline,baseline,sector,0.0,0.0,0.0,0.7419795927995074,24
2021-07-29,raw_pca_residual,raw_pca,raw_pca,14.0,2.6153791806491165,19.281260040462637,0.9462850376649504,24
2021-07-29,raw_pca_stabilized,raw_pca,raw_pca,14.0,2.6153791806491165,19.281260040462637,0.9462850376649504,24
2021-07-29,rmt_filtered_residual,rmt_filtered,rmt,1.0,2.6153791806491165,19.281260040462637,0.7081531577346376,24
2021-07-29,rmt_filtered_conservative,rmt_filtered,rmt,1.0,2.6153791806491165,19.281260040462637,0.7081531577346376,24
2021-07-30,sector_baseline,baseline,sector,0.0,0.0,0.0,0.8520976669612329,24
2021-07-30,raw_pca_residual,raw_pca,raw_pca,14.0,2.6153791806491165,19.108776300370746,0.9633171694482936,24
2021-07-30,raw_pca_stabilized,raw_pca,raw_pca,14.0,2.6153791806491165,19.108776300370746,0.9633171694482936,24
2021-07-30,rmt_filtered_residual,rmt_filtered,rmt,1.0,2.6153791806491165,19.108776300370746,0.8842094843493692,24
2021-07-30,rmt_filtered_conservative,rmt_filtered,rmt,1.0,2.6153791806491165,19.108776300370746,0.8842094843493692,24
2021-08-02,sector_baseline,baseline,sector,0.0,0.0,0.0,1.022344180357338,24
2021-08-02,raw_pca_residual,raw_pca,raw_pca,14.0,2.6153791806491165,18.735731865971527,0.8000475606370682,24
2021-08-02,raw_pca_stabilized,raw_pca,raw_pca,14.0,2.6153791806491165,18.735731865971527,0.8000475606370682,24
2021-08-02,rmt_filtered_residual,rmt_filtered,rmt,1.0,2.6153791806491165,18.735731865971527,1.004400027472897,24
2021-08-02,rmt_filtered_conservative,rmt_filtered,rmt,1.0,2.6153791806491165,18.735731865971527,1.004400027472897,24
2021-08-03,sector_baseline,baseline,sector,0.0,0.0,0.0,0.822130740555007,24
2021-08-03,raw_pca_residual,raw_pca,raw_pca,14.0,2.6153791806491165,18.69927285424492,0.8059212165262367,24
2021-08-03,raw_pca_stabilized,raw_pca,raw_pca,14.0,2.6153791806491165,18.69927285424492,0.8059212165262367,24
2021-08-03,rmt_filtered_residual,rmt_filtered,rmt,1.0,2.6153791806491165,18.69927285424492,0.8191866924556428,24
2021-08-03,rmt_filtered_conservative,rmt_filtered,rmt,1.0,2.6153791806491165,18.69927285424492,0.8191866924556428,24
2021-08-04,sector_baseline,baseline,sector,0.0,0.0,0.0,0.7946987537502506,24
2021-08-04,raw_pca_residual,raw_pca,raw_pca,14.0,2.6153791806491165,18.634283321894845,0.6041315753783609,24
2021-08-04,raw_pca_stabilized,raw_pca,raw_pca,14.0,2.6153791806491165,18.634283321894845,0.6041315753783609,24
2021-08-04,rmt_filtered_residual,rmt_filtered,rmt,1.0,2.6153791806491165,18.634283321894845,0.7765558719399088,24
2021-08-04,rmt_filtered_conservative,rmt_filtered,rmt,1.0,2.6153791806491165,18.634283321894845,0.7765558719399088,24
2021-08-05,sector_baseline,baseline,sector,0.0,0.0,0.0,1.0237461048157444,24
2021-08-05,raw_pca_residual,raw_pca,raw_pca,14.0,2.6153791806491165,18.708774666530132,0.41939317967011425,24
2021-08-05,raw_pca_stabilized,raw_pca,raw_pca,14.0,2.6153791806491165,18.708774666530132,0.41939317967011425,24
2021-08-05,rmt_filtered_residual,rmt_filtered,rmt,1.0,2.6153791806491165,18.708774666530132,0.9048699819757489,24
2021-08-05,rmt_filtered_conservative,rmt_filtered,rmt,1.0,2.6153791806491165,18.708774666530132,0.9048699819757489,24
2021-08-06,sector_baseline,baseline,sector,0.0,0.0,0.0,0.8081638453035002,24
2021-08-06,raw_pca_residual,raw_pca,raw_pca,14.0,2.6153791806491165,18.718500685441846,0.9659552920016196,24
2021-08-06,raw_pca_stabilized,raw_pca,raw_pca,14.0,2.6153791806491165,18.718500685441846,0.9659552920016196,24
2021-08-06,rmt_filtered_residual,rmt_filtered,rmt,1.0,2.6153791806491165,18.718500685441846,0.8403426619114326,24
2021-08-06,rmt_filtered_conservative,rmt_filtered,rmt,1.0,2.6153791806491165,18.718500685441846,0.8403426619114326,24
2021-08-09,sector_baseline,baseline,sector,0.0,0.0,0.0,0.6882694334520454,24
2021-08-09,raw_pca_residual,raw_pca,raw_pca,14.0,2.6153791806491165,18.726369462932055,0.7048553876661862,24
2021-08-09,raw_pca_stabilized,raw_pca,raw_pca,14.0,2.6153791806491165,18.726369462932055,0.7048553876661862,24
2021-08-09,rmt_filtered_residual,rmt_filtered,rmt,1.0,2.6153791806491165,18.726369462932055,0.8520747417093015,24
2021-08-09,rmt_filtered_conservative,rmt_filtered,rmt,1.0,2.6153791806491165,18.726369462932055,0.8520747417093015,24
2021-08-10,sector_baseline,baseline,sector,0.0,0.0,0.0,0.6917707552770663,24
2021-08-10,raw_pca_residual,raw_pca,raw_pca,14.0,2.6153791806491165,18.77054519108337,0.6917204348737797,24
2021-08-10,raw_pca_stabilized,raw_pca,raw_pca,14.0,2.6153791806491165,18.77054519108337,0.6917204348737797,24
2021-08-10,rmt_filtered_residual,rmt_filtered,rmt,1.0,2.6153791806491165,18.77054519108337,0.6945066770377032,24
2021-08-10,rmt_filtered_conservative,rmt_filtered,rmt,1.0,2.6153791806491165,18.77054519108337,0.6945066770377032,24
2021-08-11,sector_baseline,baseline,sector,0.0,0.0,0.0,0.681263164444414,24
2021-08-11,raw_pca_residual,raw_pca,raw_pca,14.0,2.6153791806491165,18.81208200537655,0.8187941401896331,24
2021-08-11,raw_pca_stabilized,raw_pca,raw_pca,14.0,2.6153791806491165,18.81208200537655,0.8187941401896331,24
2021-08-11,rmt_filtered_residual,rmt_filtered,rmt,1.0,2.6153791806491165,18.81208200537655,0.6710487162007706,24
2021-08-11,rmt_filtered_conservative,rmt_filtered,rmt,1.0,2.6153791806491165,18.81208200537655,0.6710487162007706,24
2021-08-12,sector_baseline,baseline,sector,0.0,0.0,0.0,0.8500949150153252,24
2021-08-12,raw_pca_residual,raw_pca,raw_pca,14.0,2.6153791806491165,18.7867986402837,0.7560454886548222,24
2021-08-12,raw_pca_stabilized,raw_pca,raw_pca,14.0,2.6153791806491165,18.7867986402837,0.7560454886548222,24
2021-08-12,rmt_filtered_residual,rmt_filtered,rmt,1.0,2.6153791806491165,18.7867986402837,0.8774863235741354,24
2021-08-12,rmt_filtered_conservative,rmt_filtered,rmt,1.0,2.6153791806491165,18.7867986402837,0.8774863235741354,24
2021-08-13,sector_baseline,baseline,sector,0.0,0.0,0.0,0.9044737722664921,24
2021-08-13,raw_pca_residual,raw_pca,raw_pca,14.0,2.6153791806491165,18.806906751300843,0.9706362725501236,24
2021-08-13,raw_pca_stabilized,raw_pca,raw_pca,14.0,2.6153791806491165,18.806906751300843,0.9706362725501236,24
2021-08-13,rmt_filtered_residual,rmt_filtered,rmt,1.0,2.6153791806491165,18.806906751300843,0.7936226441804527,24
2021-08-13,rmt_filtered_conservative,rmt_filtered,rmt,1.0,2.6153791806491165,18.806906751300843,0.7936226441804527,24
2021-08-16,sector_baseline,baseline,sector,0.0,0.0,0.0,0.8037878290077493,24
2021-08-16,raw_pca_residual,raw_pca,raw_pca,14.0,2.6153791806491165,18.757162967828997,0.6163274783902737,24
2021-08-16,raw_pca_stabilized,raw_pca,raw_pca,14.0,2.6153791806491165,18.757162967828997,0.6163274783902737,24
2021-08-16,rmt_filtered_residual,rmt_filtered,rmt,1.0,2.6153791806491165,18.757162967828997,0.7415551032032873,24
2021-08-16,rmt_filtered_conservative,rmt_filtered,rmt,1.0,2.6153791806491165,18.757162967828997,0.7415551032032873,24
2021-08-17,sector_baseline,baseline,sector,0.0,0.0,0.0,0.8623252571886582,24
2021-08-17,raw_pca_residual,raw_pca,raw_pca,14.0,2.6153791806491165,18.80087974321638,1.0758142388181429,24
2021-08-17,raw_pca_stabilized,raw_pca,raw_pca,14.0,2.6153791806491165,18.80087974321638,1.0758142388181429,24
2021-08-17,rmt_filtered_residual,rmt_filtered,rmt,1.0,2.6153791806491165,18.80087974321638,0.8192964057516506,24
2021-08-17,rmt_filtered_conservative,rmt_filtered,rmt,1.0,2.6153791806491165,18.80087974321638,0.8192964057516506,24
2021-08-18,sector_baseline,baseline,sector,0.0,0.0,0.0,0.655483298545771,24
2021-08-18,raw_pca_residual,raw_pca,raw_pca,14.0,2.6153791806491165,18.75712264199109,0.7376427092446747,24
2021-08-18,raw_pca_stabilized,raw_pca,raw_pca,14.0,2.6153791806491165,18.75712264199109,0.7376427092446747,24
2021-08-18,rmt_filtered_residual,rmt_filtered,rmt,1.0,2.6153791806491165,18.75712264199109,0.6283484436881933,24
2021-08-18,rmt_filtered_conservative,rmt_filtered,rmt,1.0,2.6153791806491165,18.75712264199109,0.6283484436881933,24
2021-08-19,sector_baseline,baseline,sector,0.0,0.0,0.0,0.7524436674873561,24
2021-08-19,raw_pca_residual,raw_pca,raw_pca,14.0,2.6153791806491165,18.801264527515624,0.5315323022272597,24
2021-08-19,raw_pca_stabilized,raw_pca,raw_pca,14.0,2.6153791806491165,18.801264527515624,0.5315323022272597,24
2021-08-19,rmt_filtered_residual,rmt_filtered,rmt,1.0,2.6153791806491165,18.801264527515624,0.7117332319420241,24
2021-08-19,rmt_filtered_conservative,rmt_filtered,rmt,1.0,2.6153791806491165,18.801264527515624,0.7117332319420241,24
2021-08-20,sector_baseline,baseline,sector,0.0,0.0,0.0,0.7277399974085984,24
2021-08-20,raw_pca_residual,raw_pca,raw_pca,14.0,2.6153791806491165,18.771432296078594,0.809437888213188,24
2021-08-20,raw_pca_stabilized,raw_pca,raw_pca,14.0,2.6153791806491165,18.771432296078594,0.809437888213188,24
2021-08-20,rmt_filtered_residual,rmt_filtered,rmt,1.0,2.6153791806491165,18.771432296078594,0.7306806636960231,24
2021-08-20,rmt_filtered_conservative,rmt_filtered,rmt,1.0,2.6153791806491165,18.771432296078594,0.7306806636960231,24
2021-08-23,sector_baseline,baseline,sector,0.0,0.0,0.0,0.9708972520846473,24
2021-08-23,raw_pca_residual,raw_pca,raw_pca,14.0,2.6153791806491165,18.674405255663057,1.038640106237816,24
2021-08-23,raw_pca_stabilized,raw_pca,raw_pca,14.0,2.6153791806491165,18.674405255663057,1.038640106237816,24
2021-08-23,rmt_filtered_residual,rmt_filtered,rmt,1.0,2.6153791806491165,18.674405255663057,1.0261005183902983,24
2021-08-23,rmt_filtered_conservative,rmt_filtered,rmt,1.0,2.6153791806491165,18.674405255663057,1.0261005183902983,24
2021-08-24,sector_baseline,baseline,sector,0.0,0.0,0.0,0.7660083066745282,24
2021-08-24,raw_pca_residual,raw_pca,raw_pca,14.0,2.6153791806491165,18.586406301611017,1.1193965373671213,24
2021-08-24,raw_pca_stabilized,raw_pca,raw_pca,14.0,2.6153791806491165,18.586406301611017,1.1193965373671213,24
2021-08-24,rmt_filtered_residual,rmt_filtered,rmt,1.0,2.6153791806491165,18.586406301611017,0.8223740584547854,24
2021-08-24,rmt_filtered_conservative,rmt_filtered,rmt,1.0,2.6153791806491165,18.586406301611017,0.8223740584547854,24
2021-08-25,sector_baseline,baseline,sector,0.0,0.0,0.0,0.6490555318586134,24
2021-08-25,raw_pca_residual,raw_pca,raw_pca,14.0,2.6153791806491165,18.52887527791327,0.8094383836745788,24
2021-08-25,raw_pca_stabilized,raw_pca,raw_pca,14.0,2.6153791806491165,18.52887527791327,0.8094383836745788,24
2021-08-25,rmt_filtered_residual,rmt_filtered,rmt,1.0,2.6153791806491165,18.52887527791327,0.9103183274198225,24
2021-08-25,rmt_filtered_conservative,rmt_filtered,rmt,1.0,2.6153791806491165,18.52887527791327,0.9103183274198225,24
2021-08-26,sector_baseline,baseline,sector,0.0,0.0,0.0,0.7711918107733453,24
2021-08-26,raw_pca_residual,raw_pca,raw_pca,14.0,2.6153791806491165,18.58584899166279,0.8193644083723122,24
2021-08-26,raw_pca_stabilized,raw_pca,raw_pca,14.0,2.6153791806491165,18.58584899166279,0.8193644083723122,24
2021-08-26,rmt_filtered_residual,rmt_filtered,rmt,1.0,2.6153791806491165,18.58584899166279,0.7624124390657444,24
2021-08-26,rmt_filtered_conservative,rmt_filtered,rmt,1.0,2.6153791806491165,18.58584899166279,0.7624124390657444,24
2021-08-27,sector_baseline,baseline,sector,0.0,0.0,0.0,0.9158435581412844,24
2021-08-27,raw_pca_residual,raw_pca,raw_pca,14.0,2.6153791806491165,18.154014128614644,0.9053174494544468,24
2021-08-27,raw_pca_stabilized,raw_pca,raw_pca,14.0,2.6153791806491165,18.154014128614644,0.9053174494544468,24
2021-08-27,rmt_filtered_residual,rmt_filtered,rmt,1.0,2.6153791806491165,18.154014128614644,0.9078724257810483,24
2021-08-27,rmt_filtered_conservative,rmt_filtered,rmt,1.0,2.6153791806491165,18.154014128614644,0.9078724257810483,24
2021-08-30,sector_baseline,baseline,sector,0.0,0.0,0.0,0.721313745737793,24
2021-08-30,raw_pca_residual,raw_pca,raw_pca,14.0,2.6153791806491165,17.96873150532267,0.5427874236487856,24
2021-08-30,raw_pca_stabilized,raw_pca,raw_pca,14.0,2.6153791806491165,17.96873150532267,0.5427874236487856,24
2021-08-30,rmt_filtered_residual,rmt_filtered,rmt,1.0,2.6153791806491165,17.96873150532267,0.6356482090837342,24
2021-08-30,rmt_filtered_conservative,rmt_filtered,rmt,1.0,2.6153791806491165,17.96873150532267,0.6356482090837342,24
2021-08-31,sector_baseline,baseline,sector,0.0,0.0,0.0,0.7410307217342784,24
2021-08-31,raw_pca_residual,raw_pca,raw_pca,14.0,2.6153791806491165,17.990075415162025,0.866663015499553,24
2021-08-31,raw_pca_stabilized,raw_pca,raw_pca,14.0,2.6153791806491165,17.990075415162025,0.866663015499553,24
2021-08-31,rmt_filtered_residual,rmt_filtered,rmt,1.0,2.6153791806491165,17.990075415162025,0.8186565997430441,24
2021-08-31,rmt_filtered_conservative,rmt_filtered,rmt,1.0,2.6153791806491165,17.990075415162025,0.8186565997430441,24
2021-09-01,sector_baseline,baseline,sector,0.0,0.0,0.0,0.7778996181329413,24
2021-09-01,raw_pca_residual,raw_pca,raw_pca,14.0,2.6153791806491165,17.843170800016818,0.9236714387488408,24
2021-09-01,raw_pca_stabilized,raw_pca,raw_pca,14.0,2.6153791806491165,17.843170800016818,0.9236714387488408,24
2021-09-01,rmt_filtered_residual,rmt_filtered,rmt,1.0,2.6153791806491165,17.843170800016818,0.8930502329446823,24
2021-09-01,rmt_filtered_conservative,rmt_filtered,rmt,1.0,2.6153791806491165,17.843170800016818,0.8930502329446823,24
2021-09-02,sector_baseline,baseline,sector,0.0,0.0,0.0,0.5742497585782506,24
2021-09-02,raw_pca_residual,raw_pca,raw_pca,14.0,2.6153791806491165,17.250570257077584,0.5051085473465523,24
2021-09-02,raw_pca_stabilized,raw_pca,raw_pca,14.0,2.6153791806491165,17.250570257077584,0.5051085473465523,24
2021-09-02,rmt_filtered_residual,rmt_filtered,rmt,1.0,2.6153791806491165,17.250570257077584,0.7675969337669418,24
2021-09-02,rmt_filtered_conservative,rmt_filtered,rmt,1.0,2.6153791806491165,17.250570257077584,0.7675969337669418,24
2021-09-03,sector_baseline,baseline,sector,0.0,0.0,0.0,0.7811122865151875,24
2021-09-03,raw_pca_residual,raw_pca,raw_pca,14.0,2.6153791806491165,17.654113464150612,0.8931010489103786,24
2021-09-03,raw_pca_stabilized,raw_pca,raw_pca,14.0,2.6153791806491165,17.654113464150612,0.8931010489103786,24
2021-09-03,rmt_filtered_residual,rmt_filtered,rmt,1.0,2.6153791806491165,17.654113464150612,0.7244276612055668,24
2021-09-03,rmt_filtered_conservative,rmt_filtered,rmt,1.0,2.6153791806491165,17.654113464150612,0.7244276612055668,24
2021-09-06,sector_baseline,baseline,sector,0.0,0.0,0.0,0.7320016833484967,24
2021-09-06,raw_pca_residual,raw_pca,raw_pca,14.0,2.6153791806491165,17.740837693943416,0.7131876354047565,24
2021-09-06,raw_pca_stabilized,raw_pca,raw_pca,14.0,2.6153791806491165,17.740837693943416,0.7131876354047565,24
2021-09-06,rmt_filtered_residual,rmt_filtered,rmt,1.0,2.6153791806491165,17.740837693943416,0.7696862058559665,24
2021-09-06,rmt_filtered_conservative,rmt_filtered,rmt,1.0,2.6153791806491165,17.740837693943416,0.7696862058559665,24
2021-09-07,sector_baseline,baseline,sector,0.0,0.0,0.0,1.1537396563807396,24
2021-09-07,raw_pca_residual,raw_pca,raw_pca,14.0,2.6153791806491165,17.45847439589779,0.7566434259649132,24
2021-09-07,raw_pca_stabilized,raw_pca,raw_pca,14.0,2.6153791806491165,17.45847439589779,0.7566434259649132,24
2021-09-07,rmt_filtered_residual,rmt_filtered,rmt,1.0,2.6153791806491165,17.45847439589779,1.0274347846983827,24
2021-09-07,rmt_filtered_conservative,rmt_filtered,rmt,1.0,2.6153791806491165,17.45847439589779,1.0274347846983827,24
2021-09-08,sector_baseline,baseline,sector,0.0,0.0,0.0,0.8033240172122058,24
2021-09-08,raw_pca_residual,raw_pca,raw_pca,14.0,2.6153791806491165,17.48044215717408,0.7879462334947105,24
2021-09-08,raw_pca_stabilized,raw_pca,raw_pca,14.0,2.6153791806491165,17.48044215717408,0.7879462334947105,24
2021-09-08,rmt_filtered_residual,rmt_filtered,rmt,1.0,2.6153791806491165,17.48044215717408,0.7379033934306198,24
2021-09-08,rmt_filtered_conservative,rmt_filtered,rmt,1.0,2.6153791806491165,17.48044215717408,0.7379033934306198,24
2021-09-09,sector_baseline,baseline,sector,0.0,0.0,0.0,0.8006199541150333,24
2021-09-09,raw_pca_residual,raw_pca,raw_pca,14.0,2.6153791806491165,17.47807068006943,0.5799409765403652,24
2021-09-09,raw_pca_stabilized,raw_pca,raw_pca,14.0,2.6153791806491165,17.47807068006943,0.5799409765403652,24
2021-09-09,rmt_filtered_residual,rmt_filtered,rmt,1.0,2.6153791806491165,17.47807068006943,0.815038995752706,24
2021-09-09,rmt_filtered_conservative,rmt_filtered,rmt,1.0,2.6153791806491165,17.47807068006943,0.815038995752706,24
2021-09-10,sector_baseline,baseline,sector,0.0,0.0,0.0,0.935556966377958,24
2021-09-10,raw_pca_residual,raw_pca,raw_pca,14.0,2.6153791806491165,17.449413711869827,0.646738198178742,24
2021-09-10,raw_pca_stabilized,raw_pca,raw_pca,14.0,2.6153791806491165,17.449413711869827,0.646738198178742,24
2021-09-10,rmt_filtered_residual,rmt_filtered,rmt,1.0,2.6153791806491165,17.449413711869827,1.0185302372203417,24
2021-09-10,rmt_filtered_conservative,rmt_filtered,rmt,1.0,2.6153791806491165,17.449413711869827,1.0185302372203417,24
2021-09-13,sector_baseline,baseline,sector,0.0,0.0,0.0,0.7416744271526515,24
2021-09-13,raw_pca_residual,raw_pca,raw_pca,14.0,2.6153791806491165,17.536158712862953,1.0799768091611885,24
2021-09-13,raw_pca_stabilized,raw_pca,raw_pca,14.0,2.6153791806491165,17.536158712862953,1.0799768091611885,24
2021-09-13,rmt_filtered_residual,rmt_filtered,rmt,1.0,2.6153791806491165,17.536158712862953,0.7753983888929673,24
2021-09-13,rmt_filtered_conservative,rmt_filtered,rmt,1.0,2.6153791806491165,17.536158712862953,0.7753983888929673,24
2021-09-14,sector_baseline,baseline,sector,0.0,0.0,0.0,0.7165004420223738,24
2021-09-14,raw_pca_residual,raw_pca,raw_pca,14.0,2.6153791806491165,17.440831898703596,0.6009550237968577,24
2021-09-14,raw_pca_stabilized,raw_pca,raw_pca,14.0,2.6153791806491165,17.440831898703596,0.6009550237968577,24
2021-09-14,rmt_filtered_residual,rmt_filtered,rmt,1.0,2.6153791806491165,17.440831898703596,0.6969594007195647,24
2021-09-14,rmt_filtered_conservative,rmt_filtered,rmt,1.0,2.6153791806491165,17.440831898703596,0.6969594007195647,24
2021-09-15,sector_baseline,baseline,sector,0.0,0.0,0.0,0.8543437021110951,24
2021-09-15,raw_pca_residual,raw_pca,raw_pca,14.0,2.6153791806491165,17.320468343020032,0.7435283038097404,24
2021-09-15,raw_pca_stabilized,raw_pca,raw_pca,14.0,2.6153791806491165,17.320468343020032,0.7435283038097404,24
2021-09-15,rmt_filtered_residual,rmt_filtered,rmt,1.0,2.6153791806491165,17.320468343020032,0.8583013418635206,24
2021-09-15,rmt_filtered_conservative,rmt_filtered,rmt,1.0,2.6153791806491165,17.320468343020032,0.8583013418635206,24
2021-09-16,sector_baseline,baseline,sector,0.0,0.0,0.0,0.795094448192128,24
2021-09-16,raw_pca_residual,raw_pca,raw_pca,14.0,2.6153791806491165,17.346030663429524,0.804025769406158,24
2021-09-16,raw_pca_stabilized,raw_pca,raw_pca,14.0,2.6153791806491165,17.346030663429524,0.804025769406158,24
2021-09-16,rmt_filtered_residual,rmt_filtered,rmt,1.0,2.6153791806491165,17.346030663429524,0.8412008182285033,24
2021-09-16,rmt_filtered_conservative,rmt_filtered,rmt,1.0,2.6153791806491165,17.346030663429524,0.8412008182285033,24
2021-09-17,sector_baseline,baseline,sector,0.0,0.0,0.0,0.7266811345724994,24
2021-09-17,raw_pca_residual,raw_pca,raw_pca,14.0,2.6153791806491165,17.33041128623478,0.7428603375533247,24
2021-09-17,raw_pca_stabilized,raw_pca,raw_pca,14.0,2.6153791806491165,17.33041128623478,0.7428603375533247,24
2021-09-17,rmt_filtered_residual,rmt_filtered,rmt,1.0,2.6153791806491165,17.33041128623478,0.6932242200797,24
2021-09-17,rmt_filtered_conservative,rmt_filtered,rmt,1.0,2.6153791806491165,17.33041128623478,0.6932242200797,24
2021-09-20,sector_baseline,baseline,sector,0.0,0.0,0.0,0.6546196218738599,24
2021-09-20,raw_pca_residual,raw_pca,raw_pca,14.0,2.6153791806491165,17.220985035251207,0.8127402812364891,24
2021-09-20,raw_pca_stabilized,raw_pca,raw_pca,14.0,2.6153791806491165,17.220985035251207,0.8127402812364891,24
2021-09-20,rmt_filtered_residual,rmt_filtered,rmt,1.0,2.6153791806491165,17.220985035251207,0.63323274970907,24
2021-09-20,rmt_filtered_conservative,rmt_filtered,rmt,1.0,2.6153791806491165,17.220985035251207,0.63323274970907,24
2021-09-21,sector_baseline,baseline,sector,0.0,0.0,0.0,0.907802162106426,24
2021-09-21,raw_pca_residual,raw_pca,raw_pca,14.0,2.6153791806491165,17.2113635496669,0.8002319055713353,24
2021-09-21,raw_pca_stabilized,raw_pca,raw_pca,14.0,2.6153791806491165,17.2113635496669,0.8002319055713353,24
2021-09-21,rmt_filtered_residual,rmt_filtered,rmt,1.0,2.6153791806491165,17.2113635496669,0.8509675486680287,24
2021-09-21,rmt_filtered_conservative,rmt_filtered,rmt,1.0,2.6153791806491165,17.2113635496669,0.8509675486680287,24
2021-09-22,sector_baseline,baseline,sector,0.0,0.0,0.0,0.6021730465813616,24
2021-09-22,raw_pca_residual,raw_pca,raw_pca,14.0,2.6153791806491165,17.22780657998654,0.7240544043941491,24
2021-09-22,raw_pca_stabilized,raw_pca,raw_pca,14.0,2.6153791806491165,17.22780657998654,0.7240544043941491,24
2021-09-22,rmt_filtered_residual,rmt_filtered,rmt,1.0,2.6153791806491165,17.22780657998654,0.7794930440496487,24
2021-09-22,rmt_filtered_conservative,rmt_filtered,rmt,1.0,2.6153791806491165,17.22780657998654,0.7794930440496487,24
2021-09-23,sector_baseline,baseline,sector,0.0,0.0,0.0,0.601674406999044,24
2021-09-23,raw_pca_residual,raw_pca,raw_pca,14.0,2.6153791806491165,17.328225258523467,0.6393233530837554,24
2021-09-23,raw_pca_stabilized,raw_pca,raw_pca,14.0,2.6153791806491165,17.328225258523467,0.6393233530837554,24
2021-09-23,rmt_filtered_residual,rmt_filtered,rmt,1.0,2.6153791806491165,17.328225258523467,0.6415007236549087,24
2021-09-23,rmt_filtered_conservative,rmt_filtered,rmt,1.0,2.6153791806491165,17.328225258523467,0.6415007236549087,24
2021-09-24,sector_baseline,baseline,sector,0.0,0.0,0.0,0.9564641397934693,24
2021-09-24,raw_pca_residual,raw_pca,raw_pca,14.0,2.6153791806491165,17.370842118882475,0.8631994263260988,24
2021-09-24,raw_pca_stabilized,raw_pca,raw_pca,14.0,2.6153791806491165,17.370842118882475,0.8631994263260988,24
2021-09-24,rmt_filtered_residual,rmt_filtered,rmt,1.0,2.6153791806491165,17.370842118882475,0.9066023595789461,24
2021-09-24,rmt_filtered_conservative,rmt_filtered,rmt,1.0,2.6153791806491165,17.370842118882475,0.9066023595789461,24
2021-09-27,sector_baseline,baseline,sector,0.0,0.0,0.0,0.8010186340340204,24
2021-09-27,raw_pca_residual,raw_pca,raw_pca,14.0,2.6153791806491165,17.277600602029302,1.014910141135953,24
2021-09-27,raw_pca_stabilized,raw_pca,raw_pca,14.0,2.6153791806491165,17.277600602029302,1.014910141135953,24
2021-09-27,rmt_filtered_residual,rmt_filtered,rmt,1.0,2.6153791806491165,17.277600602029302,0.8241873863231358,24
2021-09-27,rmt_filtered_conservative,rmt_filtered,rmt,1.0,2.6153791806491165,17.277600602029302,0.8241873863231358,24
2021-09-28,sector_baseline,baseline,sector,0.0,0.0,0.0,0.8550021003741576,24
2021-09-28,raw_pca_residual,raw_pca,raw_pca,14.0,2.6153791806491165,16.986287019248415,0.7075268151946735,24
2021-09-28,raw_pca_stabilized,raw_pca,raw_pca,14.0,2.6153791806491165,16.986287019248415,0.7075268151946735,24
2021-09-28,rmt_filtered_residual,rmt_filtered,rmt,1.0,2.6153791806491165,16.986287019248415,1.003899016960129,24
2021-09-28,rmt_filtered_conservative,rmt_filtered,rmt,1.0,2.6153791806491165,16.986287019248415,1.003899016960129,24
2021-09-29,sector_baseline,baseline,sector,0.0,0.0,0.0,0.5781135441863764,24
2021-09-29,raw_pca_residual,raw_pca,raw_pca,14.0,2.6153791806491165,16.961106037870266,0.7480828828819303,24
2021-09-29,raw_pca_stabilized,raw_pca,raw_pca,14.0,2.6153791806491165,16.961106037870266,0.7480828828819303,24
2021-09-29,rmt_filtered_residual,rmt_filtered,rmt,1.0,2.6153791806491165,16.961106037870266,0.6245191300645287,24
2021-09-29,rmt_filtered_conservative,rmt_filtered,rmt,1.0,2.6153791806491165,16.961106037870266,0.6245191300645287,24
2021-09-30,sector_baseline,baseline,sector,0.0,0.0,0.0,0.7927802853655653,24
2021-09-30,raw_pca_residual,raw_pca,raw_pca,14.0,2.6153791806491165,17.00679725814858,0.7882232371491481,24
2021-09-30,raw_pca_stabilized,raw_pca,raw_pca,14.0,2.6153791806491165,17.00679725814858,0.7882232371491481,24
2021-09-30,rmt_filtered_residual,rmt_filtered,rmt,1.0,2.6153791806491165,17.00679725814858,0.8374295147999926,24
2021-09-30,rmt_filtered_conservative,rmt_filtered,rmt,1.0,2.6153791806491165,17.00679725814858,0.8374295147999926,24
2021-10-01,sector_baseline,baseline,sector,0.0,0.0,0.0,0.6952025496507321,24
2021-10-01,raw_pca_residual,raw_pca,raw_pca,14.0,2.6153791806491165,16.927750749249974,0.621098860643274,24
2021-10-01,raw_pca_stabilized,raw_pca,raw_pca,14.0,2.6153791806491165,16.927750749249974,0.621098860643274,24
2021-10-01,rmt_filtered_residual,rmt_filtered,rmt,1.0,2.6153791806491165,16.927750749249974,0.7607822703977415,24
2021-10-01,rmt_filtered_conservative,rmt_filtered,rmt,1.0,2.6153791806491165,16.927750749249974,0.7607822703977415,24
2021-10-04,sector_baseline,baseline,sector,0.0,0.0,0.0,0.7054757404448014,24
2021-10-04,raw_pca_residual,raw_pca,raw_pca,14.0,2.6153791806491165,16.78201675972366,0.6118451666991825,24
2021-10-04,raw_pca_stabilized,raw_pca,raw_pca,14.0,2.6153791806491165,16.78201675972366,0.6118451666991825,24
2021-10-04,rmt_filtered_residual,rmt_filtered,rmt,1.0,2.6153791806491165,16.78201675972366,0.6436613573828347,24
2021-10-04,rmt_filtered_conservative,rmt_filtered,rmt,1.0,2.6153791806491165,16.78201675972366,0.6436613573828347,24
2021-10-05,sector_baseline,baseline,sector,0.0,0.0,0.0,0.8726497216759029,24
2021-10-05,raw_pca_residual,raw_pca,raw_pca,14.0,2.6153791806491165,16.6237707882599,0.8860265061386524,24
2021-10-05,raw_pca_stabilized,raw_pca,raw_pca,14.0,2.6153791806491165,16.6237707882599,0.8860265061386524,24
2021-10-05,rmt_filtered_residual,rmt_filtered,rmt,1.0,2.6153791806491165,16.6237707882599,0.7457432092316063,24
2021-10-05,rmt_filtered_conservative,rmt_filtered,rmt,1.0,2.6153791806491165,16.6237707882599,0.7457432092316063,24
2021-10-06,sector_baseline,baseline,sector,0.0,0.0,0.0,0.9626660243615516,24
2021-10-06,raw_pca_residual,raw_pca,raw_pca,14.0,2.6153791806491165,16.807806262168793,0.6232488630799381,24
2021-10-06,raw_pca_stabilized,raw_pca,raw_pca,14.0,2.6153791806491165,16.807806262168793,0.6232488630799381,24
2021-10-06,rmt_filtered_residual,rmt_filtered,rmt,1.0,2.6153791806491165,16.807806262168793,0.7925723661840739,24
2021-10-06,rmt_filtered_conservative,rmt_filtered,rmt,1.0,2.6153791806491165,16.807806262168793,0.7925723661840739,24
2021-10-07,sector_baseline,baseline,sector,0.0,0.0,0.0,0.7728926157330864,24
2021-10-07,raw_pca_residual,raw_pca,raw_pca,14.0,2.6153791806491165,16.88203884990248,0.7438649795819271,24
2021-10-07,raw_pca_stabilized,raw_pca,raw_pca,14.0,2.6153791806491165,16.88203884990248,0.7438649795819271,24
2021-10-07,rmt_filtered_residual,rmt_filtered,rmt,1.0,2.6153791806491165,16.88203884990248,0.6762796957577039,24
2021-10-07,rmt_filtered_conservative,rmt_filtered,rmt,1.0,2.6153791806491165,16.88203884990248,0.6762796957577039,24
2021-10-08,sector_baseline,baseline,sector,0.0,0.0,0.0,1.0562701112704398,24
2021-10-08,raw_pca_residual,raw_pca,raw_pca,14.0,2.6153791806491165,16.730771276683924,0.7120671181789223,24
2021-10-08,raw_pca_stabilized,raw_pca,raw_pca,14.0,2.6153791806491165,16.730771276683924,0.7120671181789223,24
2021-10-08,rmt_filtered_residual,rmt_filtered,rmt,1.0,2.6153791806491165,16.730771276683924,0.9041627474218282,24
2021-10-08,rmt_filtered_conservative,rmt_filtered,rmt,1.0,2.6153791806491165,16.730771276683924,0.9041627474218282,24
2021-10-11,sector_baseline,baseline,sector,0.0,0.0,0.0,0.9090494571109485,24
2021-10-11,raw_pca_residual,raw_pca,raw_pca,14.0,2.6153791806491165,16.685329643075377,0.9836975484718259,24
2021-10-11,raw_pca_stabilized,raw_pca,raw_pca,14.0,2.6153791806491165,16.685329643075377,0.9836975484718259,24
2021-10-11,rmt_filtered_residual,rmt_filtered,rmt,1.0,2.6153791806491165,16.685329643075377,0.882717711608367,24
2021-10-11,rmt_filtered_conservative,rmt_filtered,rmt,1.0,2.6153791806491165,16.685329643075377,0.882717711608367,24
2021-10-12,sector_baseline,baseline,sector,0.0,0.0,0.0,0.9781888741912356,24
2021-10-12,raw_pca_residual,raw_pca,raw_pca,14.0,2.6153791806491165,16.660203918199358,0.9503567988407763,24
2021-10-12,raw_pca_stabilized,raw_pca,raw_pca,14.0,2.6153791806491165,16.660203918199358,0.9503567988407763,24
2021-10-12,rmt_filtered_residual,rmt_filtered,rmt,1.0,2.6153791806491165,16.660203918199358,0.816489000419749,24
2021-10-12,rmt_filtered_conservative,rmt_filtered,rmt,1.0,2.6153791806491165,16.660203918199358,0.816489000419749,24
2021-10-13,sector_baseline,baseline,sector,0.0,0.0,0.0,0.9284819626767776,24
2021-10-13,raw_pca_residual,raw_pca,raw_pca,14.0,2.6153791806491165,16.686584599722455,0.87963115040926,24
2021-10-13,raw_pca_stabilized,raw_pca,raw_pca,14.0,2.6153791806491165,16.686584599722455,0.87963115040926,24
2021-10-13,rmt_filtered_residual,rmt_filtered,rmt,1.0,2.6153791806491165,16.686584599722455,0.8701731076558987,24
2021-10-13,rmt_filtered_conservative,rmt_filtered,rmt,1.0,2.6153791806491165,16.686584599722455,0.8701731076558987,24
2021-10-14,sector_baseline,baseline,sector,0.0,0.0,0.0,0.8175438194410901,24
2021-10-14,raw_pca_residual,raw_pca,raw_pca,14.0,2.6153791806491165,16.72410102285475,0.9769409295940483,24
2021-10-14,raw_pca_stabilized,raw_pca,raw_pca,14.0,2.6153791806491165,16.72410102285475,0.9769409295940483,24
2021-10-14,rmt_filtered_residual,rmt_filtered,rmt,1.0,2.6153791806491165,16.72410102285475,0.788730837841496,24
2021-10-14,rmt_filtered_conservative,rmt_filtered,rmt,1.0,2.6153791806491165,16.72410102285475,0.788730837841496,24
2021-10-15,sector_baseline,baseline,sector,0.0,0.0,0.0,0.5358993886289704,24
2021-10-15,raw_pca_residual,raw_pca,raw_pca,14.0,2.6153791806491165,16.44436434136438,0.8875368221175451,24
2021-10-15,raw_pca_stabilized,raw_pca,raw_pca,14.0,2.6153791806491165,16.44436434136438,0.8875368221175451,24
2021-10-15,rmt_filtered_residual,rmt_filtered,rmt,1.0,2.6153791806491165,16.44436434136438,0.8270995647345835,24
2021-10-15,rmt_filtered_conservative,rmt_filtered,rmt,1.0,2.6153791806491165,16.44436434136438,0.8270995647345835,24
2021-10-18,sector_baseline,baseline,sector,0.0,0.0,0.0,0.7423408804232806,24
2021-10-18,raw_pca_residual,raw_pca,raw_pca,14.0,2.6153791806491165,16.446679811917843,0.6461273700578224,24
2021-10-18,raw_pca_stabilized,raw_pca,raw_pca,14.0,2.6153791806491165,16.446679811917843,0.6461273700578224,24
2021-10-18,rmt_filtered_residual,rmt_filtered,rmt,1.0,2.6153791806491165,16.446679811917843,0.8883980054172662,24
2021-10-18,rmt_filtered_conservative,rmt_filtered,rmt,1.0,2.6153791806491165,16.446679811917843,0.8883980054172662,24
2021-10-19,sector_baseline,baseline,sector,0.0,0.0,0.0,0.7292979869095655,24
2021-10-19,raw_pca_residual,raw_pca,raw_pca,14.0,2.6153791806491165,16.262860912475364,0.40397848686196314,24
2021-10-19,raw_pca_stabilized,raw_pca,raw_pca,14.0,2.6153791806491165,16.262860912475364,0.40397848686196314,24
2021-10-19,rmt_filtered_residual,rmt_filtered,rmt,1.0,2.6153791806491165,16.262860912475364,0.6812009592182727,24
2021-10-19,rmt_filtered_conservative,rmt_filtered,rmt,1.0,2.6153791806491165,16.262860912475364,0.6812009592182727,24
2021-10-20,sector_baseline,baseline,sector,0.0,0.0,0.0,0.6807171541185756,24
2021-10-20,raw_pca_residual,raw_pca,raw_pca,14.0,2.6153791806491165,16.170523370952303,0.9518589805552069,24
2021-10-20,raw_pca_stabilized,raw_pca,raw_pca,14.0,2.6153791806491165,16.170523370952303,0.9518589805552069,24
2021-10-20,rmt_filtered_residual,rmt_filtered,rmt,1.0,2.6153791806491165,16.170523370952303,1.0010816662011788,24
2021-10-20,rmt_filtered_conservative,rmt_filtered,rmt,1.0,2.6153791806491165,16.170523370952303,1.0010816662011788,24
2021-10-21,sector_baseline,baseline,sector,0.0,0.0,0.0,0.6120247101200759,24
2021-10-21,raw_pca_residual,raw_pca,raw_pca,14.0,2.6153791806491165,16.180637052031145,0.6324491470880146,24
2021-10-21,raw_pca_stabilized,raw_pca,raw_pca,14.0,2.6153791806491165,16.180637052031145,0.6324491470880146,24
2021-10-21,rmt_filtered_residual,rmt_filtered,rmt,1.0,2.6153791806491165,16.180637052031145,0.8268086343353925,24
2021-10-21,rmt_filtered_conservative,rmt_filtered,rmt,1.0,2.6153791806491165,16.180637052031145,0.8268086343353925,24
2021-10-22,sector_baseline,baseline,sector,0.0,0.0,0.0,0.9525185225314496,24
2021-10-22,raw_pca_residual,raw_pca,raw_pca,14.0,2.6153791806491165,16.129479075448284,0.9604613472265253,24
2021-10-22,raw_pca_stabilized,raw_pca,raw_pca,14.0,2.6153791806491165,16.129479075448284,0.9604613472265253,24
2021-10-22,rmt_filtered_residual,rmt_filtered,rmt,1.0,2.6153791806491165,16.129479075448284,1.1384574642911074,24
2021-10-22,rmt_filtered_conservative,rmt_filtered,rmt,1.0,2.6153791806491165,16.129479075448284,1.1384574642911074,24
2021-10-25,sector_baseline,baseline,sector,0.0,0.0,0.0,0.8196904118095013,24
2021-10-25,raw_pca_residual,raw_pca,raw_pca,14.0,2.6153791806491165,16.54080175643856,1.0209580037146804,24
2021-10-25,raw_pca_stabilized,raw_pca,raw_pca,14.0,2.6153791806491165,16.54080175643856,1.0209580037146804,24
2021-10-25,rmt_filtered_residual,rmt_filtered,rmt,1.0,2.6153791806491165,16.54080175643856,0.8402426144384765,24
2021-10-25,rmt_filtered_conservative,rmt_filtered,rmt,1.0,2.6153791806491165,16.54080175643856,0.8402426144384765,24
2021-10-26,sector_baseline,baseline,sector,0.0,0.0,0.0,0.6546571940578649,24
2021-10-26,raw_pca_residual,raw_pca,raw_pca,14.0,2.6153791806491165,16.10719775635299,0.7627730602473658,24
2021-10-26,raw_pca_stabilized,raw_pca,raw_pca,14.0,2.6153791806491165,16.10719775635299,0.7627730602473658,24
2021-10-26,rmt_filtered_residual,rmt_filtered,rmt,1.0,2.6153791806491165,16.10719775635299,0.672966105581312,24
2021-10-26,rmt_filtered_conservative,rmt_filtered,rmt,1.0,2.6153791806491165,16.10719775635299,0.672966105581312,24
2021-10-27,sector_baseline,baseline,sector,0.0,0.0,0.0,0.8030197656444269,24
2021-10-27,raw_pca_residual,raw_pca,raw_pca,14.0,2.6153791806491165,16.545488324027847,0.7639335289417728,24
2021-10-27,raw_pca_stabilized,raw_pca,raw_pca,14.0,2.6153791806491165,16.545488324027847,0.7639335289417728,24
2021-10-27,rmt_filtered_residual,rmt_filtered,rmt,1.0,2.6153791806491165,16.545488324027847,0.6293244648220925,24
2021-10-27,rmt_filtered_conservative,rmt_filtered,rmt,1.0,2.6153791806491165,16.545488324027847,0.6293244648220925,24
2021-10-28,sector_baseline,baseline,sector,0.0,0.0,0.0,1.0247981917594196,24
2021-10-28,raw_pca_residual,raw_pca,raw_pca,14.0,2.6153791806491165,16.581681218362714,0.7055428946805143,24
2021-10-28,raw_pca_stabilized,raw_pca,raw_pca,14.0,2.6153791806491165,16.581681218362714,0.7055428946805143,24
2021-10-28,rmt_filtered_residual,rmt_filtered,rmt,1.0,2.6153791806491165,16.581681218362714,0.8980455185612217,24
2021-10-28,rmt_filtered_conservative,rmt_filtered,rmt,1.0,2.6153791806491165,16.581681218362714,0.8980455185612217,24
2021-10-29,sector_baseline,baseline,sector,0.0,0.0,0.0,1.078179002066988,24
2021-10-29,raw_pca_residual,raw_pca,raw_pca,14.0,2.6153791806491165,16.592359482275494,1.0935602513442602,24
2021-10-29,raw_pca_stabilized,raw_pca,raw_pca,14.0,2.6153791806491165,16.592359482275494,1.0935602513442602,24
2021-10-29,rmt_filtered_residual,rmt_filtered,rmt,1.0,2.6153791806491165,16.592359482275494,0.9323223153234239,24
2021-10-29,rmt_filtered_conservative,rmt_filtered,rmt,1.0,2.6153791806491165,16.592359482275494,0.9323223153234239,24
2021-11-01,sector_baseline,baseline,sector,0.0,0.0,0.0,0.9502175931139032,24
2021-11-01,raw_pca_residual,raw_pca,raw_pca,14.0,2.6153791806491165,16.656819857328262,1.1529590023945646,24
2021-11-01,raw_pca_stabilized,raw_pca,raw_pca,14.0,2.6153791806491165,16.656819857328262,1.1529590023945646,24
2021-11-01,rmt_filtered_residual,rmt_filtered,rmt,1.0,2.6153791806491165,16.656819857328262,0.7546323889951357,24
2021-11-01,rmt_filtered_conservative,rmt_filtered,rmt,1.0,2.6153791806491165,16.656819857328262,0.7546323889951357,24
2021-11-02,sector_baseline,baseline,sector,0.0,0.0,0.0,1.0315516006708874,24
2021-11-02,raw_pca_residual,raw_pca,raw_pca,14.0,2.6153791806491165,16.49314372123012,0.6710226112535013,24
2021-11-02,raw_pca_stabilized,raw_pca,raw_pca,14.0,2.6153791806491165,16.49314372123012,0.6710226112535013,24
2021-11-02,rmt_filtered_residual,rmt_filtered,rmt,1.0,2.6153791806491165,16.49314372123012,1.0237766369874541,24
2021-11-02,rmt_filtered_conservative,rmt_filtered,rmt,1.0,2.6153791806491165,16.49314372123012,1.0237766369874541,24
2021-11-03,sector_baseline,baseline,sector,0.0,0.0,0.0,0.9559099801817403,24
2021-11-03,raw_pca_residual,raw_pca,raw_pca,14.0,2.6153791806491165,16.418725533134356,0.7468144090475283,24
2021-11-03,raw_pca_stabilized,raw_pca,raw_pca,14.0,2.6153791806491165,16.418725533134356,0.7468144090475283,24
2021-11-03,rmt_filtered_residual,rmt_filtered,rmt,1.0,2.6153791806491165,16.418725533134356,0.8550439663624276,24
2021-11-03,rmt_filtered_conservative,rmt_filtered,rmt,1.0,2.6153791806491165,16.418725533134356,0.8550439663624276,24
2021-11-04,sector_baseline,baseline,sector,0.0,0.0,0.0,0.9681127565936111,24
2021-11-04,raw_pca_residual,raw_pca,raw_pca,14.0,2.6153791806491165,16.47114362022106,0.5880338680650368,24
2021-11-04,raw_pca_stabilized,raw_pca,raw_pca,14.0,2.6153791806491165,16.47114362022106,0.5880338680650368,24
2021-11-04,rmt_filtered_residual,rmt_filtered,rmt,1.0,2.6153791806491165,16.47114362022106,1.082333733034196,24
2021-11-04,rmt_filtered_conservative,rmt_filtered,rmt,1.0,2.6153791806491165,16.47114362022106,1.082333733034196,24
2021-11-05,sector_baseline,baseline,sector,0.0,0.0,0.0,0.761227428000485,24
2021-11-05,raw_pca_residual,raw_pca,raw_pca,14.0,2.6153791806491165,16.506396443353704,0.7054274916694854,24
2021-11-05,raw_pca_stabilized,raw_pca,raw_pca,14.0,2.6153791806491165,16.506396443353704,0.7054274916694854,24
2021-11-05,rmt_filtered_residual,rmt_filtered,rmt,1.0,2.6153791806491165,16.506396443353704,0.7169670826488163,24
2021-11-05,rmt_filtered_conservative,rmt_filtered,rmt,1.0,2.6153791806491165,16.506396443353704,0.7169670826488163,24
2021-11-08,sector_baseline,baseline,sector,0.0,0.0,0.0,0.898074495999411,24
2021-11-08,raw_pca_residual,raw_pca,raw_pca,14.0,2.6153791806491165,16.47192533003332,0.6530204187819496,24
2021-11-08,raw_pca_stabilized,raw_pca,raw_pca,14.0,2.6153791806491165,16.47192533003332,0.6530204187819496,24
2021-11-08,rmt_filtered_residual,rmt_filtered,rmt,1.0,2.6153791806491165,16.47192533003332,0.8848675233757225,24
2021-11-08,rmt_filtered_conservative,rmt_filtered,rmt,1.0,2.6153791806491165,16.47192533003332,0.8848675233757225,24
2021-11-09,sector_baseline,baseline,sector,0.0,0.0,0.0,0.858925104345289,24
2021-11-09,raw_pca_residual,raw_pca,raw_pca,14.0,2.6153791806491165,16.435157351640665,0.9765050317178394,24
2021-11-09,raw_pca_stabilized,raw_pca,raw_pca,14.0,2.6153791806491165,16.435157351640665,0.9765050317178394,24
2021-11-09,rmt_filtered_residual,rmt_filtered,rmt,1.0,2.6153791806491165,16.435157351640665,0.8521509740215477,24
2021-11-09,rmt_filtered_conservative,rmt_filtered,rmt,1.0,2.6153791806491165,16.435157351640665,0.8521509740215477,24
2021-11-10,sector_baseline,baseline,sector,0.0,0.0,0.0,0.8129609501103802,24
2021-11-10,raw_pca_residual,raw_pca,raw_pca,14.0,2.6153791806491165,16.114546471314124,0.9997519092853805,24
2021-11-10,raw_pca_stabilized,raw_pca,raw_pca,14.0,2.6153791806491165,16.114546471314124,0.9997519092853805,24
2021-11-10,rmt_filtered_residual,rmt_filtered,rmt,1.0,2.6153791806491165,16.114546471314124,0.8255164626880248,24
2021-11-10,rmt_filtered_conservative,rmt_filtered,rmt,1.0,2.6153791806491165,16.114546471314124,0.8255164626880248,24
2021-11-11,sector_baseline,baseline,sector,0.0,0.0,0.0,0.5890222563148009,24
2021-11-11,raw_pca_residual,raw_pca,raw_pca,14.0,2.6153791806491165,16.01520194540006,0.721501630124702,24
2021-11-11,raw_pca_stabilized,raw_pca,raw_pca,14.0,2.6153791806491165,16.01520194540006,0.721501630124702,24
2021-11-11,rmt_filtered_residual,rmt_filtered,rmt,1.0,2.6153791806491165,16.01520194540006,0.7027838382797024,24
2021-11-11,rmt_filtered_conservative,rmt_filtered,rmt,1.0,2.6153791806491165,16.01520194540006,0.7027838382797024,24
2021-11-12,sector_baseline,baseline,sector,0.0,0.0,0.0,0.7408980218446395,24
2021-11-12,raw_pca_residual,raw_pca,raw_pca,14.0,2.6153791806491165,16.02667691362426,1.1470124301174243,24
2021-11-12,raw_pca_stabilized,raw_pca,raw_pca,14.0,2.6153791806491165,16.02667691362426,1.1470124301174243,24
2021-11-12,rmt_filtered_residual,rmt_filtered,rmt,1.0,2.6153791806491165,16.02667691362426,0.6846982194356505,24
2021-11-12,rmt_filtered_conservative,rmt_filtered,rmt,1.0,2.6153791806491165,16.02667691362426,0.6846982194356505,24
2021-11-15,sector_baseline,baseline,sector,0.0,0.0,0.0,0.8201201714740595,24
2021-11-15,raw_pca_residual,raw_pca,raw_pca,14.0,2.6153791806491165,15.96598486883458,0.6966752122797599,24
2021-11-15,raw_pca_stabilized,raw_pca,raw_pca,14.0,2.6153791806491165,15.96598486883458,0.6966752122797599,24
2021-11-15,rmt_filtered_residual,rmt_filtered,rmt,1.0,2.6153791806491165,15.96598486883458,0.8744719433383344,24
2021-11-15,rmt_filtered_conservative,rmt_filtered,rmt,1.0,2.6153791806491165,15.96598486883458,0.8744719433383344,24
2021-11-16,sector_baseline,baseline,sector,0.0,0.0,0.0,0.5211684334001844,24
2021-11-16,raw_pca_residual,raw_pca,raw_pca,14.0,2.6153791806491165,15.889182487954377,0.7522676039304126,24
2021-11-16,raw_pca_stabilized,raw_pca,raw_pca,14.0,2.6153791806491165,15.889182487954377,0.7522676039304126,24
2021-11-16,rmt_filtered_residual,rmt_filtered,rmt,1.0,2.6153791806491165,15.889182487954377,0.7377261588424521,24
2021-11-16,rmt_filtered_conservative,rmt_filtered,rmt,1.0,2.6153791806491165,15.889182487954377,0.7377261588424521,24
2021-11-17,sector_baseline,baseline,sector,0.0,0.0,0.0,0.7186838117805934,24
2021-11-17,raw_pca_residual,raw_pca,raw_pca,14.0,2.6153791806491165,15.783952597636905,0.7094571667641176,24
2021-11-17,raw_pca_stabilized,raw_pca,raw_pca,14.0,2.6153791806491165,15.783952597636905,0.7094571667641176,24
2021-11-17,rmt_filtered_residual,rmt_filtered,rmt,1.0,2.6153791806491165,15.783952597636905,0.7007479399088122,24
2021-11-17,rmt_filtered_conservative,rmt_filtered,rmt,1.0,2.6153791806491165,15.783952597636905,0.7007479399088122,24
2021-11-18,sector_baseline,baseline,sector,0.0,0.0,0.0,0.5649665261358155,24
2021-11-18,raw_pca_residual,raw_pca,raw_pca,14.0,2.6153791806491165,16.06210325235133,0.8945995746994683,24
2021-11-18,raw_pca_stabilized,raw_pca,raw_pca,14.0,2.6153791806491165,16.06210325235133,0.8945995746994683,24
2021-11-18,rmt_filtered_residual,rmt_filtered,rmt,1.0,2.6153791806491165,16.06210325235133,0.6347038007792174,24
2021-11-18,rmt_filtered_conservative,rmt_filtered,rmt,1.0,2.6153791806491165,16.06210325235133,0.6347038007792174,24
2021-11-19,sector_baseline,baseline,sector,0.0,0.0,0.0,0.8855992015009847,24
2021-11-19,raw_pca_residual,raw_pca,raw_pca,14.0,2.6153791806491165,16.148311321091665,0.8565239801102988,24
2021-11-19,raw_pca_stabilized,raw_pca,raw_pca,14.0,2.6153791806491165,16.148311321091665,0.8565239801102988,24
2021-11-19,rmt_filtered_residual,rmt_filtered,rmt,1.0,2.6153791806491165,16.148311321091665,0.8297914435181393,24
2021-11-19,rmt_filtered_conservative,rmt_filtered,rmt,1.0,2.6153791806491165,16.148311321091665,0.8297914435181393,24
2021-11-22,sector_baseline,baseline,sector,0.0,0.0,0.0,0.5024463085181164,24
2021-11-22,raw_pca_residual,raw_pca,raw_pca,14.0,2.6153791806491165,16.15384743993934,0.7566067569754665,24
2021-11-22,raw_pca_stabilized,raw_pca,raw_pca,14.0,2.6153791806491165,16.15384743993934,0.7566067569754665,24
2021-11-22,rmt_filtered_residual,rmt_filtered,rmt,1.0,2.6153791806491165,16.15384743993934,0.8595937621500441,24
2021-11-22,rmt_filtered_conservative,rmt_filtered,rmt,1.0,2.6153791806491165,16.15384743993934,0.8595937621500441,24
2021-11-23,sector_baseline,baseline,sector,0.0,0.0,0.0,0.6461105424802579,24
2021-11-23,raw_pca_residual,raw_pca,raw_pca,14.0,2.6153791806491165,16.111964078570395,1.0137282554985885,24
2021-11-23,raw_pca_stabilized,raw_pca,raw_pca,14.0,2.6153791806491165,16.111964078570395,1.0137282554985885,24
2021-11-23,rmt_filtered_residual,rmt_filtered,rmt,1.0,2.6153791806491165,16.111964078570395,0.5539967674697509,24
2021-11-23,rmt_filtered_conservative,rmt_filtered,rmt,1.0,2.6153791806491165,16.111964078570395,0.5539967674697509,24
2021-11-24,sector_baseline,baseline,sector,0.0,0.0,0.0,1.1060770833085185,24
2021-11-24,raw_pca_residual,raw_pca,raw_pca,14.0,2.6153791806491165,16.01390762799784,1.0148418221584272,24
2021-11-24,raw_pca_stabilized,raw_pca,raw_pca,14.0,2.6153791806491165,16.01390762799784,1.0148418221584272,24
2021-11-24,rmt_filtered_residual,rmt_filtered,rmt,1.0,2.6153791806491165,16.01390762799784,0.9046273872800931,24
2021-11-24,rmt_filtered_conservative,rmt_filtered,rmt,1.0,2.6153791806491165,16.01390762799784,0.9046273872800931,24
2021-11-25,sector_baseline,baseline,sector,0.0,0.0,0.0,1.0167578317639405,24
2021-11-25,raw_pca_residual,raw_pca,raw_pca,14.0,2.6153791806491165,15.996357665798588,0.8597749858343247,24
2021-11-25,raw_pca_stabilized,raw_pca,raw_pca,14.0,2.6153791806491165,15.996357665798588,0.8597749858343247,24
2021-11-25,rmt_filtered_residual,rmt_filtered,rmt,1.0,2.6153791806491165,15.996357665798588,0.9913426701475929,24
2021-11-25,rmt_filtered_conservative,rmt_filtered,rmt,1.0,2.6153791806491165,15.996357665798588,0.9913426701475929,24
2021-11-26,sector_baseline,baseline,sector,0.0,0.0,0.0,0.7226616433530735,24
2021-11-26,raw_pca_residual,raw_pca,raw_pca,14.0,2.6153791806491165,15.998301158834755,0.6294031238097157,24
2021-11-26,raw_pca_stabilized,raw_pca,raw_pca,14.0,2.6153791806491165,15.998301158834755,0.6294031238097157,24
2021-11-26,rmt_filtered_residual,rmt_filtered,rmt,1.0,2.6153791806491165,15.998301158834755,0.7269022114004552,24
2021-11-26,rmt_filtered_conservative,rmt_filtered,rmt,1.0,2.6153791806491165,15.998301158834755,0.7269022114004552,24
2021-11-29,sector_baseline,baseline,sector,0.0,0.0,0.0,0.7684020982242673,24
2021-11-29,raw_pca_residual,raw_pca,raw_pca,14.0,2.6153791806491165,16.05444804710192,0.9003722927827909,24
2021-11-29,raw_pca_stabilized,raw_pca,raw_pca,14.0,2.6153791806491165,16.05444804710192,0.9003722927827909,24
2021-11-29,rmt_filtered_residual,rmt_filtered,rmt,1.0,2.6153791806491165,16.05444804710192,0.697593508495757,24
2021-11-29,rmt_filtered_conservative,rmt_filtered,rmt,1.0,2.6153791806491165,16.05444804710192,0.697593508495757,24
2021-11-30,sector_baseline,baseline,sector,0.0,0.0,0.0,1.0110754608689378,24
2021-11-30,raw_pca_residual,raw_pca,raw_pca,14.0,2.6153791806491165,16.049101006701026,0.7972502911861338,24
2021-11-30,raw_pca_stabilized,raw_pca,raw_pca,14.0,2.6153791806491165,16.049101006701026,0.7972502911861338,24
2021-11-30,rmt_filtered_residual,rmt_filtered,rmt,1.0,2.6153791806491165,16.049101006701026,1.017278103183046,24
2021-11-30,rmt_filtered_conservative,rmt_filtered,rmt,1.0,2.6153791806491165,16.049101006701026,1.017278103183046,24
2021-12-01,sector_baseline,baseline,sector,0.0,0.0,0.0,0.6551667184483886,24
2021-12-01,raw_pca_residual,raw_pca,raw_pca,14.0,2.6153791806491165,15.425540965482552,0.5551641219823873,24
2021-12-01,raw_pca_stabilized,raw_pca,raw_pca,14.0,2.6153791806491165,15.425540965482552,0.5551641219823873,24
2021-12-01,rmt_filtered_residual,rmt_filtered,rmt,1.0,2.6153791806491165,15.425540965482552,0.7022337056354351,24
2021-12-01,rmt_filtered_conservative,rmt_filtered,rmt,1.0,2.6153791806491165,15.425540965482552,0.7022337056354351,24
2021-12-02,sector_baseline,baseline,sector,0.0,0.0,0.0,1.0813879972605092,24
2021-12-02,raw_pca_residual,raw_pca,raw_pca,14.0,2.6153791806491165,15.099568000647585,1.0710992760209803,24
2021-12-02,raw_pca_stabilized,raw_pca,raw_pca,14.0,2.6153791806491165,15.099568000647585,1.0710992760209803,24
2021-12-02,rmt_filtered_residual,rmt_filtered,rmt,1.0,2.6153791806491165,15.099568000647585,1.096462069818857,24
2021-12-02,rmt_filtered_conservative,rmt_filtered,rmt,1.0,2.6153791806491165,15.099568000647585,1.096462069818857,24
2021-12-03,sector_baseline,baseline,sector,0.0,0.0,0.0,0.7847546871662852,24
2021-12-03,raw_pca_residual,raw_pca,raw_pca,14.0,2.6153791806491165,15.138060701225928,0.7226879924124777,24
2021-12-03,raw_pca_stabilized,raw_pca,raw_pca,14.0,2.6153791806491165,15.138060701225928,0.7226879924124777,24
2021-12-03,rmt_filtered_residual,rmt_filtered,rmt,1.0,2.6153791806491165,15.138060701225928,0.6463292028632776,24
2021-12-03,rmt_filtered_conservative,rmt_filtered,rmt,1.0,2.6153791806491165,15.138060701225928,0.6463292028632776,24
2021-12-06,sector_baseline,baseline,sector,0.0,0.0,0.0,0.7803942779670533,24
2021-12-06,raw_pca_residual,raw_pca,raw_pca,14.0,2.6153791806491165,15.120457110770174,1.21999523848349,24
2021-12-06,raw_pca_stabilized,raw_pca,raw_pca,14.0,2.6153791806491165,15.120457110770174,1.21999523848349,24
2021-12-06,rmt_filtered_residual,rmt_filtered,rmt,1.0,2.6153791806491165,15.120457110770174,0.806010865050137,24
2021-12-06,rmt_filtered_conservative,rmt_filtered,rmt,1.0,2.6153791806491165,15.120457110770174,0.806010865050137,24
2021-12-07,sector_baseline,baseline,sector,0.0,0.0,0.0,0.904705088836934,24
2021-12-07,raw_pca_residual,raw_pca,raw_pca,14.0,2.6153791806491165,15.717718432520329,0.9092957986425224,24
2021-12-07,raw_pca_stabilized,raw_pca,raw_pca,14.0,2.6153791806491165,15.717718432520329,0.9092957986425224,24
2021-12-07,rmt_filtered_residual,rmt_filtered,rmt,1.0,2.6153791806491165,15.717718432520329,0.7784645650160672,24
2021-12-07,rmt_filtered_conservative,rmt_filtered,rmt,1.0,2.6153791806491165,15.717718432520329,0.7784645650160672,24
2021-12-08,sector_baseline,baseline,sector,0.0,0.0,0.0,0.570226262007319,24
2021-12-08,raw_pca_residual,raw_pca,raw_pca,14.0,2.6153791806491165,15.780702028660869,0.6341051287060955,24
2021-12-08,raw_pca_stabilized,raw_pca,raw_pca,14.0,2.6153791806491165,15.780702028660869,0.6341051287060955,24
2021-12-08,rmt_filtered_residual,rmt_filtered,rmt,1.0,2.6153791806491165,15.780702028660869,0.5937683428485723,24
2021-12-08,rmt_filtered_conservative,rmt_filtered,rmt,1.0,2.6153791806491165,15.780702028660869,0.5937683428485723,24
2021-12-09,sector_baseline,baseline,sector,0.0,0.0,0.0,0.6131012365332279,24
2021-12-09,raw_pca_residual,raw_pca,raw_pca,14.0,2.6153791806491165,15.834983768333778,1.0143892578611406,24
2021-12-09,raw_pca_stabilized,raw_pca,raw_pca,14.0,2.6153791806491165,15.834983768333778,1.0143892578611406,24
2021-12-09,rmt_filtered_residual,rmt_filtered,rmt,1.0,2.6153791806491165,15.834983768333778,0.6489542833480334,24
2021-12-09,rmt_filtered_conservative,rmt_filtered,rmt,1.0,2.6153791806491165,15.834983768333778,0.6489542833480334,24
2021-12-10,sector_baseline,baseline,sector,0.0,0.0,0.0,0.694921502708899,24
2021-12-10,raw_pca_residual,raw_pca,raw_pca,14.0,2.6153791806491165,15.847415557572296,0.7470556533350153,24
2021-12-10,raw_pca_stabilized,raw_pca,raw_pca,14.0,2.6153791806491165,15.847415557572296,0.7470556533350153,24
2021-12-10,rmt_filtered_residual,rmt_filtered,rmt,1.0,2.6153791806491165,15.847415557572296,0.7805616104648155,24
2021-12-10,rmt_filtered_conservative,rmt_filtered,rmt,1.0,2.6153791806491165,15.847415557572296,0.7805616104648155,24
2021-12-13,sector_baseline,baseline,sector,0.0,0.0,0.0,0.9072833436928917,24
2021-12-13,raw_pca_residual,raw_pca,raw_pca,14.0,2.6153791806491165,15.622689906453042,0.9860729878007556,24
2021-12-13,raw_pca_stabilized,raw_pca,raw_pca,14.0,2.6153791806491165,15.622689906453042,0.9860729878007556,24
2021-12-13,rmt_filtered_residual,rmt_filtered,rmt,1.0,2.6153791806491165,15.622689906453042,0.9934002197211065,24
2021-12-13,rmt_filtered_conservative,rmt_filtered,rmt,1.0,2.6153791806491165,15.622689906453042,0.9934002197211065,24
2021-12-14,sector_baseline,baseline,sector,0.0,0.0,0.0,0.6093538567242355,24
2021-12-14,raw_pca_residual,raw_pca,raw_pca,14.0,2.6153791806491165,15.500203524261874,0.7672425900253708,24
2021-12-14,raw_pca_stabilized,raw_pca,raw_pca,14.0,2.6153791806491165,15.500203524261874,0.7672425900253708,24
2021-12-14,rmt_filtered_residual,rmt_filtered,rmt,1.0,2.6153791806491165,15.500203524261874,0.6280946098462975,24
2021-12-14,rmt_filtered_conservative,rmt_filtered,rmt,1.0,2.6153791806491165,15.500203524261874,0.6280946098462975,24
2021-12-15,sector_baseline,baseline,sector,0.0,0.0,0.0,1.1707736462446676,24
2021-12-15,raw_pca_residual,raw_pca,raw_pca,14.0,2.6153791806491165,15.454973283650567,1.1218932837162068,24
2021-12-15,raw_pca_stabilized,raw_pca,raw_pca,14.0,2.6153791806491165,15.454973283650567,1.1218932837162068,24
2021-12-15,rmt_filtered_residual,rmt_filtered,rmt,1.0,2.6153791806491165,15.454973283650567,1.0251161761718572,24
2021-12-15,rmt_filtered_conservative,rmt_filtered,rmt,1.0,2.6153791806491165,15.454973283650567,1.0251161761718572,24
2021-12-16,sector_baseline,baseline,sector,0.0,0.0,0.0,0.7564506891858821,24
2021-12-16,raw_pca_residual,raw_pca,raw_pca,14.0,2.6153791806491165,15.807675611458762,1.0153380383296045,24
2021-12-16,raw_pca_stabilized,raw_pca,raw_pca,14.0,2.6153791806491165,15.807675611458762,1.0153380383296045,24
2021-12-16,rmt_filtered_residual,rmt_filtered,rmt,1.0,2.6153791806491165,15.807675611458762,0.765535116884128,24
2021-12-16,rmt_filtered_conservative,rmt_filtered,rmt,1.0,2.6153791806491165,15.807675611458762,0.765535116884128,24
2021-12-17,sector_baseline,baseline,sector,0.0,0.0,0.0,0.8500756409010647,24
2021-12-17,raw_pca_residual,raw_pca,raw_pca,14.0,2.6153791806491165,15.73293481316955,0.6334194017768591,24
2021-12-17,raw_pca_stabilized,raw_pca,raw_pca,14.0,2.6153791806491165,15.73293481316955,0.6334194017768591,24
2021-12-17,rmt_filtered_residual,rmt_filtered,rmt,1.0,2.6153791806491165,15.73293481316955,1.0076256356297923,24
2021-12-17,rmt_filtered_conservative,rmt_filtered,rmt,1.0,2.6153791806491165,15.73293481316955,1.0076256356297923,24
2021-12-20,sector_baseline,baseline,sector,0.0,0.0,0.0,0.8807161912001312,24
2021-12-20,raw_pca_residual,raw_pca,raw_pca,14.0,2.6153791806491165,15.538008829343124,0.2880616104890973,24
2021-12-20,raw_pca_stabilized,raw_pca,raw_pca,14.0,2.6153791806491165,15.538008829343124,0.2880616104890973,24
2021-12-20,rmt_filtered_residual,rmt_filtered,rmt,1.0,2.6153791806491165,15.538008829343124,1.05584563352498,24
2021-12-20,rmt_filtered_conservative,rmt_filtered,rmt,1.0,2.6153791806491165,15.538008829343124,1.05584563352498,24
2021-12-21,sector_baseline,baseline,sector,0.0,0.0,0.0,1.075701730174061,24
2021-12-21,raw_pca_residual,raw_pca,raw_pca,14.0,2.6153791806491165,15.404349598227366,0.8498074849255842,24
2021-12-21,raw_pca_stabilized,raw_pca,raw_pca,14.0,2.6153791806491165,15.404349598227366,0.8498074849255842,24
2021-12-21,rmt_filtered_residual,rmt_filtered,rmt,1.0,2.6153791806491165,15.404349598227366,0.9146837459132833,24
2021-12-21,rmt_filtered_conservative,rmt_filtered,rmt,1.0,2.6153791806491165,15.404349598227366,0.9146837459132833,24
2021-12-22,sector_baseline,baseline,sector,0.0,0.0,0.0,0.7138942408100878,24
2021-12-22,raw_pca_residual,raw_pca,raw_pca,14.0,2.6153791806491165,15.584163374656708,0.7788991045641825,24
2021-12-22,raw_pca_stabilized,raw_pca,raw_pca,14.0,2.6153791806491165,15.584163374656708,0.7788991045641825,24
2021-12-22,rmt_filtered_residual,rmt_filtered,rmt,1.0,2.6153791806491165,15.584163374656708,0.782404403421839,24
2021-12-22,rmt_filtered_conservative,rmt_filtered,rmt,1.0,2.6153791806491165,15.584163374656708,0.782404403421839,24
2021-12-23,sector_baseline,baseline,sector,0.0,0.0,0.0,0.9176898286259397,24
2021-12-23,raw_pca_residual,raw_pca,raw_pca,14.0,2.6153791806491165,15.603110768242175,0.7546405107235749,24
2021-12-23,raw_pca_stabilized,raw_pca,raw_pca,14.0,2.6153791806491165,15.603110768242175,0.7546405107235749,24
2021-12-23,rmt_filtered_residual,rmt_filtered,rmt,1.0,2.6153791806491165,15.603110768242175,0.9460726081950633,24
2021-12-23,rmt_filtered_conservative,rmt_filtered,rmt,1.0,2.6153791806491165,15.603110768242175,0.9460726081950633,24
2021-12-24,sector_baseline,baseline,sector,0.0,0.0,0.0,0.7535797569926529,24
2021-12-24,raw_pca_residual,raw_pca,raw_pca,14.0,2.6153791806491165,15.534788937758494,0.8945828665417069,24
2021-12-24,raw_pca_stabilized,raw_pca,raw_pca,14.0,2.6153791806491165,15.534788937758494,0.8945828665417069,24
2021-12-24,rmt_filtered_residual,rmt_filtered,rmt,1.0,2.6153791806491165,15.534788937758494,0.6829341686359015,24
2021-12-24,rmt_filtered_conservative,rmt_filtered,rmt,1.0,2.6153791806491165,15.534788937758494,0.6829341686359015,24
2021-12-27,sector_baseline,baseline,sector,0.0,0.0,0.0,0.6723092870215006,24
2021-12-27,raw_pca_residual,raw_pca,raw_pca,14.0,2.6153791806491165,15.52519479389347,0.775061070969668,24
2021-12-27,raw_pca_stabilized,raw_pca,raw_pca,14.0,2.6153791806491165,15.52519479389347,0.775061070969668,24
2021-12-27,rmt_filtered_residual,rmt_filtered,rmt,1.0,2.6153791806491165,15.52519479389347,0.6735809416862595,24
2021-12-27,rmt_filtered_conservative,rmt_filtered,rmt,1.0,2.6153791806491165,15.52519479389347,0.6735809416862595,24
2021-12-28,sector_baseline,baseline,sector,0.0,0.0,0.0,0.7181293772773012,24
2021-12-28,raw_pca_residual,raw_pca,raw_pca,14.0,2.6153791806491165,15.558437321469398,1.0798514447321446,24
2021-12-28,raw_pca_stabilized,raw_pca,raw_pca,14.0,2.6153791806491165,15.558437321469398,1.0798514447321446,24
2021-12-28,rmt_filtered_residual,rmt_filtered,rmt,1.0,2.6153791806491165,15.558437321469398,0.7499561264930984,24
2021-12-28,rmt_filtered_conservative,rmt_filtered,rmt,1.0,2.6153791806491165,15.558437321469398,0.7499561264930984,24
2021-12-29,sector_baseline,baseline,sector,0.0,0.0,0.0,0.7593497871404642,24
2021-12-29,raw_pca_residual,raw_pca,raw_pca,14.0,2.6153791806491165,15.261304119610957,0.8295891239192158,24
2021-12-29,raw_pca_stabilized,raw_pca,raw_pca,14.0,2.6153791806491165,15.261304119610957,0.8295891239192158,24
2021-12-29,rmt_filtered_residual,rmt_filtered,rmt,1.0,2.6153791806491165,15.261304119610957,0.8394337002084243,24
2021-12-29,rmt_filtered_conservative,rmt_filtered,rmt,1.0,2.6153791806491165,15.261304119610957,0.8394337002084243,24
2021-12-30,sector_baseline,baseline,sector,0.0,0.0,0.0,0.9036657109776923,24
2021-12-30,raw_pca_residual,raw_pca,raw_pca,14.0,2.6153791806491165,15.300919245105792,0.8048869375364185,24
2021-12-30,raw_pca_stabilized,raw_pca,raw_pca,14.0,2.6153791806491165,15.300919245105792,0.8048869375364185,24
2021-12-30,rmt_filtered_residual,rmt_filtered,rmt,1.0,2.6153791806491165,15.300919245105792,0.8125713243591731,24
2021-12-30,rmt_filtered_conservative,rmt_filtered,rmt,1.0,2.6153791806491165,15.300919245105792,0.8125713243591731,24
2021-12-31,sector_baseline,baseline,sector,0.0,0.0,0.0,0.9508384826313471,24
2021-12-31,raw_pca_residual,raw_pca,raw_pca,14.0,2.6153791806491165,15.33254049282256,1.0846883305158301,24
2021-12-31,raw_pca_stabilized,raw_pca,raw_pca,14.0,2.6153791806491165,15.33254049282256,1.0846883305158301,24
2021-12-31,rmt_filtered_residual,rmt_filtered,rmt,1.0,2.6153791806491165,15.33254049282256,0.8725335306833019,24
2021-12-31,rmt_filtered_conservative,rmt_filtered,rmt,1.0,2.6153791806491165,15.33254049282256,0.8725335306833019,24
2022-01-03,sector_baseline,baseline,sector,0.0,0.0,0.0,0.9096315270665544,24
2022-01-03,raw_pca_residual,raw_pca,raw_pca,14.0,2.6153791806491165,15.130002848157302,0.8571735944405962,24
2022-01-03,raw_pca_stabilized,raw_pca,raw_pca,14.0,2.6153791806491165,15.130002848157302,0.8571735944405962,24
2022-01-03,rmt_filtered_residual,rmt_filtered,rmt,1.0,2.6153791806491165,15.130002848157302,0.9220143050276968,24
2022-01-03,rmt_filtered_conservative,rmt_filtered,rmt,1.0,2.6153791806491165,15.130002848157302,0.9220143050276968,24
2022-01-04,sector_baseline,baseline,sector,0.0,0.0,0.0,0.6253696527356848,24
2022-01-04,raw_pca_residual,raw_pca,raw_pca,14.0,2.6153791806491165,15.097467996130568,0.5370731946473417,24
2022-01-04,raw_pca_stabilized,raw_pca,raw_pca,14.0,2.6153791806491165,15.097467996130568,0.5370731946473417,24
2022-01-04,rmt_filtered_residual,rmt_filtered,rmt,1.0,2.6153791806491165,15.097467996130568,0.6596746292096635,24
2022-01-04,rmt_filtered_conservative,rmt_filtered,rmt,1.0,2.6153791806491165,15.097467996130568,0.6596746292096635,24
2022-01-05,sector_baseline,baseline,sector,0.0,0.0,0.0,0.8574775385591143,24
2022-01-05,raw_pca_residual,raw_pca,raw_pca,14.0,2.6153791806491165,15.25455849111347,0.643237687700719,24
2022-01-05,raw_pca_stabilized,raw_pca,raw_pca,14.0,2.6153791806491165,15.25455849111347,0.643237687700719,24
2022-01-05,rmt_filtered_residual,rmt_filtered,rmt,1.0,2.6153791806491165,15.25455849111347,0.7654126564139488,24
2022-01-05,rmt_filtered_conservative,rmt_filtered,rmt,1.0,2.6153791806491165,15.25455849111347,0.7654126564139488,24
2022-01-06,sector_baseline,baseline,sector,0.0,0.0,0.0,0.6580616639221014,24
2022-01-06,raw_pca_residual,raw_pca,raw_pca,14.0,2.6153791806491165,15.654990449143249,1.0678887238027375,24
2022-01-06,raw_pca_stabilized,raw_pca,raw_pca,14.0,2.6153791806491165,15.654990449143249,1.0678887238027375,24
2022-01-06,rmt_filtered_residual,rmt_filtered,rmt,1.0,2.6153791806491165,15.654990449143249,0.6441564546504307,24
2022-01-06,rmt_filtered_conservative,rmt_filtered,rmt,1.0,2.6153791806491165,15.654990449143249,0.6441564546504307,24
2022-01-07,sector_baseline,baseline,sector,0.0,0.0,0.0,0.7139585020738545,24
2022-01-07,raw_pca_residual,raw_pca,raw_pca,14.0,2.6153791806491165,15.668913466405657,0.4878850448123204,24
2022-01-07,raw_pca_stabilized,raw_pca,raw_pca,14.0,2.6153791806491165,15.668913466405657,0.4878850448123204,24
2022-01-07,rmt_filtered_residual,rmt_filtered,rmt,1.0,2.6153791806491165,15.668913466405657,0.7855348837213457,24
2022-01-07,rmt_filtered_conservative,rmt_filtered,rmt,1.0,2.6153791806491165,15.668913466405657,0.7855348837213457,24
2022-01-10,sector_baseline,baseline,sector,0.0,0.0,0.0,0.7231140432239167,24
2022-01-10,raw_pca_residual,raw_pca,raw_pca,14.0,2.6153791806491165,15.612608692494478,0.7050534549497156,24
2022-01-10,raw_pca_stabilized,raw_pca,raw_pca,14.0,2.6153791806491165,15.612608692494478,0.7050534549497156,24
2022-01-10,rmt_filtered_residual,rmt_filtered,rmt,1.0,2.6153791806491165,15.612608692494478,0.7238329245174683,24
2022-01-10,rmt_filtered_conservative,rmt_filtered,rmt,1.0,2.6153791806491165,15.612608692494478,0.7238329245174683,24
2022-01-11,sector_baseline,baseline,sector,0.0,0.0,0.0,0.6843634635657274,24
2022-01-11,raw_pca_residual,raw_pca,raw_pca,14.0,2.6153791806491165,15.578816218126375,0.929265312513519,24
2022-01-11,raw_pca_stabilized,raw_pca,raw_pca,14.0,2.6153791806491165,15.578816218126375,0.929265312513519,24
2022-01-11,rmt_filtered_residual,rmt_filtered,rmt,1.0,2.6153791806491165,15.578816218126375,0.6739513126097583,24
2022-01-11,rmt_filtered_conservative,rmt_filtered,rmt,1.0,2.6153791806491165,15.578816218126375,0.6739513126097583,24
2022-01-12,sector_baseline,baseline,sector,0.0,0.0,0.0,0.9006793243744776,24
2022-01-12,raw_pca_residual,raw_pca,raw_pca,14.0,2.6153791806491165,15.581700518510912,0.9642262533750271,24
2022-01-12,raw_pca_stabilized,raw_pca,raw_pca,14.0,2.6153791806491165,15.581700518510912,0.9642262533750271,24
2022-01-12,rmt_filtered_residual,rmt_filtered,rmt,1.0,2.6153791806491165,15.581700518510912,0.8416861090069988,24
2022-01-12,rmt_filtered_conservative,rmt_filtered,rmt,1.0,2.6153791806491165,15.581700518510912,0.8416861090069988,24
2022-01-13,sector_baseline,baseline,sector,0.0,0.0,0.0,0.9030569093674666,24
2022-01-13,raw_pca_residual,raw_pca,raw_pca,14.0,2.6153791806491165,15.603031348338247,0.5219653319908047,24
2022-01-13,raw_pca_stabilized,raw_pca,raw_pca,14.0,2.6153791806491165,15.603031348338247,0.5219653319908047,24
2022-01-13,rmt_filtered_residual,rmt_filtered,rmt,1.0,2.6153791806491165,15.603031348338247,0.8411857174811136,24
2022-01-13,rmt_filtered_conservative,rmt_filtered,rmt,1.0,2.6153791806491165,15.603031348338247,0.8411857174811136,24
2022-01-14,sector_baseline,baseline,sector,0.0,0.0,0.0,0.8912185789147852,24
2022-01-14,raw_pca_residual,raw_pca,raw_pca,14.0,2.6153791806491165,15.492297542081374,0.3348674228744209,24
2022-01-14,raw_pca_stabilized,raw_pca,raw_pca,14.0,2.6153791806491165,15.492297542081374,0.3348674228744209,24
2022-01-14,rmt_filtered_residual,rmt_filtered,rmt,1.0,2.6153791806491165,15.492297542081374,0.8705323749495896,24
2022-01-14,rmt_filtered_conservative,rmt_filtered,rmt,1.0,2.6153791806491165,15.492297542081374,0.8705323749495896,24
2022-01-17,sector_baseline,baseline,sector,0.0,0.0,0.0,0.6443141614291746,24
2022-01-17,raw_pca_residual,raw_pca,raw_pca,14.0,2.6153791806491165,15.796459569552328,0.8881717200110008,24
2022-01-17,raw_pca_stabilized,raw_pca,raw_pca,14.0,2.6153791806491165,15.796459569552328,0.8881717200110008,24
2022-01-17,rmt_filtered_residual,rmt_filtered,rmt,1.0,2.6153791806491165,15.796459569552328,0.781437464675705,24
2022-01-17,rmt_filtered_conservative,rmt_filtered,rmt,1.0,2.6153791806491165,15.796459569552328,0.781437464675705,24
2022-01-18,sector_baseline,baseline,sector,0.0,0.0,0.0,0.9001743603112082,24
2022-01-18,raw_pca_residual,raw_pca,raw_pca,14.0,2.6153791806491165,15.791580189488633,0.9095978431870481,24
2022-01-18,raw_pca_stabilized,raw_pca,raw_pca,14.0,2.6153791806491165,15.791580189488633,0.9095978431870481,24
2022-01-18,rmt_filtered_residual,rmt_filtered,rmt,1.0,2.6153791806491165,15.791580189488633,0.9395307344521511,24
2022-01-18,rmt_filtered_conservative,rmt_filtered,rmt,1.0,2.6153791806491165,15.791580189488633,0.9395307344521511,24
2022-01-19,sector_baseline,baseline,sector,0.0,0.0,0.0,0.9112033117667683,24
2022-01-19,raw_pca_residual,raw_pca,raw_pca,14.0,2.6153791806491165,15.986935691474708,1.403351418410983,24
2022-01-19,raw_pca_stabilized,raw_pca,raw_pca,14.0,2.6153791806491165,15.986935691474708,1.403351418410983,24
2022-01-19,rmt_filtered_residual,rmt_filtered,rmt,1.0,2.6153791806491165,15.986935691474708,0.870462023458812,24
2022-01-19,rmt_filtered_conservative,rmt_filtered,rmt,1.0,2.6153791806491165,15.986935691474708,0.870462023458812,24
2022-01-20,sector_baseline,baseline,sector,0.0,0.0,0.0,0.6689300953325708,24
2022-01-20,raw_pca_residual,raw_pca,raw_pca,14.0,2.6153791806491165,15.845434782183842,0.6720066868419465,24
2022-01-20,raw_pca_stabilized,raw_pca,raw_pca,14.0,2.6153791806491165,15.845434782183842,0.6720066868419465,24
2022-01-20,rmt_filtered_residual,rmt_filtered,rmt,1.0,2.6153791806491165,15.845434782183842,0.8756714074861601,24
2022-01-20,rmt_filtered_conservative,rmt_filtered,rmt,1.0,2.6153791806491165,15.845434782183842,0.8756714074861601,24
2022-01-21,sector_baseline,baseline,sector,0.0,0.0,0.0,0.881037629638354,24
2022-01-21,raw_pca_residual,raw_pca,raw_pca,14.0,2.6153791806491165,15.942821386572527,0.6448698862100098,24
2022-01-21,raw_pca_stabilized,raw_pca,raw_pca,14.0,2.6153791806491165,15.942821386572527,0.6448698862100098,24
2022-01-21,rmt_filtered_residual,rmt_filtered,rmt,1.0,2.6153791806491165,15.942821386572527,0.8142782492833929,24
2022-01-21,rmt_filtered_conservative,rmt_filtered,rmt,1.0,2.6153791806491165,15.942821386572527,0.8142782492833929,24
2022-01-24,sector_baseline,baseline,sector,0.0,0.0,0.0,0.41319938693664254,24
2022-01-24,raw_pca_residual,raw_pca,raw_pca,14.0,2.6153791806491165,15.417963045846628,0.5340262144999687,24
2022-01-24,raw_pca_stabilized,raw_pca,raw_pca,14.0,2.6153791806491165,15.417963045846628,0.5340262144999687,24
2022-01-24,rmt_filtered_residual,rmt_filtered,rmt,1.0,2.6153791806491165,15.417963045846628,0.5522692147573288,24
2022-01-24,rmt_filtered_conservative,rmt_filtered,rmt,1.0,2.6153791806491165,15.417963045846628,0.5522692147573288,24
2022-01-25,sector_baseline,baseline,sector,0.0,0.0,0.0,0.7652152175450374,24
2022-01-25,raw_pca_residual,raw_pca,raw_pca,14.0,2.6153791806491165,15.615926135744283,0.9502167283644702,24
2022-01-25,raw_pca_stabilized,raw_pca,raw_pca,14.0,2.6153791806491165,15.615926135744283,0.9502167283644702,24
2022-01-25,rmt_filtered_residual,rmt_filtered,rmt,1.0,2.6153791806491165,15.615926135744283,0.8301146250702064,24
2022-01-25,rmt_filtered_conservative,rmt_filtered,rmt,1.0,2.6153791806491165,15.615926135744283,0.8301146250702064,24
2022-01-26,sector_baseline,baseline,sector,0.0,0.0,0.0,0.7642867701531371,24
2022-01-26,raw_pca_residual,raw_pca,raw_pca,14.0,2.6153791806491165,15.627095305379573,0.6998330767992474,24
2022-01-26,raw_pca_stabilized,raw_pca,raw_pca,14.0,2.6153791806491165,15.627095305379573,0.6998330767992474,24
2022-01-26,rmt_filtered_residual,rmt_filtered,rmt,1.0,2.6153791806491165,15.627095305379573,0.8068743032624446,24
2022-01-26,rmt_filtered_conservative,rmt_filtered,rmt,1.0,2.6153791806491165,15.627095305379573,0.8068743032624446,24
2022-01-27,sector_baseline,baseline,sector,0.0,0.0,0.0,0.8776816167404924,24
2022-01-27,raw_pca_residual,raw_pca,raw_pca,14.0,2.6153791806491165,15.873970721688897,0.7836847393962459,24
2022-01-27,raw_pca_stabilized,raw_pca,raw_pca,14.0,2.6153791806491165,15.873970721688897,0.7836847393962459,24
2022-01-27,rmt_filtered_residual,rmt_filtered,rmt,1.0,2.6153791806491165,15.873970721688897,0.8268612439688526,24
2022-01-27,rmt_filtered_conservative,rmt_filtered,rmt,1.0,2.6153791806491165,15.873970721688897,0.8268612439688526,24
2022-01-28,sector_baseline,baseline,sector,0.0,0.0,0.0,0.6899604017599813,24
2022-01-28,raw_pca_residual,raw_pca,raw_pca,14.0,2.6153791806491165,15.95315558762808,0.5705843226498085,24
2022-01-28,raw_pca_stabilized,raw_pca,raw_pca,14.0,2.6153791806491165,15.95315558762808,0.5705843226498085,24
2022-01-28,rmt_filtered_residual,rmt_filtered,rmt,1.0,2.6153791806491165,15.95315558762808,0.775379164626662,24
2022-01-28,rmt_filtered_conservative,rmt_filtered,rmt,1.0,2.6153791806491165,15.95315558762808,0.775379164626662,24
2022-01-31,sector_baseline,baseline,sector,0.0,0.0,0.0,0.8189031831870369,24
2022-01-31,raw_pca_residual,raw_pca,raw_pca,14.0,2.6153791806491165,16.00095829080702,1.0206192016842432,24
2022-01-31,raw_pca_stabilized,raw_pca,raw_pca,14.0,2.6153791806491165,16.00095829080702,1.0206192016842432,24
2022-01-31,rmt_filtered_residual,rmt_filtered,rmt,1.0,2.6153791806491165,16.00095829080702,0.752234370874306,24
2022-01-31,rmt_filtered_conservative,rmt_filtered,rmt,1.0,2.6153791806491165,16.00095829080702,0.752234370874306,24
2022-02-01,sector_baseline,baseline,sector,0.0,0.0,0.0,0.9617280841146302,24
2022-02-01,raw_pca_residual,raw_pca,raw_pca,14.0,2.6153791806491165,15.888661096511585,0.7856497879441161,24
2022-02-01,raw_pca_stabilized,raw_pca,raw_pca,14.0,2.6153791806491165,15.888661096511585,0.7856497879441161,24
2022-02-01,rmt_filtered_residual,rmt_filtered,rmt,1.0,2.6153791806491165,15.888661096511585,0.9964790821369928,24
2022-02-01,rmt_filtered_conservative,rmt_filtered,rmt,1.0,2.6153791806491165,15.888661096511585,0.9964790821369928,24
2022-02-02,sector_baseline,baseline,sector,0.0,0.0,0.0,0.653154034916983,24
2022-02-02,raw_pca_residual,raw_pca,raw_pca,14.0,2.6153791806491165,16.027055778924467,0.7546271033428731,24
2022-02-02,raw_pca_stabilized,raw_pca,raw_pca,14.0,2.6153791806491165,16.027055778924467,0.7546271033428731,24
2022-02-02,rmt_filtered_residual,rmt_filtered,rmt,1.0,2.6153791806491165,16.027055778924467,0.7486025822645469,24
2022-02-02,rmt_filtered_conservative,rmt_filtered,rmt,1.0,2.6153791806491165,16.027055778924467,0.7486025822645469,24
2022-02-03,sector_baseline,baseline,sector,0.0,0.0,0.0,0.770954146063592,24
2022-02-03,raw_pca_residual,raw_pca,raw_pca,14.0,2.6153791806491165,16.012608395797947,1.0179997775345757,24
2022-02-03,raw_pca_stabilized,raw_pca,raw_pca,14.0,2.6153791806491165,16.012608395797947,1.0179997775345757,24
2022-02-03,rmt_filtered_residual,rmt_filtered,rmt,1.0,2.6153791806491165,16.012608395797947,0.9086772315678232,24
2022-02-03,rmt_filtered_conservative,rmt_filtered,rmt,1.0,2.6153791806491165,16.012608395797947,0.9086772315678232,24
2022-02-04,sector_baseline,baseline,sector,0.0,0.0,0.0,0.5796247681778129,24
2022-02-04,raw_pca_residual,raw_pca,raw_pca,14.0,2.6153791806491165,16.398518614317517,0.5180199514991138,24
2022-02-04,raw_pca_stabilized,raw_pca,raw_pca,14.0,2.6153791806491165,16.398518614317517,0.5180199514991138,24
2022-02-04,rmt_filtered_residual,rmt_filtered,rmt,1.0,2.6153791806491165,16.398518614317517,0.7153859866325486,24
2022-02-04,rmt_filtered_conservative,rmt_filtered,rmt,1.0,2.6153791806491165,16.398518614317517,0.7153859866325486,24
2022-02-07,sector_baseline,baseline,sector,0.0,0.0,0.0,0.6408881645520916,24
2022-02-07,raw_pca_residual,raw_pca,raw_pca,14.0,2.6153791806491165,16.447368180381392,0.809166972745022,24
2022-02-07,raw_pca_stabilized,raw_pca,raw_pca,14.0,2.6153791806491165,16.447368180381392,0.809166972745022,24
2022-02-07,rmt_filtered_residual,rmt_filtered,rmt,1.0,2.6153791806491165,16.447368180381392,0.7183285819391978,24
2022-02-07,rmt_filtered_conservative,rmt_filtered,rmt,1.0,2.6153791806491165,16.447368180381392,0.7183285819391978,24
2022-02-08,sector_baseline,baseline,sector,0.0,0.0,0.0,0.8168144171677606,24
2022-02-08,raw_pca_residual,raw_pca,raw_pca,14.0,2.6153791806491165,16.500339099216664,0.7574061927369335,24
2022-02-08,raw_pca_stabilized,raw_pca,raw_pca,14.0,2.6153791806491165,16.500339099216664,0.7574061927369335,24
2022-02-08,rmt_filtered_residual,rmt_filtered,rmt,1.0,2.6153791806491165,16.500339099216664,0.7518600148181985,24
2022-02-08,rmt_filtered_conservative,rmt_filtered,rmt,1.0,2.6153791806491165,16.500339099216664,0.7518600148181985,24
2022-02-09,sector_baseline,baseline,sector,0.0,0.0,0.0,0.8333418657356422,24
2022-02-09,raw_pca_residual,raw_pca,raw_pca,14.0,2.6153791806491165,16.456359919177466,0.7863072676314262,24
2022-02-09,raw_pca_stabilized,raw_pca,raw_pca,14.0,2.6153791806491165,16.456359919177466,0.7863072676314262,24
2022-02-09,rmt_filtered_residual,rmt_filtered,rmt,1.0,2.6153791806491165,16.456359919177466,0.8017181769470895,24
2022-02-09,rmt_filtered_conservative,rmt_filtered,rmt,1.0,2.6153791806491165,16.456359919177466,0.8017181769470895,24
2022-02-10,sector_baseline,baseline,sector,0.0,0.0,0.0,0.6952034611173111,24
2022-02-10,raw_pca_residual,raw_pca,raw_pca,14.0,2.6153791806491165,16.50286564802179,0.5923874131828043,24
2022-02-10,raw_pca_stabilized,raw_pca,raw_pca,14.0,2.6153791806491165,16.50286564802179,0.5923874131828043,24
2022-02-10,rmt_filtered_residual,rmt_filtered,rmt,1.0,2.6153791806491165,16.50286564802179,0.9071539907922671,24
2022-02-10,rmt_filtered_conservative,rmt_filtered,rmt,1.0,2.6153791806491165,16.50286564802179,0.9071539907922671,24
2022-02-11,sector_baseline,baseline,sector,0.0,0.0,0.0,1.0812217693929898,24
2022-02-11,raw_pca_residual,raw_pca,raw_pca,14.0,2.6153791806491165,16.614310526649223,1.0445688356095582,24
2022-02-11,raw_pca_stabilized,raw_pca,raw_pca,14.0,2.6153791806491165,16.614310526649223,1.0445688356095582,24
2022-02-11,rmt_filtered_residual,rmt_filtered,rmt,1.0,2.6153791806491165,16.614310526649223,0.9371837992637081,24
2022-02-11,rmt_filtered_conservative,rmt_filtered,rmt,1.0,2.6153791806491165,16.614310526649223,0.9371837992637081,24
2022-02-14,sector_baseline,baseline,sector,0.0,0.0,0.0,0.9258751088359736,24
2022-02-14,raw_pca_residual,raw_pca,raw_pca,14.0,2.6153791806491165,16.57732597739071,1.02153436286303,24
2022-02-14,raw_pca_stabilized,raw_pca,raw_pca,14.0,2.6153791806491165,16.57732597739071,1.02153436286303,24
2022-02-14,rmt_filtered_residual,rmt_filtered,rmt,1.0,2.6153791806491165,16.57732597739071,0.8950398500061088,24
2022-02-14,rmt_filtered_conservative,rmt_filtered,rmt,1.0,2.6153791806491165,16.57732597739071,0.8950398500061088,24
2022-02-15,sector_baseline,baseline,sector,0.0,0.0,0.0,0.7093172351396904,24
2022-02-15,raw_pca_residual,raw_pca,raw_pca,14.0,2.6153791806491165,16.339289407983674,0.6685563825660091,24
2022-02-15,raw_pca_stabilized,raw_pca,raw_pca,14.0,2.6153791806491165,16.339289407983674,0.6685563825660091,24
2022-02-15,rmt_filtered_residual,rmt_filtered,rmt,1.0,2.6153791806491165,16.339289407983674,0.8081060132852714,24
2022-02-15,rmt_filtered_conservative,rmt_filtered,rmt,1.0,2.6153791806491165,16.339289407983674,0.8081060132852714,24
2022-02-16,sector_baseline,baseline,sector,0.0,0.0,0.0,0.7874952323858988,24
2022-02-16,raw_pca_residual,raw_pca,raw_pca,14.0,2.6153791806491165,16.554878656521115,1.02879434407354,24
2022-02-16,raw_pca_stabilized,raw_pca,raw_pca,14.0,2.6153791806491165,16.554878656521115,1.02879434407354,24
2022-02-16,rmt_filtered_residual,rmt_filtered,rmt,1.0,2.6153791806491165,16.554878656521115,0.7402370400758924,24
2022-02-16,rmt_filtered_conservative,rmt_filtered,rmt,1.0,2.6153791806491165,16.554878656521115,0.7402370400758924,24
2022-02-17,sector_baseline,baseline,sector,0.0,0.0,0.0,0.9604359144003668,24
2022-02-17,raw_pca_residual,raw_pca,raw_pca,14.0,2.6153791806491165,16.55820568541003,0.8978147225880025,24
2022-02-17,raw_pca_stabilized,raw_pca,raw_pca,14.0,2.6153791806491165,16.55820568541003,0.8978147225880025,24
2022-02-17,rmt_filtered_residual,rmt_filtered,rmt,1.0,2.6153791806491165,16.55820568541003,0.8869876429053791,24
2022-02-17,rmt_filtered_conservative,rmt_filtered,rmt,1.0,2.6153791806491165,16.55820568541003,0.8869876429053791,24
2022-02-18,sector_baseline,baseline,sector,0.0,0.0,0.0,0.8313971848132343,24
2022-02-18,raw_pca_residual,raw_pca,raw_pca,14.0,2.6153791806491165,16.61695505527589,0.9045835779210959,24
2022-02-18,raw_pca_stabilized,raw_pca,raw_pca,14.0,2.6153791806491165,16.61695505527589,0.9045835779210959,24
2022-02-18,rmt_filtered_residual,rmt_filtered,rmt,1.0,2.6153791806491165,16.61695505527589,0.8294297474201265,24
2022-02-18,rmt_filtered_conservative,rmt_filtered,rmt,1.0,2.6153791806491165,16.61695505527589,0.8294297474201265,24
2022-02-21,sector_baseline,baseline,sector,0.0,0.0,0.0,0.7424018662578596,24
2022-02-21,raw_pca_residual,raw_pca,raw_pca,14.0,2.6153791806491165,16.66810988398699,0.6772194861105495,24
2022-02-21,raw_pca_stabilized,raw_pca,raw_pca,14.0,2.6153791806491165,16.66810988398699,0.6772194861105495,24
2022-02-21,rmt_filtered_residual,rmt_filtered,rmt,1.0,2.6153791806491165,16.66810988398699,0.8516213859864568,24
2022-02-21,rmt_filtered_conservative,rmt_filtered,rmt,1.0,2.6153791806491165,16.66810988398699,0.8516213859864568,24
2022-02-22,sector_baseline,baseline,sector,0.0,0.0,0.0,0.5675318225211579,24
2022-02-22,raw_pca_residual,raw_pca,raw_pca,14.0,2.6153791806491165,16.668198972199633,0.7139773654041678,24
2022-02-22,raw_pca_stabilized,raw_pca,raw_pca,14.0,2.6153791806491165,16.668198972199633,0.7139773654041678,24
2022-02-22,rmt_filtered_residual,rmt_filtered,rmt,1.0,2.6153791806491165,16.668198972199633,0.7324375984680292,24
2022-02-22,rmt_filtered_conservative,rmt_filtered,rmt,1.0,2.6153791806491165,16.668198972199633,0.7324375984680292,24
2022-02-23,sector_baseline,baseline,sector,0.0,0.0,0.0,0.923606642621808,24
2022-02-23,raw_pca_residual,raw_pca,raw_pca,14.0,2.6153791806491165,16.731014593280992,0.8140501733674873,24
2022-02-23,raw_pca_stabilized,raw_pca,raw_pca,14.0,2.6153791806491165,16.731014593280992,0.8140501733674873,24
2022-02-23,rmt_filtered_residual,rmt_filtered,rmt,1.0,2.6153791806491165,16.731014593280992,0.9463505470780736,24
2022-02-23,rmt_filtered_conservative,rmt_filtered,rmt,1.0,2.6153791806491165,16.731014593280992,0.9463505470780736,24
2022-02-24,sector_baseline,baseline,sector,0.0,0.0,0.0,0.756838782828412,24
2022-02-24,raw_pca_residual,raw_pca,raw_pca,14.0,2.6153791806491165,16.724028722922238,0.7746848291277494,24
2022-02-24,raw_pca_stabilized,raw_pca,raw_pca,14.0,2.6153791806491165,16.724028722922238,0.7746848291277494,24
2022-02-24,rmt_filtered_residual,rmt_filtered,rmt,1.0,2.6153791806491165,16.724028722922238,0.7218537649940727,24
2022-02-24,rmt_filtered_conservative,rmt_filtered,rmt,1.0,2.6153791806491165,16.724028722922238,0.7218537649940727,24
2022-02-25,sector_baseline,baseline,sector,0.0,0.0,0.0,0.812169355322236,24
2022-02-25,raw_pca_residual,raw_pca,raw_pca,14.0,2.6153791806491165,16.759724302489815,0.9729926756348642,24
2022-02-25,raw_pca_stabilized,raw_pca,raw_pca,14.0,2.6153791806491165,16.759724302489815,0.9729926756348642,24
2022-02-25,rmt_filtered_residual,rmt_filtered,rmt,1.0,2.6153791806491165,16.759724302489815,0.8827915102223368,24
2022-02-25,rmt_filtered_conservative,rmt_filtered,rmt,1.0,2.6153791806491165,16.759724302489815,0.8827915102223368,24
2022-02-28,sector_baseline,baseline,sector,0.0,0.0,0.0,0.7979227382963909,24
2022-02-28,raw_pca_residual,raw_pca,raw_pca,14.0,2.6153791806491165,16.75788730796488,0.8495311779597966,24
2022-02-28,raw_pca_stabilized,raw_pca,raw_pca,14.0,2.6153791806491165,16.75788730796488,0.8495311779597966,24
2022-02-28,rmt_filtered_residual,rmt_filtered,rmt,1.0,2.6153791806491165,16.75788730796488,0.8919042829206022,24
2022-02-28,rmt_filtered_conservative,rmt_filtered,rmt,1.0,2.6153791806491165,16.75788730796488,0.8919042829206022,24
2022-03-01,sector_baseline,baseline,sector,0.0,0.0,0.0,0.7262578317820895,24
2022-03-01,raw_pca_residual,raw_pca,raw_pca,14.0,2.6153791806491165,16.834375777351553,1.068890385283785,24
2022-03-01,raw_pca_stabilized,raw_pca,raw_pca,14.0,2.6153791806491165,16.834375777351553,1.068890385283785,24
2022-03-01,rmt_filtered_residual,rmt_filtered,rmt,1.0,2.6153791806491165,16.834375777351553,0.6958281811735526,24
2022-03-01,rmt_filtered_conservative,rmt_filtered,rmt,1.0,2.6153791806491165,16.834375777351553,0.6958281811735526,24
2022-03-02,sector_baseline,baseline,sector,0.0,0.0,0.0,0.7906628972373825,24
2022-03-02,raw_pca_residual,raw_pca,raw_pca,14.0,2.6153791806491165,16.81945114662995,0.8768661399041598,24
2022-03-02,raw_pca_stabilized,raw_pca,raw_pca,14.0,2.6153791806491165,16.81945114662995,0.8768661399041598,24
2022-03-02,rmt_filtered_residual,rmt_filtered,rmt,1.0,2.6153791806491165,16.81945114662995,0.8001932626468014,24
2022-03-02,rmt_filtered_conservative,rmt_filtered,rmt,1.0,2.6153791806491165,16.81945114662995,0.8001932626468014,24
2022-03-03,sector_baseline,baseline,sector,0.0,0.0,0.0,0.6361187164420082,24
2022-03-03,raw_pca_residual,raw_pca,raw_pca,14.0,2.6153791806491165,16.875034934842336,0.8300730915254082,24
2022-03-03,raw_pca_stabilized,raw_pca,raw_pca,14.0,2.6153791806491165,16.875034934842336,0.8300730915254082,24
2022-03-03,rmt_filtered_residual,rmt_filtered,rmt,1.0,2.6153791806491165,16.875034934842336,0.7481756736074315,24
2022-03-03,rmt_filtered_conservative,rmt_filtered,rmt,1.0,2.6153791806491165,16.875034934842336,0.7481756736074315,24
2022-03-04,sector_baseline,baseline,sector,0.0,0.0,0.0,0.8507791745001508,24
2022-03-04,raw_pca_residual,raw_pca,raw_pca,14.0,2.6153791806491165,16.429512778114713,1.079592637893182,24
2022-03-04,raw_pca_stabilized,raw_pca,raw_pca,14.0,2.6153791806491165,16.429512778114713,1.079592637893182,24
2022-03-04,rmt_filtered_residual,rmt_filtered,rmt,1.0,2.6153791806491165,16.429512778114713,0.6963464579385118,24
2022-03-04,rmt_filtered_conservative,rmt_filtered,rmt,1.0,2.6153791806491165,16.429512778114713,0.6963464579385118,24
2022-03-07,sector_baseline,baseline,sector,0.0,0.0,0.0,0.9680171537001937,24
2022-03-07,raw_pca_residual,raw_pca,raw_pca,14.0,2.6153791806491165,16.391207749919143,0.8902123270607669,24
2022-03-07,raw_pca_stabilized,raw_pca,raw_pca,14.0,2.6153791806491165,16.391207749919143,0.8902123270607669,24
2022-03-07,rmt_filtered_residual,rmt_filtered,rmt,1.0,2.6153791806491165,16.391207749919143,0.8279110120235139,24
2022-03-07,rmt_filtered_conservative,rmt_filtered,rmt,1.0,2.6153791806491165,16.391207749919143,0.8279110120235139,24
2022-03-08,sector_baseline,baseline,sector,0.0,0.0,0.0,0.8262801454956308,24
2022-03-08,raw_pca_residual,raw_pca,raw_pca,14.0,2.6153791806491165,16.33952734518784,0.7388208536238557,24
2022-03-08,raw_pca_stabilized,raw_pca,raw_pca,14.0,2.6153791806491165,16.33952734518784,0.7388208536238557,24
2022-03-08,rmt_filtered_residual,rmt_filtered,rmt,1.0,2.6153791806491165,16.33952734518784,0.7931847093683588,24
2022-03-08,rmt_filtered_conservative,rmt_filtered,rmt,1.0,2.6153791806491165,16.33952734518784,0.7931847093683588,24
2022-03-09,sector_baseline,baseline,sector,0.0,0.0,0.0,0.9125520115947542,24
2022-03-09,raw_pca_residual,raw_pca,raw_pca,14.0,2.6153791806491165,16.382159664691635,0.6857474543940268,24
2022-03-09,raw_pca_stabilized,raw_pca,raw_pca,14.0,2.6153791806491165,16.382159664691635,0.6857474543940268,24
2022-03-09,rmt_filtered_residual,rmt_filtered,rmt,1.0,2.6153791806491165,16.382159664691635,0.8708457679389437,24
2022-03-09,rmt_filtered_conservative,rmt_filtered,rmt,1.0,2.6153791806491165,16.382159664691635,0.8708457679389437,24
2022-03-10,sector_baseline,baseline,sector,0.0,0.0,0.0,0.7765106957294003,24
2022-03-10,raw_pca_residual,raw_pca,raw_pca,14.0,2.6153791806491165,16.410177719224347,0.6757471221291919,24
2022-03-10,raw_pca_stabilized,raw_pca,raw_pca,14.0,2.6153791806491165,16.410177719224347,0.6757471221291919,24
2022-03-10,rmt_filtered_residual,rmt_filtered,rmt,1.0,2.6153791806491165,16.410177719224347,0.8558350995865656,24
2022-03-10,rmt_filtered_conservative,rmt_filtered,rmt,1.0,2.6153791806491165,16.410177719224347,0.8558350995865656,24
2022-03-11,sector_baseline,baseline,sector,0.0,0.0,0.0,0.9281483322012117,24
2022-03-11,raw_pca_residual,raw_pca,raw_pca,14.0,2.6153791806491165,16.371080955512557,0.7268005564097821,24
2022-03-11,raw_pca_stabilized,raw_pca,raw_pca,14.0,2.6153791806491165,16.371080955512557,0.7268005564097821,24
2022-03-11,rmt_filtered_residual,rmt_filtered,rmt,1.0,2.6153791806491165,16.371080955512557,1.1555527956835412,24
2022-03-11,rmt_filtered_conservative,rmt_filtered,rmt,1.0,2.6153791806491165,16.371080955512557,1.1555527956835412,24
2022-03-14,sector_baseline,baseline,sector,0.0,0.0,0.0,1.0368167812739857,24
2022-03-14,raw_pca_residual,raw_pca,raw_pca,14.0,2.6153791806491165,16.397871419265375,0.9041807462674457,24
2022-03-14,raw_pca_stabilized,raw_pca,raw_pca,14.0,2.6153791806491165,16.397871419265375,0.9041807462674457,24
2022-03-14,rmt_filtered_residual,rmt_filtered,rmt,1.0,2.6153791806491165,16.397871419265375,0.9259158534128801,24
2022-03-14,rmt_filtered_conservative,rmt_filtered,rmt,1.0,2.6153791806491165,16.397871419265375,0.9259158534128801,24
2022-03-15,sector_baseline,baseline,sector,0.0,0.0,0.0,0.5413355812985762,24
2022-03-15,raw_pca_residual,raw_pca,raw_pca,14.0,2.6153791806491165,16.189243874798713,1.0336582551450293,24
2022-03-15,raw_pca_stabilized,raw_pca,raw_pca,14.0,2.6153791806491165,16.189243874798713,1.0336582551450293,24
2022-03-15,rmt_filtered_residual,rmt_filtered,rmt,1.0,2.6153791806491165,16.189243874798713,0.9052813832561183,24
2022-03-15,rmt_filtered_conservative,rmt_filtered,rmt,1.0,2.6153791806491165,16.189243874798713,0.9052813832561183,24
2022-03-16,sector_baseline,baseline,sector,0.0,0.0,0.0,0.4916224883911533,24
2022-03-16,raw_pca_residual,raw_pca,raw_pca,14.0,2.6153791806491165,16.327015682370536,0.5559965903023387,24
2022-03-16,raw_pca_stabilized,raw_pca,raw_pca,14.0,2.6153791806491165,16.327015682370536,0.5559965903023387,24
2022-03-16,rmt_filtered_residual,rmt_filtered,rmt,1.0,2.6153791806491165,16.327015682370536,0.5880135118228614,24
2022-03-16,rmt_filtered_conservative,rmt_filtered,rmt,1.0,2.6153791806491165,16.327015682370536,0.5880135118228614,24
2022-03-17,sector_baseline,baseline,sector,0.0,0.0,0.0,0.6826874857006535,24
2022-03-17,raw_pca_residual,raw_pca,raw_pca,14.0,2.6153791806491165,16.29196179857719,1.176000878713004,24
2022-03-17,raw_pca_stabilized,raw_pca,raw_pca,14.0,2.6153791806491165,16.29196179857719,1.176000878713004,24
2022-03-17,rmt_filtered_residual,rmt_filtered,rmt,1.0,2.6153791806491165,16.29196179857719,0.9182540421348001,24
2022-03-17,rmt_filtered_conservative,rmt_filtered,rmt,1.0,2.6153791806491165,16.29196179857719,0.9182540421348001,24
2022-03-18,sector_baseline,baseline,sector,0.0,0.0,0.0,0.6297868966408263,24
2022-03-18,raw_pca_residual,raw_pca,raw_pca,14.0,2.6153791806491165,16.60947170589203,0.49714644111163836,24
2022-03-18,raw_pca_stabilized,raw_pca,raw_pca,14.0,2.6153791806491165,16.60947170589203,0.49714644111163836,24
2022-03-18,rmt_filtered_residual,rmt_filtered,rmt,1.0,2.6153791806491165,16.60947170589203,0.5745901403598993,24
2022-03-18,rmt_filtered_conservative,rmt_filtered,rmt,1.0,2.6153791806491165,16.60947170589203,0.5745901403598993,24
2022-03-21,sector_baseline,baseline,sector,0.0,0.0,0.0,0.7511257237552743,24
2022-03-21,raw_pca_residual,raw_pca,raw_pca,14.0,2.6153791806491165,16.46963788084811,0.9154087733003546,24
2022-03-21,raw_pca_stabilized,raw_pca,raw_pca,14.0,2.6153791806491165,16.46963788084811,0.9154087733003546,24
2022-03-21,rmt_filtered_residual,rmt_filtered,rmt,1.0,2.6153791806491165,16.46963788084811,0.6686755605218506,24
2022-03-21,rmt_filtered_conservative,rmt_filtered,rmt,1.0,2.6153791806491165,16.46963788084811,0.6686755605218506,24
2022-03-22,sector_baseline,baseline,sector,0.0,0.0,0.0,0.8596093577526273,24
2022-03-22,raw_pca_residual,raw_pca,raw_pca,14.0,2.6153791806491165,16.512307252312667,0.8887130615583855,24
2022-03-22,raw_pca_stabilized,raw_pca,raw_pca,14.0,2.6153791806491165,16.512307252312667,0.8887130615583855,24
2022-03-22,rmt_filtered_residual,rmt_filtered,rmt,1.0,2.6153791806491165,16.512307252312667,0.8888414551633533,24
2022-03-22,rmt_filtered_conservative,rmt_filtered,rmt,1.0,2.6153791806491165,16.512307252312667,0.8888414551633533,24
2022-03-23,sector_baseline,baseline,sector,0.0,0.0,0.0,0.9836663482176373,24
2022-03-23,raw_pca_residual,raw_pca,raw_pca,14.0,2.6153791806491165,16.75759777044711,0.6546716646543829,24
2022-03-23,raw_pca_stabilized,raw_pca,raw_pca,14.0,2.6153791806491165,16.75759777044711,0.6546716646543829,24
2022-03-23,rmt_filtered_residual,rmt_filtered,rmt,1.0,2.6153791806491165,16.75759777044711,0.8817021856137491,24
2022-03-23,rmt_filtered_conservative,rmt_filtered,rmt,1.0,2.6153791806491165,16.75759777044711,0.8817021856137491,24
2022-03-24,sector_baseline,baseline,sector,0.0,0.0,0.0,0.8908757764753851,24
2022-03-24,raw_pca_residual,raw_pca,raw_pca,14.0,2.6153791806491165,16.943545023271344,1.1837737170042775,24
2022-03-24,raw_pca_stabilized,raw_pca,raw_pca,14.0,2.6153791806491165,16.943545023271344,1.1837737170042775,24
2022-03-24,rmt_filtered_residual,rmt_filtered,rmt,1.0,2.6153791806491165,16.943545023271344,0.7586706285431118,24
2022-03-24,rmt_filtered_conservative,rmt_filtered,rmt,1.0,2.6153791806491165,16.943545023271344,0.7586706285431118,24
2022-03-25,sector_baseline,baseline,sector,0.0,0.0,0.0,0.760306870762293,24
2022-03-25,raw_pca_residual,raw_pca,raw_pca,14.0,2.6153791806491165,17.037550529856155,0.7227265457053722,24
2022-03-25,raw_pca_stabilized,raw_pca,raw_pca,14.0,2.6153791806491165,17.037550529856155,0.7227265457053722,24
2022-03-25,rmt_filtered_residual,rmt_filtered,rmt,1.0,2.6153791806491165,17.037550529856155,0.7491581786096484,24
2022-03-25,rmt_filtered_conservative,rmt_filtered,rmt,1.0,2.6153791806491165,17.037550529856155,0.7491581786096484,24
2022-03-28,sector_baseline,baseline,sector,0.0,0.0,0.0,0.8235606786337814,24
2022-03-28,raw_pca_residual,raw_pca,raw_pca,14.0,2.6153791806491165,17.06893854542576,0.6782184832121576,24
2022-03-28,raw_pca_stabilized,raw_pca,raw_pca,14.0,2.6153791806491165,17.06893854542576,0.6782184832121576,24
2022-03-28,rmt_filtered_residual,rmt_filtered,rmt,1.0,2.6153791806491165,17.06893854542576,0.77912755127329,24
2022-03-28,rmt_filtered_conservative,rmt_filtered,rmt,1.0,2.6153791806491165,17.06893854542576,0.77912755127329,24
2022-03-29,sector_baseline,baseline,sector,0.0,0.0,0.0,0.9121206623598788,24
2022-03-29,raw_pca_residual,raw_pca,raw_pca,14.0,2.6153791806491165,16.988352812936736,0.8425195694953239,24
2022-03-29,raw_pca_stabilized,raw_pca,raw_pca,14.0,2.6153791806491165,16.988352812936736,0.8425195694953239,24
2022-03-29,rmt_filtered_residual,rmt_filtered,rmt,1.0,2.6153791806491165,16.988352812936736,0.9878371739327317,24
2022-03-29,rmt_filtered_conservative,rmt_filtered,rmt,1.0,2.6153791806491165,16.988352812936736,0.9878371739327317,24
2022-03-30,sector_baseline,baseline,sector,0.0,0.0,0.0,0.741553953145606,24
2022-03-30,raw_pca_residual,raw_pca,raw_pca,14.0,2.6153791806491165,16.991246356758232,0.49294352549923987,24
2022-03-30,raw_pca_stabilized,raw_pca,raw_pca,14.0,2.6153791806491165,16.991246356758232,0.49294352549923987,24
2022-03-30,rmt_filtered_residual,rmt_filtered,rmt,1.0,2.6153791806491165,16.991246356758232,0.7583610827691644,24
2022-03-30,rmt_filtered_conservative,rmt_filtered,rmt,1.0,2.6153791806491165,16.991246356758232,0.7583610827691644,24
2022-03-31,sector_baseline,baseline,sector,0.0,0.0,0.0,0.783398742155228,24
2022-03-31,raw_pca_residual,raw_pca,raw_pca,14.0,2.6153791806491165,16.98518961835547,0.4342149557093406,24
2022-03-31,raw_pca_stabilized,raw_pca,raw_pca,14.0,2.6153791806491165,16.98518961835547,0.4342149557093406,24
2022-03-31,rmt_filtered_residual,rmt_filtered,rmt,1.0,2.6153791806491165,16.98518961835547,0.7098978933719189,24
2022-03-31,rmt_filtered_conservative,rmt_filtered,rmt,1.0,2.6153791806491165,16.98518961835547,0.7098978933719189,24
2022-04-01,sector_baseline,baseline,sector,0.0,0.0,0.0,0.984575654741599,24
2022-04-01,raw_pca_residual,raw_pca,raw_pca,14.0,2.6153791806491165,16.988629422036926,0.979987549548298,24
2022-04-01,raw_pca_stabilized,raw_pca,raw_pca,14.0,2.6153791806491165,16.988629422036926,0.979987549548298,24
2022-04-01,rmt_filtered_residual,rmt_filtered,rmt,1.0,2.6153791806491165,16.988629422036926,0.8433522883755494,24
2022-04-01,rmt_filtered_conservative,rmt_filtered,rmt,1.0,2.6153791806491165,16.988629422036926,0.8433522883755494,24
2022-04-04,sector_baseline,baseline,sector,0.0,0.0,0.0,0.8360092764806314,24
2022-04-04,raw_pca_residual,raw_pca,raw_pca,14.0,2.6153791806491165,16.916133379445043,0.7079061278681653,24
2022-04-04,raw_pca_stabilized,raw_pca,raw_pca,14.0,2.6153791806491165,16.916133379445043,0.7079061278681653,24
2022-04-04,rmt_filtered_residual,rmt_filtered,rmt,1.0,2.6153791806491165,16.916133379445043,0.9060007843790157,24
2022-04-04,rmt_filtered_conservative,rmt_filtered,rmt,1.0,2.6153791806491165,16.916133379445043,0.9060007843790157,24
2022-04-05,sector_baseline,baseline,sector,0.0,0.0,0.0,0.7885715048520917,24
2022-04-05,raw_pca_residual,raw_pca,raw_pca,14.0,2.6153791806491165,16.668458144025237,0.7771556570012214,24
2022-04-05,raw_pca_stabilized,raw_pca,raw_pca,14.0,2.6153791806491165,16.668458144025237,0.7771556570012214,24
2022-04-05,rmt_filtered_residual,rmt_filtered,rmt,1.0,2.6153791806491165,16.668458144025237,0.8411612013951449,24
2022-04-05,rmt_filtered_conservative,rmt_filtered,rmt,1.0,2.6153791806491165,16.668458144025237,0.8411612013951449,24
2022-04-06,sector_baseline,baseline,sector,0.0,0.0,0.0,0.8881005729254826,24
2022-04-06,raw_pca_residual,raw_pca,raw_pca,14.0,2.6153791806491165,16.687645121582587,0.9373369055342741,24
2022-04-06,raw_pca_stabilized,raw_pca,raw_pca,14.0,2.6153791806491165,16.687645121582587,0.9373369055342741,24
2022-04-06,rmt_filtered_residual,rmt_filtered,rmt,1.0,2.6153791806491165,16.687645121582587,0.9115024698750451,24
2022-04-06,rmt_filtered_conservative,rmt_filtered,rmt,1.0,2.6153791806491165,16.687645121582587,0.9115024698750451,24
2022-04-07,sector_baseline,baseline,sector,0.0,0.0,0.0,0.6545531179130584,24
2022-04-07,raw_pca_residual,raw_pca,raw_pca,14.0,2.6153791806491165,16.778861009730097,0.7206570199083592,24
2022-04-07,raw_pca_stabilized,raw_pca,raw_pca,14.0,2.6153791806491165,16.778861009730097,0.7206570199083592,24
2022-04-07,rmt_filtered_residual,rmt_filtered,rmt,1.0,2.6153791806491165,16.778861009730097,0.6662595829911556,24
2022-04-07,rmt_filtered_conservative,rmt_filtered,rmt,1.0,2.6153791806491165,16.778861009730097,0.6662595829911556,24
2022-04-08,sector_baseline,baseline,sector,0.0,0.0,0.0,0.7766490445814758,24
2022-04-08,raw_pca_residual,raw_pca,raw_pca,14.0,2.6153791806491165,16.75080001809755,0.598267738401779,24
2022-04-08,raw_pca_stabilized,raw_pca,raw_pca,14.0,2.6153791806491165,16.75080001809755,0.598267738401779,24
2022-04-08,rmt_filtered_residual,rmt_filtered,rmt,1.0,2.6153791806491165,16.75080001809755,0.7224865466488094,24
2022-04-08,rmt_filtered_conservative,rmt_filtered,rmt,1.0,2.6153791806491165,16.75080001809755,0.7224865466488094,24
2022-04-11,sector_baseline,baseline,sector,0.0,0.0,0.0,0.9447855490935924,24
2022-04-11,raw_pca_residual,raw_pca,raw_pca,14.0,2.6153791806491165,16.706724334764157,0.9139365463084687,24
2022-04-11,raw_pca_stabilized,raw_pca,raw_pca,14.0,2.6153791806491165,16.706724334764157,0.9139365463084687,24
2022-04-11,rmt_filtered_residual,rmt_filtered,rmt,1.0,2.6153791806491165,16.706724334764157,1.0182654990745459,24
2022-04-11,rmt_filtered_conservative,rmt_filtered,rmt,1.0,2.6153791806491165,16.706724334764157,1.0182654990745459,24
2022-04-12,sector_baseline,baseline,sector,0.0,0.0,0.0,0.7669112351239713,24
2022-04-12,raw_pca_residual,raw_pca,raw_pca,14.0,2.6153791806491165,16.864177929185164,0.6572833773183285,24
2022-04-12,raw_pca_stabilized,raw_pca,raw_pca,14.0,2.6153791806491165,16.864177929185164,0.6572833773183285,24
2022-04-12,rmt_filtered_residual,rmt_filtered,rmt,1.0,2.6153791806491165,16.864177929185164,0.738693219806763,24
2022-04-12,rmt_filtered_conservative,rmt_filtered,rmt,1.0,2.6153791806491165,16.864177929185164,0.738693219806763,24
2022-04-13,sector_baseline,baseline,sector,0.0,0.0,0.0,0.6867147899604138,24
2022-04-13,raw_pca_residual,raw_pca,raw_pca,14.0,2.6153791806491165,16.982293782717257,0.6567276322171051,24
2022-04-13,raw_pca_stabilized,raw_pca,raw_pca,14.0,2.6153791806491165,16.982293782717257,0.6567276322171051,24
2022-04-13,rmt_filtered_residual,rmt_filtered,rmt,1.0,2.6153791806491165,16.982293782717257,0.7513992478329893,24
2022-04-13,rmt_filtered_conservative,rmt_filtered,rmt,1.0,2.6153791806491165,16.982293782717257,0.7513992478329893,24
2022-04-14,sector_baseline,baseline,sector,0.0,0.0,0.0,0.87293467982663,24
2022-04-14,raw_pca_residual,raw_pca,raw_pca,14.0,2.6153791806491165,17.17859876347716,0.9470160751718422,24
2022-04-14,raw_pca_stabilized,raw_pca,raw_pca,14.0,2.6153791806491165,17.17859876347716,0.9470160751718422,24
2022-04-14,rmt_filtered_residual,rmt_filtered,rmt,1.0,2.6153791806491165,17.17859876347716,0.7685319509442513,24
2022-04-14,rmt_filtered_conservative,rmt_filtered,rmt,1.0,2.6153791806491165,17.17859876347716,0.7685319509442513,24
2022-04-15,sector_baseline,baseline,sector,0.0,0.0,0.0,0.8576579503073439,24
2022-04-15,raw_pca_residual,raw_pca,raw_pca,14.0,2.6153791806491165,17.33723427023287,0.7805578350720047,24
2022-04-15,raw_pca_stabilized,raw_pca,raw_pca,14.0,2.6153791806491165,17.33723427023287,0.7805578350720047,24
2022-04-15,rmt_filtered_residual,rmt_filtered,rmt,1.0,2.6153791806491165,17.33723427023287,0.7500382375958433,24
2022-04-15,rmt_filtered_conservative,rmt_filtered,rmt,1.0,2.6153791806491165,17.33723427023287,0.7500382375958433,24
2022-04-18,sector_baseline,baseline,sector,0.0,0.0,0.0,0.5271973868455028,24
2022-04-18,raw_pca_residual,raw_pca,raw_pca,14.0,2.6153791806491165,17.26469712818852,0.7340074298203715,24
2022-04-18,raw_pca_stabilized,raw_pca,raw_pca,14.0,2.6153791806491165,17.26469712818852,0.7340074298203715,24
2022-04-18,rmt_filtered_residual,rmt_filtered,rmt,1.0,2.6153791806491165,17.26469712818852,0.6769420056153423,24
2022-04-18,rmt_filtered_conservative,rmt_filtered,rmt,1.0,2.6153791806491165,17.26469712818852,0.6769420056153423,24
2022-04-19,sector_baseline,baseline,sector,0.0,0.0,0.0,1.1418408033161203,24
2022-04-19,raw_pca_residual,raw_pca,raw_pca,14.0,2.6153791806491165,16.904934379983757,1.2615146103949184,24
2022-04-19,raw_pca_stabilized,raw_pca,raw_pca,14.0,2.6153791806491165,16.904934379983757,1.2615146103949184,24
2022-04-19,rmt_filtered_residual,rmt_filtered,rmt,1.0,2.6153791806491165,16.904934379983757,1.1322155439445643,24
2022-04-19,rmt_filtered_conservative,rmt_filtered,rmt,1.0,2.6153791806491165,16.904934379983757,1.1322155439445643,24
2022-04-20,sector_baseline,baseline,sector,0.0,0.0,0.0,0.8535909930426389,24
2022-04-20,raw_pca_residual,raw_pca,raw_pca,14.0,2.6153791806491165,16.881040975558435,0.6908736414425011,24
2022-04-20,raw_pca_stabilized,raw_pca,raw_pca,14.0,2.6153791806491165,16.881040975558435,0.6908736414425011,24
2022-04-20,rmt_filtered_residual,rmt_filtered,rmt,1.0,2.6153791806491165,16.881040975558435,0.7944937624108775,24
2022-04-20,rmt_filtered_conservative,rmt_filtered,rmt,1.0,2.6153791806491165,16.881040975558435,0.7944937624108775,24
2022-04-21,sector_baseline,baseline,sector,0.0,0.0,0.0,0.893529257448332,24
2022-04-21,raw_pca_residual,raw_pca,raw_pca,14.0,2.6153791806491165,17.035580345311296,0.5943039371137095,24
2022-04-21,raw_pca_stabilized,raw_pca,raw_pca,14.0,2.6153791806491165,17.035580345311296,0.5943039371137095,24
2022-04-21,rmt_filtered_residual,rmt_filtered,rmt,1.0,2.6153791806491165,17.035580345311296,0.8423698261640397,24
2022-04-21,rmt_filtered_conservative,rmt_filtered,rmt,1.0,2.6153791806491165,17.035580345311296,0.8423698261640397,24
2022-04-22,sector_baseline,baseline,sector,0.0,0.0,0.0,0.8349573909266746,24
2022-04-22,raw_pca_residual,raw_pca,raw_pca,14.0,2.6153791806491165,16.9525037395165,0.7529617400228844,24
2022-04-22,raw_pca_stabilized,raw_pca,raw_pca,14.0,2.6153791806491165,16.9525037395165,0.7529617400228844,24
2022-04-22,rmt_filtered_residual,rmt_filtered,rmt,1.0,2.6153791806491165,16.9525037395165,0.9050985029147242,24
2022-04-22,rmt_filtered_conservative,rmt_filtered,rmt,1.0,2.6153791806491165,16.9525037395165,0.9050985029147242,24
2022-04-25,sector_baseline,baseline,sector,0.0,0.0,0.0,0.6316552395888749,24
2022-04-25,raw_pca_residual,raw_pca,raw_pca,14.0,2.6153791806491165,17.119959974712813,0.6695357421993221,24
2022-04-25,raw_pca_stabilized,raw_pca,raw_pca,14.0,2.6153791806491165,17.119959974712813,0.6695357421993221,24
2022-04-25,rmt_filtered_residual,rmt_filtered,rmt,1.0,2.6153791806491165,17.119959974712813,0.9265673396102612,24
2022-04-25,rmt_filtered_conservative,rmt_filtered,rmt,1.0,2.6153791806491165,17.119959974712813,0.9265673396102612,24
2022-04-26,sector_baseline,baseline,sector,0.0,0.0,0.0,0.7885732249528906,24
2022-04-26,raw_pca_residual,raw_pca,raw_pca,14.0,2.6153791806491165,17.102793964131898,0.792149988477266,24
2022-04-26,raw_pca_stabilized,raw_pca,raw_pca,14.0,2.6153791806491165,17.102793964131898,0.792149988477266,24
2022-04-26,rmt_filtered_residual,rmt_filtered,rmt,1.0,2.6153791806491165,17.102793964131898,0.9269430637293489,24
2022-04-26,rmt_filtered_conservative,rmt_filtered,rmt,1.0,2.6153791806491165,17.102793964131898,0.9269430637293489,24
2022-04-27,sector_baseline,baseline,sector,0.0,0.0,0.0,0.7903655425612292,24
2022-04-27,raw_pca_residual,raw_pca,raw_pca,14.0,2.6153791806491165,17.150642945287267,0.4328597853806533,24
2022-04-27,raw_pca_stabilized,raw_pca,raw_pca,14.0,2.6153791806491165,17.150642945287267,0.4328597853806533,24
2022-04-27,rmt_filtered_residual,rmt_filtered,rmt,1.0,2.6153791806491165,17.150642945287267,0.950436611771084,24
2022-04-27,rmt_filtered_conservative,rmt_filtered,rmt,1.0,2.6153791806491165,17.150642945287267,0.950436611771084,24
2022-04-28,sector_baseline,baseline,sector,0.0,0.0,0.0,0.7767539122651422,24
2022-04-28,raw_pca_residual,raw_pca,raw_pca,14.0,2.6153791806491165,17.24069585252262,0.8050882930634472,24
2022-04-28,raw_pca_stabilized,raw_pca,raw_pca,14.0,2.6153791806491165,17.24069585252262,0.8050882930634472,24
2022-04-28,rmt_filtered_residual,rmt_filtered,rmt,1.0,2.6153791806491165,17.24069585252262,0.7121741812366743,24
2022-04-28,rmt_filtered_conservative,rmt_filtered,rmt,1.0,2.6153791806491165,17.24069585252262,0.7121741812366743,24
2022-04-29,sector_baseline,baseline,sector,0.0,0.0,0.0,0.7771616510371911,24
2022-04-29,raw_pca_residual,raw_pca,raw_pca,14.0,2.6153791806491165,17.31162355472886,0.648529114573213,24
2022-04-29,raw_pca_stabilized,raw_pca,raw_pca,14.0,2.6153791806491165,17.31162355472886,0.648529114573213,24
2022-04-29,rmt_filtered_residual,rmt_filtered,rmt,1.0,2.6153791806491165,17.31162355472886,0.7344705321467386,24
2022-04-29,rmt_filtered_conservative,rmt_filtered,rmt,1.0,2.6153791806491165,17.31162355472886,0.7344705321467386,24
2022-05-02,sector_baseline,baseline,sector,0.0,0.0,0.0,0.6416852376737029,24
2022-05-02,raw_pca_residual,raw_pca,raw_pca,14.0,2.6153791806491165,17.199399933424882,0.7895877820860475,24
2022-05-02,raw_pca_stabilized,raw_pca,raw_pca,14.0,2.6153791806491165,17.199399933424882,0.7895877820860475,24
2022-05-02,rmt_filtered_residual,rmt_filtered,rmt,1.0,2.6153791806491165,17.199399933424882,0.7585549184667407,24
2022-05-02,rmt_filtered_conservative,rmt_filtered,rmt,1.0,2.6153791806491165,17.199399933424882,0.7585549184667407,24
2022-05-03,sector_baseline,baseline,sector,0.0,0.0,0.0,0.8734937717958969,24
2022-05-03,raw_pca_residual,raw_pca,raw_pca,14.0,2.6153791806491165,17.22176341402816,0.9574619148279417,24
2022-05-03,raw_pca_stabilized,raw_pca,raw_pca,14.0,2.6153791806491165,17.22176341402816,0.9574619148279417,24
2022-05-03,rmt_filtered_residual,rmt_filtered,rmt,1.0,2.6153791806491165,17.22176341402816,0.7840239565772791,24
2022-05-03,rmt_filtered_conservative,rmt_filtered,rmt,1.0,2.6153791806491165,17.22176341402816,0.7840239565772791,24
2022-05-04,sector_baseline,baseline,sector,0.0,0.0,0.0,0.7484165468786914,24
2022-05-04,raw_pca_residual,raw_pca,raw_pca,14.0,2.6153791806491165,16.89670434611517,0.8653185112813745,24
2022-05-04,raw_pca_stabilized,raw_pca,raw_pca,14.0,2.6153791806491165,16.89670434611517,0.8653185112813745,24
2022-05-04,rmt_filtered_residual,rmt_filtered,rmt,1.0,2.6153791806491165,16.89670434611517,0.7025950846050791,24
2022-05-04,rmt_filtered_conservative,rmt_filtered,rmt,1.0,2.6153791806491165,16.89670434611517,0.7025950846050791,24
2022-05-05,sector_baseline,baseline,sector,0.0,0.0,0.0,0.7071390519381441,24
2022-05-05,raw_pca_residual,raw_pca,raw_pca,14.0,2.6153791806491165,17.22841412375528,0.7708297975337132,24
2022-05-05,raw_pca_stabilized,raw_pca,raw_pca,14.0,2.6153791806491165,17.22841412375528,0.7708297975337132,24
2022-05-05,rmt_filtered_residual,rmt_filtered,rmt,1.0,2.6153791806491165,17.22841412375528,0.6371294014260771,24
2022-05-05,rmt_filtered_conservative,rmt_filtered,rmt,1.0,2.6153791806491165,17.22841412375528,0.6371294014260771,24
2022-05-06,sector_baseline,baseline,sector,0.0,0.0,0.0,0.8351432276332451,24
2022-05-06,raw_pca_residual,raw_pca,raw_pca,14.0,2.6153791806491165,17.220216242222108,0.7624451570908387,24
2022-05-06,raw_pca_stabilized,raw_pca,raw_pca,14.0,2.6153791806491165,17.220216242222108,0.7624451570908387,24
2022-05-06,rmt_filtered_residual,rmt_filtered,rmt,1.0,2.6153791806491165,17.220216242222108,0.9131457271186895,24
2022-05-06,rmt_filtered_conservative,rmt_filtered,rmt,1.0,2.6153791806491165,17.220216242222108,0.9131457271186895,24
2022-05-09,sector_baseline,baseline,sector,0.0,0.0,0.0,0.791572005779957,24
2022-05-09,raw_pca_residual,raw_pca,raw_pca,14.0,2.6153791806491165,17.277362447269837,1.0953175434546998,24
2022-05-09,raw_pca_stabilized,raw_pca,raw_pca,14.0,2.6153791806491165,17.277362447269837,1.0953175434546998,24
2022-05-09,rmt_filtered_residual,rmt_filtered,rmt,1.0,2.6153791806491165,17.277362447269837,0.8054277614819595,24
2022-05-09,rmt_filtered_conservative,rmt_filtered,rmt,1.0,2.6153791806491165,17.277362447269837,0.8054277614819595,24
2022-05-10,sector_baseline,baseline,sector,0.0,0.0,0.0,0.9290348797032083,24
2022-05-10,raw_pca_residual,raw_pca,raw_pca,14.0,2.6153791806491165,17.23204968161782,0.8989890782714531,24
2022-05-10,raw_pca_stabilized,raw_pca,raw_pca,14.0,2.6153791806491165,17.23204968161782,0.8989890782714531,24
2022-05-10,rmt_filtered_residual,rmt_filtered,rmt,1.0,2.6153791806491165,17.23204968161782,0.9555055310304096,24
2022-05-10,rmt_filtered_conservative,rmt_filtered,rmt,1.0,2.6153791806491165,17.23204968161782,0.9555055310304096,24
2022-05-11,sector_baseline,baseline,sector,0.0,0.0,0.0,0.6924944273382093,24
2022-05-11,raw_pca_residual,raw_pca,raw_pca,14.0,2.6153791806491165,17.11153747980981,1.1353266718968877,24
2022-05-11,raw_pca_stabilized,raw_pca,raw_pca,14.0,2.6153791806491165,17.11153747980981,1.1353266718968877,24
2022-05-11,rmt_filtered_residual,rmt_filtered,rmt,1.0,2.6153791806491165,17.11153747980981,0.6887304790059107,24
2022-05-11,rmt_filtered_conservative,rmt_filtered,rmt,1.0,2.6153791806491165,17.11153747980981,0.6887304790059107,24
2022-05-12,sector_baseline,baseline,sector,0.0,0.0,0.0,0.5517471224716269,24
2022-05-12,raw_pca_residual,raw_pca,raw_pca,14.0,2.6153791806491165,17.160125507220556,0.5755077018613016,24
2022-05-12,raw_pca_stabilized,raw_pca,raw_pca,14.0,2.6153791806491165,17.160125507220556,0.5755077018613016,24
2022-05-12,rmt_filtered_residual,rmt_filtered,rmt,1.0,2.6153791806491165,17.160125507220556,0.5795823990924198,24
2022-05-12,rmt_filtered_conservative,rmt_filtered,rmt,1.0,2.6153791806491165,17.160125507220556,0.5795823990924198,24
2022-05-13,sector_baseline,baseline,sector,0.0,0.0,0.0,0.95837715170035,24
2022-05-13,raw_pca_residual,raw_pca,raw_pca,14.0,2.6153791806491165,17.208330936547053,1.0812918459995868,24
2022-05-13,raw_pca_stabilized,raw_pca,raw_pca,14.0,2.6153791806491165,17.208330936547053,1.0812918459995868,24
2022-05-13,rmt_filtered_residual,rmt_filtered,rmt,1.0,2.6153791806491165,17.208330936547053,1.0210893803369603,24
2022-05-13,rmt_filtered_conservative,rmt_filtered,rmt,1.0,2.6153791806491165,17.208330936547053,1.0210893803369603,24
2022-05-16,sector_baseline,baseline,sector,0.0,0.0,0.0,0.8136172088148609,24
2022-05-16,raw_pca_residual,raw_pca,raw_pca,14.0,2.6153791806491165,17.026491529554452,0.5711630341085429,24
2022-05-16,raw_pca_stabilized,raw_pca,raw_pca,14.0,2.6153791806491165,17.026491529554452,0.5711630341085429,24
2022-05-16,rmt_filtered_residual,rmt_filtered,rmt,1.0,2.6153791806491165,17.026491529554452,0.8443055165305494,24
2022-05-16,rmt_filtered_conservative,rmt_filtered,rmt,1.0,2.6153791806491165,17.026491529554452,0.8443055165305494,24
2022-05-17,sector_baseline,baseline,sector,0.0,0.0,0.0,0.6575772991142398,24
2022-05-17,raw_pca_residual,raw_pca,raw_pca,14.0,2.6153791806491165,17.200842091003288,0.9781007644219041,24
2022-05-17,raw_pca_stabilized,raw_pca,raw_pca,14.0,2.6153791806491165,17.200842091003288,0.9781007644219041,24
2022-05-17,rmt_filtered_residual,rmt_filtered,rmt,1.0,2.6153791806491165,17.200842091003288,0.833480681562261,24
2022-05-17,rmt_filtered_conservative,rmt_filtered,rmt,1.0,2.6153791806491165,17.200842091003288,0.833480681562261,24
2022-05-18,sector_baseline,baseline,sector,0.0,0.0,0.0,1.1170374234605445,24
2022-05-18,raw_pca_residual,raw_pca,raw_pca,14.0,2.6153791806491165,17.045585404541953,0.6387061448609287,24
2022-05-18,raw_pca_stabilized,raw_pca,raw_pca,14.0,2.6153791806491165,17.045585404541953,0.6387061448609287,24
2022-05-18,rmt_filtered_residual,rmt_filtered,rmt,1.0,2.6153791806491165,17.045585404541953,1.213774973061135,24
2022-05-18,rmt_filtered_conservative,rmt_filtered,rmt,1.0,2.6153791806491165,17.045585404541953,1.213774973061135,24
2022-05-19,sector_baseline,baseline,sector,0.0,0.0,0.0,0.753439551876235,24
2022-05-19,raw_pca_residual,raw_pca,raw_pca,14.0,2.6153791806491165,17.031233712456636,1.019949277329018,24
2022-05-19,raw_pca_stabilized,raw_pca,raw_pca,14.0,2.6153791806491165,17.031233712456636,1.019949277329018,24
2022-05-19,rmt_filtered_residual,rmt_filtered,rmt,1.0,2.6153791806491165,17.031233712456636,0.7754436573383222,24
2022-05-19,rmt_filtered_conservative,rmt_filtered,rmt,1.0,2.6153791806491165,17.031233712456636,0.7754436573383222,24
2022-05-20,sector_baseline,baseline,sector,0.0,0.0,0.0,0.8876420359467522,24
2022-05-20,raw_pca_residual,raw_pca,raw_pca,14.0,2.6153791806491165,17.51249070112314,0.6735331583787242,24
2022-05-20,raw_pca_stabilized,raw_pca,raw_pca,14.0,2.6153791806491165,17.51249070112314,0.6735331583787242,24
2022-05-20,rmt_filtered_residual,rmt_filtered,rmt,1.0,2.6153791806491165,17.51249070112314,0.8323598489491574,24
2022-05-20,rmt_filtered_conservative,rmt_filtered,rmt,1.0,2.6153791806491165,17.51249070112314,0.8323598489491574,24
2022-05-23,sector_baseline,baseline,sector,0.0,0.0,0.0,1.0346634489039466,24
2022-05-23,raw_pca_residual,raw_pca,raw_pca,14.0,2.6153791806491165,17.380079419694823,1.0916917035159053,24
2022-05-23,raw_pca_stabilized,raw_pca,raw_pca,14.0,2.6153791806491165,17.380079419694823,1.0916917035159053,24
2022-05-23,rmt_filtered_residual,rmt_filtered,rmt,1.0,2.6153791806491165,17.380079419694823,0.9217003302775609,24
2022-05-23,rmt_filtered_conservative,rmt_filtered,rmt,1.0,2.6153791806491165,17.380079419694823,0.9217003302775609,24
2022-05-24,sector_baseline,baseline,sector,0.0,0.0,0.0,0.7389989225129386,24
2022-05-24,raw_pca_residual,raw_pca,raw_pca,14.0,2.6153791806491165,17.345436103598118,0.8914917431521653,24
2022-05-24,raw_pca_stabilized,raw_pca,raw_pca,14.0,2.6153791806491165,17.345436103598118,0.8914917431521653,24
2022-05-24,rmt_filtered_residual,rmt_filtered,rmt,1.0,2.6153791806491165,17.345436103598118,0.8017324898564467,24
2022-05-24,rmt_filtered_conservative,rmt_filtered,rmt,1.0,2.6153791806491165,17.345436103598118,0.8017324898564467,24
2022-05-25,sector_baseline,baseline,sector,0.0,0.0,0.0,0.9545266502227262,24
2022-05-25,raw_pca_residual,raw_pca,raw_pca,14.0,2.6153791806491165,17.57013121650467,0.6506367927224149,24
2022-05-25,raw_pca_stabilized,raw_pca,raw_pca,14.0,2.6153791806491165,17.57013121650467,0.6506367927224149,24
2022-05-25,rmt_filtered_residual,rmt_filtered,rmt,1.0,2.6153791806491165,17.57013121650467,0.8737420304162097,24
2022-05-25,rmt_filtered_conservative,rmt_filtered,rmt,1.0,2.6153791806491165,17.57013121650467,0.8737420304162097,24
2022-05-26,sector_baseline,baseline,sector,0.0,0.0,0.0,0.8321992880496115,24
2022-05-26,raw_pca_residual,raw_pca,raw_pca,14.0,2.6153791806491165,17.603760139953224,0.8679090803118532,24
2022-05-26,raw_pca_stabilized,raw_pca,raw_pca,14.0,2.6153791806491165,17.603760139953224,0.8679090803118532,24
2022-05-26,rmt_filtered_residual,rmt_filtered,rmt,1.0,2.6153791806491165,17.603760139953224,0.8030548838113344,24
2022-05-26,rmt_filtered_conservative,rmt_filtered,rmt,1.0,2.6153791806491165,17.603760139953224,0.8030548838113344,24
2022-05-27,sector_baseline,baseline,sector,0.0,0.0,0.0,0.7328930129236563,24
2022-05-27,raw_pca_residual,raw_pca,raw_pca,14.0,2.6153791806491165,17.622654604283365,0.5496702977061237,24
2022-05-27,raw_pca_stabilized,raw_pca,raw_pca,14.0,2.6153791806491165,17.622654604283365,0.5496702977061237,24
2022-05-27,rmt_filtered_residual,rmt_filtered,rmt,1.0,2.6153791806491165,17.622654604283365,0.6901522014582092,24
2022-05-27,rmt_filtered_conservative,rmt_filtered,rmt,1.0,2.6153791806491165,17.622654604283365,0.6901522014582092,24
2022-05-30,sector_baseline,baseline,sector,0.0,0.0,0.0,0.8944239231846796,24
2022-05-30,raw_pca_residual,raw_pca,raw_pca,14.0,2.6153791806491165,17.609057417162965,0.6992836007055582,24
2022-05-30,raw_pca_stabilized,raw_pca,raw_pca,14.0,2.6153791806491165,17.609057417162965,0.6992836007055582,24
2022-05-30,rmt_filtered_residual,rmt_filtered,rmt,1.0,2.6153791806491165,17.609057417162965,0.8133130726421528,24
2022-05-30,rmt_filtered_conservative,rmt_filtered,rmt,1.0,2.6153791806491165,17.609057417162965,0.8133130726421528,24
2022-05-31,sector_baseline,baseline,sector,0.0,0.0,0.0,0.915959457440985,24
2022-05-31,raw_pca_residual,raw_pca,raw_pca,14.0,2.6153791806491165,17.547277094734604,0.7437792746397901,24
2022-05-31,raw_pca_stabilized,raw_pca,raw_pca,14.0,2.6153791806491165,17.547277094734604,0.7437792746397901,24
2022-05-31,rmt_filtered_residual,rmt_filtered,rmt,1.0,2.6153791806491165,17.547277094734604,0.885641169531293,24
2022-05-31,rmt_filtered_conservative,rmt_filtered,rmt,1.0,2.6153791806491165,17.547277094734604,0.885641169531293,24
2022-06-01,sector_baseline,baseline,sector,0.0,0.0,0.0,0.7096535230967063,24
2022-06-01,raw_pca_residual,raw_pca,raw_pca,14.0,2.6153791806491165,17.530628885636187,0.8583749990898336,24
2022-06-01,raw_pca_stabilized,raw_pca,raw_pca,14.0,2.6153791806491165,17.530628885636187,0.8583749990898336,24
2022-06-01,rmt_filtered_residual,rmt_filtered,rmt,1.0,2.6153791806491165,17.530628885636187,0.8657540393788001,24
2022-06-01,rmt_filtered_conservative,rmt_filtered,rmt,1.0,2.6153791806491165,17.530628885636187,0.8657540393788001,24
2022-06-02,sector_baseline,baseline,sector,0.0,0.0,0.0,0.9116923375644511,24
2022-06-02,raw_pca_residual,raw_pca,raw_pca,14.0,2.6153791806491165,17.444066796150896,0.6752767360799025,24
2022-06-02,raw_pca_stabilized,raw_pca,raw_pca,14.0,2.6153791806491165,17.444066796150896,0.6752767360799025,24
2022-06-02,rmt_filtered_residual,rmt_filtered,rmt,1.0,2.6153791806491165,17.444066796150896,0.913537034430643,24
2022-06-02,rmt_filtered_conservative,rmt_filtered,rmt,1.0,2.6153791806491165,17.444066796150896,0.913537034430643,24
2022-06-03,sector_baseline,baseline,sector,0.0,0.0,0.0,0.40735328664122655,24
2022-06-03,raw_pca_residual,raw_pca,raw_pca,14.0,2.6153791806491165,17.382257502086098,0.6812713150663106,24
2022-06-03,raw_pca_stabilized,raw_pca,raw_pca,14.0,2.6153791806491165,17.382257502086098,0.6812713150663106,24
2022-06-03,rmt_filtered_residual,rmt_filtered,rmt,1.0,2.6153791806491165,17.382257502086098,0.6189854025748603,24
2022-06-03,rmt_filtered_conservative,rmt_filtered,rmt,1.0,2.6153791806491165,17.382257502086098,0.6189854025748603,24
2022-06-06,sector_baseline,baseline,sector,0.0,0.0,0.0,0.6514865969594744,24
2022-06-06,raw_pca_residual,raw_pca,raw_pca,14.0,2.6153791806491165,17.344134474206797,0.5957604494987389,24
2022-06-06,raw_pca_stabilized,raw_pca,raw_pca,14.0,2.6153791806491165,17.344134474206797,0.5957604494987389,24
2022-06-06,rmt_filtered_residual,rmt_filtered,rmt,1.0,2.6153791806491165,17.344134474206797,1.0735810840274083,24
2022-06-06,rmt_filtered_conservative,rmt_filtered,rmt,1.0,2.6153791806491165,17.344134474206797,1.0735810840274083,24
2022-06-07,sector_baseline,baseline,sector,0.0,0.0,0.0,0.6994245813019585,24
2022-06-07,raw_pca_residual,raw_pca,raw_pca,14.0,2.6153791806491165,17.341279054210347,0.7214992197039537,24
2022-06-07,raw_pca_stabilized,raw_pca,raw_pca,14.0,2.6153791806491165,17.341279054210347,0.7214992197039537,24
2022-06-07,rmt_filtered_residual,rmt_filtered,rmt,1.0,2.6153791806491165,17.341279054210347,0.7599431511683249,24
2022-06-07,rmt_filtered_conservative,rmt_filtered,rmt,1.0,2.6153791806491165,17.341279054210347,0.7599431511683249,24
2022-06-08,sector_baseline,baseline,sector,0.0,0.0,0.0,0.7229835228814182,24
2022-06-08,raw_pca_residual,raw_pca,raw_pca,14.0,2.6153791806491165,17.540021729840014,0.665196173268585,24
2022-06-08,raw_pca_stabilized,raw_pca,raw_pca,14.0,2.6153791806491165,17.540021729840014,0.665196173268585,24
2022-06-08,rmt_filtered_residual,rmt_filtered,rmt,1.0,2.6153791806491165,17.540021729840014,0.7151395605790679,24
2022-06-08,rmt_filtered_conservative,rmt_filtered,rmt,1.0,2.6153791806491165,17.540021729840014,0.7151395605790679,24
2022-06-09,sector_baseline,baseline,sector,0.0,0.0,0.0,0.8748858012447297,24
2022-06-09,raw_pca_residual,raw_pca,raw_pca,14.0,2.6153791806491165,17.603541989885276,0.9527832494772465,24
2022-06-09,raw_pca_stabilized,raw_pca,raw_pca,14.0,2.6153791806491165,17.603541989885276,0.9527832494772465,24
2022-06-09,rmt_filtered_residual,rmt_filtered,rmt,1.0,2.6153791806491165,17.603541989885276,0.8474520237632962,24
2022-06-09,rmt_filtered_conservative,rmt_filtered,rmt,1.0,2.6153791806491165,17.603541989885276,0.8474520237632962,24
2022-06-10,sector_baseline,baseline,sector,0.0,0.0,0.0,0.8210520853037458,24
2022-06-10,raw_pca_residual,raw_pca,raw_pca,14.0,2.6153791806491165,17.431632123610036,0.9757245400096393,24
2022-06-10,raw_pca_stabilized,raw_pca,raw_pca,14.0,2.6153791806491165,17.431632123610036,0.9757245400096393,24
2022-06-10,rmt_filtered_residual,rmt_filtered,rmt,1.0,2.6153791806491165,17.431632123610036,0.9499667385204832,24
2022-06-10,rmt_filtered_conservative,rmt_filtered,rmt,1.0,2.6153791806491165,17.431632123610036,0.9499667385204832,24
2022-06-13,sector_baseline,baseline,sector,0.0,0.0,0.0,0.742898553473864,24
2022-06-13,raw_pca_residual,raw_pca,raw_pca,14.0,2.6153791806491165,17.513416942711782,1.0142861361656703,24
2022-06-13,raw_pca_stabilized,raw_pca,raw_pca,14.0,2.6153791806491165,17.513416942711782,1.0142861361656703,24
2022-06-13,rmt_filtered_residual,rmt_filtered,rmt,1.0,2.6153791806491165,17.513416942711782,0.6946433190637896,24
2022-06-13,rmt_filtered_conservative,rmt_filtered,rmt,1.0,2.6153791806491165,17.513416942711782,0.6946433190637896,24
2022-06-14,sector_baseline,baseline,sector,0.0,0.0,0.0,0.7798788832491841,24
2022-06-14,raw_pca_residual,raw_pca,raw_pca,14.0,2.6153791806491165,17.64733128771817,0.901955785978582,24
2022-06-14,raw_pca_stabilized,raw_pca,raw_pca,14.0,2.6153791806491165,17.64733128771817,0.901955785978582,24
2022-06-14,rmt_filtered_residual,rmt_filtered,rmt,1.0,2.6153791806491165,17.64733128771817,0.7172135184899973,24
2022-06-14,rmt_filtered_conservative,rmt_filtered,rmt,1.0,2.6153791806491165,17.64733128771817,0.7172135184899973,24
2022-06-15,sector_baseline,baseline,sector,0.0,0.0,0.0,0.7395765994414237,24
2022-06-15,raw_pca_residual,raw_pca,raw_pca,14.0,2.6153791806491165,17.72562106924226,0.4960063824769952,24
2022-06-15,raw_pca_stabilized,raw_pca,raw_pca,14.0,2.6153791806491165,17.72562106924226,0.4960063824769952,24
2022-06-15,rmt_filtered_residual,rmt_filtered,rmt,1.0,2.6153791806491165,17.72562106924226,0.7911803101614329,24
2022-06-15,rmt_filtered_conservative,rmt_filtered,rmt,1.0,2.6153791806491165,17.72562106924226,0.7911803101614329,24
2022-06-16,sector_baseline,baseline,sector,0.0,0.0,0.0,0.7218743188517193,24
2022-06-16,raw_pca_residual,raw_pca,raw_pca,14.0,2.6153791806491165,17.686863573116042,0.7916236295084683,24
2022-06-16,raw_pca_stabilized,raw_pca,raw_pca,14.0,2.6153791806491165,17.686863573116042,0.7916236295084683,24
2022-06-16,rmt_filtered_residual,rmt_filtered,rmt,1.0,2.6153791806491165,17.686863573116042,0.6937429001136959,24
2022-06-16,rmt_filtered_conservative,rmt_filtered,rmt,1.0,2.6153791806491165,17.686863573116042,0.6937429001136959,24
2022-06-17,sector_baseline,baseline,sector,0.0,0.0,0.0,0.8452700662356684,24
2022-06-17,raw_pca_residual,raw_pca,raw_pca,14.0,2.6153791806491165,17.64117120616333,0.9618000815810189,24
2022-06-17,raw_pca_stabilized,raw_pca,raw_pca,14.0,2.6153791806491165,17.64117120616333,0.9618000815810189,24
2022-06-17,rmt_filtered_residual,rmt_filtered,rmt,1.0,2.6153791806491165,17.64117120616333,0.8452137308320684,24
2022-06-17,rmt_filtered_conservative,rmt_filtered,rmt,1.0,2.6153791806491165,17.64117120616333,0.8452137308320684,24
2022-06-20,sector_baseline,baseline,sector,0.0,0.0,0.0,0.9335562541882774,24
2022-06-20,raw_pca_residual,raw_pca,raw_pca,14.0,2.6153791806491165,17.46898513715868,1.1361406127563443,24
2022-06-20,raw_pca_stabilized,raw_pca,raw_pca,14.0,2.6153791806491165,17.46898513715868,1.1361406127563443,24
2022-06-20,rmt_filtered_residual,rmt_filtered,rmt,1.0,2.6153791806491165,17.46898513715868,0.773799756388637,24
2022-06-20,rmt_filtered_conservative,rmt_filtered,rmt,1.0,2.6153791806491165,17.46898513715868,0.773799756388637,24
2022-06-21,sector_baseline,baseline,sector,0.0,0.0,0.0,0.7480121353562424,24
2022-06-21,raw_pca_residual,raw_pca,raw_pca,14.0,2.6153791806491165,17.522112679142975,0.6813159670546506,24
2022-06-21,raw_pca_stabilized,raw_pca,raw_pca,14.0,2.6153791806491165,17.522112679142975,0.6813159670546506,24
2022-06-21,rmt_filtered_residual,rmt_filtered,rmt,1.0,2.6153791806491165,17.522112679142975,0.7531765778709341,24
2022-06-21,rmt_filtered_conservative,rmt_filtered,rmt,1.0,2.6153791806491165,17.522112679142975,0.7531765778709341,24
2022-06-22,sector_baseline,baseline,sector,0.0,0.0,0.0,0.7296034336499281,24
2022-06-22,raw_pca_residual,raw_pca,raw_pca,14.0,2.6153791806491165,17.552292625935692,1.1961532800636059,24
2022-06-22,raw_pca_stabilized,raw_pca,raw_pca,14.0,2.6153791806491165,17.552292625935692,1.1961532800636059,24
2022-06-22,rmt_filtered_residual,rmt_filtered,rmt,1.0,2.6153791806491165,17.552292625935692,0.7905574884235772,24
2022-06-22,rmt_filtered_conservative,rmt_filtered,rmt,1.0,2.6153791806491165,17.552292625935692,0.7905574884235772,24
2022-06-23,sector_baseline,baseline,sector,0.0,0.0,0.0,0.8076229569493174,24
2022-06-23,raw_pca_residual,raw_pca,raw_pca,14.0,2.6153791806491165,17.394942785057957,0.9172921576358002,24
2022-06-23,raw_pca_stabilized,raw_pca,raw_pca,14.0,2.6153791806491165,17.394942785057957,0.9172921576358002,24
2022-06-23,rmt_filtered_residual,rmt_filtered,rmt,1.0,2.6153791806491165,17.394942785057957,0.8240713022400158,24
2022-06-23,rmt_filtered_conservative,rmt_filtered,rmt,1.0,2.6153791806491165,17.394942785057957,0.8240713022400158,24
2022-06-24,sector_baseline,baseline,sector,0.0,0.0,0.0,0.689140531218014,24
2022-06-24,raw_pca_residual,raw_pca,raw_pca,14.0,2.6153791806491165,17.721428846300945,0.9638225245648555,24
2022-06-24,raw_pca_stabilized,raw_pca,raw_pca,14.0,2.6153791806491165,17.721428846300945,0.9638225245648555,24
2022-06-24,rmt_filtered_residual,rmt_filtered,rmt,1.0,2.6153791806491165,17.721428846300945,0.597878724790359,24
2022-06-24,rmt_filtered_conservative,rmt_filtered,rmt,1.0,2.6153791806491165,17.721428846300945,0.597878724790359,24
2022-06-27,sector_baseline,baseline,sector,0.0,0.0,0.0,0.9437689125239901,24
2022-06-27,raw_pca_residual,raw_pca,raw_pca,14.0,2.6153791806491165,17.813734536228864,0.8569346364092242,24
2022-06-27,raw_pca_stabilized,raw_pca,raw_pca,14.0,2.6153791806491165,17.813734536228864,0.8569346364092242,24
2022-06-27,rmt_filtered_residual,rmt_filtered,rmt,1.0,2.6153791806491165,17.813734536228864,0.8935223701809211,24
2022-06-27,rmt_filtered_conservative,rmt_filtered,rmt,1.0,2.6153791806491165,17.813734536228864,0.8935223701809211,24
2022-06-28,sector_baseline,baseline,sector,0.0,0.0,0.0,0.7875375008496132,24
2022-06-28,raw_pca_residual,raw_pca,raw_pca,14.0,2.6153791806491165,17.75714579163526,1.0792352331541266,24
2022-06-28,raw_pca_stabilized,raw_pca,raw_pca,14.0,2.6153791806491165,17.75714579163526,1.0792352331541266,24
2022-06-28,rmt_filtered_residual,rmt_filtered,rmt,1.0,2.6153791806491165,17.75714579163526,0.7038474882471459,24
2022-06-28,rmt_filtered_conservative,rmt_filtered,rmt,1.0,2.6153791806491165,17.75714579163526,0.7038474882471459,24
2022-06-29,sector_baseline,baseline,sector,0.0,0.0,0.0,0.5849892116748424,24
2022-06-29,raw_pca_residual,raw_pca,raw_pca,14.0,2.6153791806491165,17.833434646524697,0.7496624334300032,24
2022-06-29,raw_pca_stabilized,raw_pca,raw_pca,14.0,2.6153791806491165,17.833434646524697,0.7496624334300032,24
2022-06-29,rmt_filtered_residual,rmt_filtered,rmt,1.0,2.6153791806491165,17.833434646524697,0.863913390077187,24
2022-06-29,rmt_filtered_conservative,rmt_filtered,rmt,1.0,2.6153791806491165,17.833434646524697,0.863913390077187,24
2022-06-30,sector_baseline,baseline,sector,0.0,0.0,0.0,0.663099289044441,24
2022-06-30,raw_pca_residual,raw_pca,raw_pca,14.0,2.6153791806491165,17.87993508958981,0.8871980640860686,24
2022-06-30,raw_pca_stabilized,raw_pca,raw_pca,14.0,2.6153791806491165,17.87993508958981,0.8871980640860686,24
2022-06-30,rmt_filtered_residual,rmt_filtered,rmt,1.0,2.6153791806491165,17.87993508958981,0.645626157728887,24
2022-06-30,rmt_filtered_conservative,rmt_filtered,rmt,1.0,2.6153791806491165,17.87993508958981,0.645626157728887,24
2022-07-01,sector_baseline,baseline,sector,0.0,0.0,0.0,0.8231463791688022,24
2022-07-01,raw_pca_residual,raw_pca,raw_pca,14.0,2.6153791806491165,17.751162334896993,0.5129848688257385,24
2022-07-01,raw_pca_stabilized,raw_pca,raw_pca,14.0,2.6153791806491165,17.751162334896993,0.5129848688257385,24
2022-07-01,rmt_filtered_residual,rmt_filtered,rmt,1.0,2.6153791806491165,17.751162334896993,0.7927875205579934,24
2022-07-01,rmt_filtered_conservative,rmt_filtered,rmt,1.0,2.6153791806491165,17.751162334896993,0.7927875205579934,24
2022-07-04,sector_baseline,baseline,sector,0.0,0.0,0.0,0.9108534188410516,24
2022-07-04,raw_pca_residual,raw_pca,raw_pca,14.0,2.6153791806491165,17.804573074752025,0.9809438973787938,24
2022-07-04,raw_pca_stabilized,raw_pca,raw_pca,14.0,2.6153791806491165,17.804573074752025,0.9809438973787938,24
2022-07-04,rmt_filtered_residual,rmt_filtered,rmt,1.0,2.6153791806491165,17.804573074752025,0.8360568135345146,24
2022-07-04,rmt_filtered_conservative,rmt_filtered,rmt,1.0,2.6153791806491165,17.804573074752025,0.8360568135345146,24
2022-07-05,sector_baseline,baseline,sector,0.0,0.0,0.0,0.8628692637005543,24
2022-07-05,raw_pca_residual,raw_pca,raw_pca,14.0,2.6153791806491165,17.81111241732867,0.8126977799087219,24
2022-07-05,raw_pca_stabilized,raw_pca,raw_pca,14.0,2.6153791806491165,17.81111241732867,0.8126977799087219,24
2022-07-05,rmt_filtered_residual,rmt_filtered,rmt,1.0,2.6153791806491165,17.81111241732867,0.7529396976017143,24
2022-07-05,rmt_filtered_conservative,rmt_filtered,rmt,1.0,2.6153791806491165,17.81111241732867,0.7529396976017143,24
2022-07-06,sector_baseline,baseline,sector,0.0,0.0,0.0,0.930791881395101,24
2022-07-06,raw_pca_residual,raw_pca,raw_pca,14.0,2.6153791806491165,17.79818301965537,0.9878537958538152,24
2022-07-06,raw_pca_stabilized,raw_pca,raw_pca,14.0,2.6153791806491165,17.79818301965537,0.9878537958538152,24
2022-07-06,rmt_filtered_residual,rmt_filtered,rmt,1.0,2.6153791806491165,17.79818301965537,0.9392346974121525,24
2022-07-06,rmt_filtered_conservative,rmt_filtered,rmt,1.0,2.6153791806491165,17.79818301965537,0.9392346974121525,24
2022-07-07,sector_baseline,baseline,sector,0.0,0.0,0.0,0.7727832167889707,24
2022-07-07,raw_pca_residual,raw_pca,raw_pca,14.0,2.6153791806491165,17.850149565976558,0.6323943768445679,24
2022-07-07,raw_pca_stabilized,raw_pca,raw_pca,14.0,2.6153791806491165,17.850149565976558,0.6323943768445679,24
2022-07-07,rmt_filtered_residual,rmt_filtered,rmt,1.0,2.6153791806491165,17.850149565976558,0.7205481562488628,24
2022-07-07,rmt_filtered_conservative,rmt_filtered,rmt,1.0,2.6153791806491165,17.850149565976558,0.7205481562488628,24
2022-07-08,sector_baseline,baseline,sector,0.0,0.0,0.0,0.6960668554218069,24
2022-07-08,raw_pca_residual,raw_pca,raw_pca,14.0,2.6153791806491165,17.86480175547909,0.6730325173025911,24
2022-07-08,raw_pca_stabilized,raw_pca,raw_pca,14.0,2.6153791806491165,17.86480175547909,0.6730325173025911,24
2022-07-08,rmt_filtered_residual,rmt_filtered,rmt,1.0,2.6153791806491165,17.86480175547909,0.8012459764897212,24
2022-07-08,rmt_filtered_conservative,rmt_filtered,rmt,1.0,2.6153791806491165,17.86480175547909,0.8012459764897212,24
2022-07-11,sector_baseline,baseline,sector,0.0,0.0,0.0,0.8744971849488822,24
2022-07-11,raw_pca_residual,raw_pca,raw_pca,14.0,2.6153791806491165,17.747232266306536,0.8624123772824813,24
2022-07-11,raw_pca_stabilized,raw_pca,raw_pca,14.0,2.6153791806491165,17.747232266306536,0.8624123772824813,24
2022-07-11,rmt_filtered_residual,rmt_filtered,rmt,1.0,2.6153791806491165,17.747232266306536,0.8159263433352805,24
2022-07-11,rmt_filtered_conservative,rmt_filtered,rmt,1.0,2.6153791806491165,17.747232266306536,0.8159263433352805,24
2022-07-12,sector_baseline,baseline,sector,0.0,0.0,0.0,0.6751434886579135,24
2022-07-12,raw_pca_residual,raw_pca,raw_pca,14.0,2.6153791806491165,17.58217869612597,0.6752546766762753,24
2022-07-12,raw_pca_stabilized,raw_pca,raw_pca,14.0,2.6153791806491165,17.58217869612597,0.6752546766762753,24
2022-07-12,rmt_filtered_residual,rmt_filtered,rmt,1.0,2.6153791806491165,17.58217869612597,0.6433472844102329,24
2022-07-12,rmt_filtered_conservative,rmt_filtered,rmt,1.0,2.6153791806491165,17.58217869612597,0.6433472844102329,24
2022-07-13,sector_baseline,baseline,sector,0.0,0.0,0.0,0.9607055238072201,24
2022-07-13,raw_pca_residual,raw_pca,raw_pca,14.0,2.6153791806491165,17.372977430782143,0.83829345193883,24
2022-07-13,raw_pca_stabilized,raw_pca,raw_pca,14.0,2.6153791806491165,17.372977430782143,0.83829345193883,24
2022-07-13,rmt_filtered_residual,rmt_filtered,rmt,1.0,2.6153791806491165,17.372977430782143,0.9213868756510218,24
2022-07-13,rmt_filtered_conservative,rmt_filtered,rmt,1.0,2.6153791806491165,17.372977430782143,0.9213868756510218,24
2022-07-14,sector_baseline,baseline,sector,0.0,0.0,0.0,0.8259618841925804,24
2022-07-14,raw_pca_residual,raw_pca,raw_pca,14.0,2.6153791806491165,17.372800816829066,0.6768706899165142,24
2022-07-14,raw_pca_stabilized,raw_pca,raw_pca,14.0,2.6153791806491165,17.372800816829066,0.6768706899165142,24
2022-07-14,rmt_filtered_residual,rmt_filtered,rmt,1.0,2.6153791806491165,17.372800816829066,0.7879997157892481,24
2022-07-14,rmt_filtered_conservative,rmt_filtered,rmt,1.0,2.6153791806491165,17.372800816829066,0.7879997157892481,24
2022-07-15,sector_baseline,baseline,sector,0.0,0.0,0.0,0.6180360777522212,24
2022-07-15,raw_pca_residual,raw_pca,raw_pca,14.0,2.6153791806491165,17.51672137987448,0.4284090932608009,24
2022-07-15,raw_pca_stabilized,raw_pca,raw_pca,14.0,2.6153791806491165,17.51672137987448,0.4284090932608009,24
2022-07-15,rmt_filtered_residual,rmt_filtered,rmt,1.0,2.6153791806491165,17.51672137987448,0.6592672063420567,24
2022-07-15,rmt_filtered_conservative,rmt_filtered,rmt,1.0,2.6153791806491165,17.51672137987448,0.6592672063420567,24
2022-07-18,sector_baseline,baseline,sector,0.0,0.0,0.0,0.5844236297921446,24
2022-07-18,raw_pca_residual,raw_pca,raw_pca,14.0,2.6153791806491165,17.579748460323597,0.8964811297885308,24
2022-07-18,raw_pca_stabilized,raw_pca,raw_pca,14.0,2.6153791806491165,17.579748460323597,0.8964811297885308,24
2022-07-18,rmt_filtered_residual,rmt_filtered,rmt,1.0,2.6153791806491165,17.579748460323597,0.8427202317127573,24
2022-07-18,rmt_filtered_conservative,rmt_filtered,rmt,1.0,2.6153791806491165,17.579748460323597,0.8427202317127573,24
2022-07-19,sector_baseline,baseline,sector,0.0,0.0,0.0,0.809631434499816,24
2022-07-19,raw_pca_residual,raw_pca,raw_pca,14.0,2.6153791806491165,17.516741264340332,0.9741914111898794,24
2022-07-19,raw_pca_stabilized,raw_pca,raw_pca,14.0,2.6153791806491165,17.516741264340332,0.9741914111898794,24
2022-07-19,rmt_filtered_residual,rmt_filtered,rmt,1.0,2.6153791806491165,17.516741264340332,0.7746792367360401,24
2022-07-19,rmt_filtered_conservative,rmt_filtered,rmt,1.0,2.6153791806491165,17.516741264340332,0.7746792367360401,24
2022-07-20,sector_baseline,baseline,sector,0.0,0.0,0.0,0.8226911605171466,24
2022-07-20,raw_pca_residual,raw_pca,raw_pca,14.0,2.6153791806491165,17.474243637594526,1.0138507721181913,24
2022-07-20,raw_pca_stabilized,raw_pca,raw_pca,14.0,2.6153791806491165,17.474243637594526,1.0138507721181913,24
2022-07-20,rmt_filtered_residual,rmt_filtered,rmt,1.0,2.6153791806491165,17.474243637594526,0.8935286003591308,24
2022-07-20,rmt_filtered_conservative,rmt_filtered,rmt,1.0,2.6153791806491165,17.474243637594526,0.8935286003591308,24
2022-07-21,sector_baseline,baseline,sector,0.0,0.0,0.0,0.7335767937730537,24
2022-07-21,raw_pca_residual,raw_pca,raw_pca,14.0,2.6153791806491165,17.383718518834545,0.9226831909061447,24
2022-07-21,raw_pca_stabilized,raw_pca,raw_pca,14.0,2.6153791806491165,17.383718518834545,0.9226831909061447,24
2022-07-21,rmt_filtered_residual,rmt_filtered,rmt,1.0,2.6153791806491165,17.383718518834545,0.7683398920238451,24
2022-07-21,rmt_filtered_conservative,rmt_filtered,rmt,1.0,2.6153791806491165,17.383718518834545,0.7683398920238451,24
2022-07-22,sector_baseline,baseline,sector,0.0,0.0,0.0,0.7492551372784845,24
2022-07-22,raw_pca_residual,raw_pca,raw_pca,14.0,2.6153791806491165,17.175600332667965,0.8793891223041549,24
2022-07-22,raw_pca_stabilized,raw_pca,raw_pca,14.0,2.6153791806491165,17.175600332667965,0.8793891223041549,24
2022-07-22,rmt_filtered_residual,rmt_filtered,rmt,1.0,2.6153791806491165,17.175600332667965,0.8128668016440126,24
2022-07-22,rmt_filtered_conservative,rmt_filtered,rmt,1.0,2.6153791806491165,17.175600332667965,0.8128668016440126,24
2022-07-25,sector_baseline,baseline,sector,0.0,0.0,0.0,0.5860865361922376,24
2022-07-25,raw_pca_residual,raw_pca,raw_pca,14.0,2.6153791806491165,17.333553137311668,0.7331318042357755,24
2022-07-25,raw_pca_stabilized,raw_pca,raw_pca,14.0,2.6153791806491165,17.333553137311668,0.7331318042357755,24
2022-07-25,rmt_filtered_residual,rmt_filtered,rmt,1.0,2.6153791806491165,17.333553137311668,0.6089777009601418,24
2022-07-25,rmt_filtered_conservative,rmt_filtered,rmt,1.0,2.6153791806491165,17.333553137311668,0.6089777009601418,24
2022-07-26,sector_baseline,baseline,sector,0.0,0.0,0.0,0.8435512198550473,24
2022-07-26,raw_pca_residual,raw_pca,raw_pca,14.0,2.6153791806491165,17.611024673969883,0.7428685123269476,24
2022-07-26,raw_pca_stabilized,raw_pca,raw_pca,14.0,2.6153791806491165,17.611024673969883,0.7428685123269476,24
2022-07-26,rmt_filtered_residual,rmt_filtered,rmt,1.0,2.6153791806491165,17.611024673969883,0.7626629431307711,24
2022-07-26,rmt_filtered_conservative,rmt_filtered,rmt,1.0,2.6153791806491165,17.611024673969883,0.7626629431307711,24
2022-07-27,sector_baseline,baseline,sector,0.0,0.0,0.0,0.907506378599368,24
2022-07-27,raw_pca_residual,raw_pca,raw_pca,14.0,2.6153791806491165,17.590758401571904,0.8545746941071698,24
2022-07-27,raw_pca_stabilized,raw_pca,raw_pca,14.0,2.6153791806491165,17.590758401571904,0.8545746941071698,24
2022-07-27,rmt_filtered_residual,rmt_filtered,rmt,1.0,2.6153791806491165,17.590758401571904,0.7977917355393463,24
2022-07-27,rmt_filtered_conservative,rmt_filtered,rmt,1.0,2.6153791806491165,17.590758401571904,0.7977917355393463,24
2022-07-28,sector_baseline,baseline,sector,0.0,0.0,0.0,0.7390144330320023,24
2022-07-28,raw_pca_residual,raw_pca,raw_pca,14.0,2.6153791806491165,17.59883363421626,1.277945026203895,24
2022-07-28,raw_pca_stabilized,raw_pca,raw_pca,14.0,2.6153791806491165,17.59883363421626,1.277945026203895,24
2022-07-28,rmt_filtered_residual,rmt_filtered,rmt,1.0,2.6153791806491165,17.59883363421626,0.7846028060365949,24
2022-07-28,rmt_filtered_conservative,rmt_filtered,rmt,1.0,2.6153791806491165,17.59883363421626,0.7846028060365949,24
2022-07-29,sector_baseline,baseline,sector,0.0,0.0,0.0,0.9938660825739442,24
2022-07-29,raw_pca_residual,raw_pca,raw_pca,14.0,2.6153791806491165,17.576152340896407,0.907801649356896,24
2022-07-29,raw_pca_stabilized,raw_pca,raw_pca,14.0,2.6153791806491165,17.576152340896407,0.907801649356896,24
2022-07-29,rmt_filtered_residual,rmt_filtered,rmt,1.0,2.6153791806491165,17.576152340896407,0.9949034407979429,24
2022-07-29,rmt_filtered_conservative,rmt_filtered,rmt,1.0,2.6153791806491165,17.576152340896407,0.9949034407979429,24
2022-08-01,sector_baseline,baseline,sector,0.0,0.0,0.0,0.769942063903328,24
2022-08-01,raw_pca_residual,raw_pca,raw_pca,14.0,2.6153791806491165,17.82684547073812,0.7212570154293859,24
2022-08-01,raw_pca_stabilized,raw_pca,raw_pca,14.0,2.6153791806491165,17.82684547073812,0.7212570154293859,24
2022-08-01,rmt_filtered_residual,rmt_filtered,rmt,1.0,2.6153791806491165,17.82684547073812,0.6902409484833133,24
2022-08-01,rmt_filtered_conservative,rmt_filtered,rmt,1.0,2.6153791806491165,17.82684547073812,0.6902409484833133,24
2022-08-02,sector_baseline,baseline,sector,0.0,0.0,0.0,0.7251597778802732,24
2022-08-02,raw_pca_residual,raw_pca,raw_pca,14.0,2.6153791806491165,17.77222760227227,0.6195436217921735,24
2022-08-02,raw_pca_stabilized,raw_pca,raw_pca,14.0,2.6153791806491165,17.77222760227227,0.6195436217921735,24
2022-08-02,rmt_filtered_residual,rmt_filtered,rmt,1.0,2.6153791806491165,17.77222760227227,0.5771067844898486,24
2022-08-02,rmt_filtered_conservative,rmt_filtered,rmt,1.0,2.6153791806491165,17.77222760227227,0.5771067844898486,24
2022-08-03,sector_baseline,baseline,sector,0.0,0.0,0.0,0.707436116515462,24
2022-08-03,raw_pca_residual,raw_pca,raw_pca,14.0,2.6153791806491165,17.80354126577154,0.8027436221043396,24
2022-08-03,raw_pca_stabilized,raw_pca,raw_pca,14.0,2.6153791806491165,17.80354126577154,0.8027436221043396,24
2022-08-03,rmt_filtered_residual,rmt_filtered,rmt,1.0,2.6153791806491165,17.80354126577154,0.6503185054189367,24
2022-08-03,rmt_filtered_conservative,rmt_filtered,rmt,1.0,2.6153791806491165,17.80354126577154,0.6503185054189367,24
2022-08-04,sector_baseline,baseline,sector,0.0,0.0,0.0,0.6879298797454719,24
2022-08-04,raw_pca_residual,raw_pca,raw_pca,14.0,2.6153791806491165,17.664945692858918,0.5831182979488482,24
2022-08-04,raw_pca_stabilized,raw_pca,raw_pca,14.0,2.6153791806491165,17.664945692858918,0.5831182979488482,24
2022-08-04,rmt_filtered_residual,rmt_filtered,rmt,1.0,2.6153791806491165,17.664945692858918,0.8468779845263256,24
2022-08-04,rmt_filtered_conservative,rmt_filtered,rmt,1.0,2.6153791806491165,17.664945692858918,0.8468779845263256,24
2022-08-05,sector_baseline,baseline,sector,0.0,0.0,0.0,0.9312572123372599,24
2022-08-05,raw_pca_residual,raw_pca,raw_pca,14.0,2.6153791806491165,17.77488319381353,1.1059178091549853,24
2022-08-05,raw_pca_stabilized,raw_pca,raw_pca,14.0,2.6153791806491165,17.77488319381353,1.1059178091549853,24
2022-08-05,rmt_filtered_residual,rmt_filtered,rmt,1.0,2.6153791806491165,17.77488319381353,0.9417954880434566,24
2022-08-05,rmt_filtered_conservative,rmt_filtered,rmt,1.0,2.6153791806491165,17.77488319381353,0.9417954880434566,24
2022-08-08,sector_baseline,baseline,sector,0.0,0.0,0.0,0.9179634168736029,24
2022-08-08,raw_pca_residual,raw_pca,raw_pca,14.0,2.6153791806491165,17.786945248345777,0.711882834984139,24
2022-08-08,raw_pca_stabilized,raw_pca,raw_pca,14.0,2.6153791806491165,17.786945248345777,0.711882834984139,24
2022-08-08,rmt_filtered_residual,rmt_filtered,rmt,1.0,2.6153791806491165,17.786945248345777,0.8624411766075776,24
2022-08-08,rmt_filtered_conservative,rmt_filtered,rmt,1.0,2.6153791806491165,17.786945248345777,0.8624411766075776,24
2022-08-09,sector_baseline,baseline,sector,0.0,0.0,0.0,0.6020754527497746,24
2022-08-09,raw_pca_residual,raw_pca,raw_pca,14.0,2.6153791806491165,17.813152893267542,0.7118590248541409,24
2022-08-09,raw_pca_stabilized,raw_pca,raw_pca,14.0,2.6153791806491165,17.813152893267542,0.7118590248541409,24
2022-08-09,rmt_filtered_residual,rmt_filtered,rmt,1.0,2.6153791806491165,17.813152893267542,0.6279980692121633,24
2022-08-09,rmt_filtered_conservative,rmt_filtered,rmt,1.0,2.6153791806491165,17.813152893267542,0.6279980692121633,24
2022-08-10,sector_baseline,baseline,sector,0.0,0.0,0.0,0.8860011273845808,24
2022-08-10,raw_pca_residual,raw_pca,raw_pca,14.0,2.6153791806491165,17.831421930367476,0.6905720873324729,24
2022-08-10,raw_pca_stabilized,raw_pca,raw_pca,14.0,2.6153791806491165,17.831421930367476,0.6905720873324729,24
2022-08-10,rmt_filtered_residual,rmt_filtered,rmt,1.0,2.6153791806491165,17.831421930367476,0.8602399920471796,24
2022-08-10,rmt_filtered_conservative,rmt_filtered,rmt,1.0,2.6153791806491165,17.831421930367476,0.8602399920471796,24
2022-08-11,sector_baseline,baseline,sector,0.0,0.0,0.0,0.6675062489264233,24
2022-08-11,raw_pca_residual,raw_pca,raw_pca,14.0,2.6153791806491165,17.81984344711283,0.9481331284711935,24
2022-08-11,raw_pca_stabilized,raw_pca,raw_pca,14.0,2.6153791806491165,17.81984344711283,0.9481331284711935,24
2022-08-11,rmt_filtered_residual,rmt_filtered,rmt,1.0,2.6153791806491165,17.81984344711283,0.7949958016781519,24
2022-08-11,rmt_filtered_conservative,rmt_filtered,rmt,1.0,2.6153791806491165,17.81984344711283,0.7949958016781519,24
2022-08-12,sector_baseline,baseline,sector,0.0,0.0,0.0,0.6753453996248018,24
2022-08-12,raw_pca_residual,raw_pca,raw_pca,14.0,2.6153791806491165,17.76000326512539,0.768455088862832,24
2022-08-12,raw_pca_stabilized,raw_pca,raw_pca,14.0,2.6153791806491165,17.76000326512539,0.768455088862832,24
2022-08-12,rmt_filtered_residual,rmt_filtered,rmt,1.0,2.6153791806491165,17.76000326512539,0.6602700104814404,24
2022-08-12,rmt_filtered_conservative,rmt_filtered,rmt,1.0,2.6153791806491165,17.76000326512539,0.6602700104814404,24
2022-08-15,sector_baseline,baseline,sector,0.0,0.0,0.0,0.6279841067358634,24
2022-08-15,raw_pca_residual,raw_pca,raw_pca,14.0,2.6153791806491165,18.07431264660685,0.9069391559099643,24
2022-08-15,raw_pca_stabilized,raw_pca,raw_pca,14.0,2.6153791806491165,18.07431264660685,0.9069391559099643,24
2022-08-15,rmt_filtered_residual,rmt_filtered,rmt,1.0,2.6153791806491165,18.07431264660685,0.7370743480670651,24
2022-08-15,rmt_filtered_conservative,rmt_filtered,rmt,1.0,2.6153791806491165,18.07431264660685,0.7370743480670651,24
2022-08-16,sector_baseline,baseline,sector,0.0,0.0,0.0,0.9414324144257558,24
2022-08-16,raw_pca_residual,raw_pca,raw_pca,14.0,2.6153791806491165,18.078439663984764,1.0003140521472984,24
2022-08-16,raw_pca_stabilized,raw_pca,raw_pca,14.0,2.6153791806491165,18.078439663984764,1.0003140521472984,24
2022-08-16,rmt_filtered_residual,rmt_filtered,rmt,1.0,2.6153791806491165,18.078439663984764,0.927856455417559,24
2022-08-16,rmt_filtered_conservative,rmt_filtered,rmt,1.0,2.6153791806491165,18.078439663984764,0.927856455417559,24
2022-08-17,sector_baseline,baseline,sector,0.0,0.0,0.0,0.8468818541902361,24
2022-08-17,raw_pca_residual,raw_pca,raw_pca,14.0,2.6153791806491165,17.773704318271115,0.6862028010758574,24
2022-08-17,raw_pca_stabilized,raw_pca,raw_pca,14.0,2.6153791806491165,17.773704318271115,0.6862028010758574,24
2022-08-17,rmt_filtered_residual,rmt_filtered,rmt,1.0,2.6153791806491165,17.773704318271115,0.7282454163784515,24
2022-08-17,rmt_filtered_conservative,rmt_filtered,rmt,1.0,2.6153791806491165,17.773704318271115,0.7282454163784515,24
2022-08-18,sector_baseline,baseline,sector,0.0,0.0,0.0,0.8539797813415678,24
2022-08-18,raw_pca_residual,raw_pca,raw_pca,14.0,2.6153791806491165,17.788665738128795,0.803208439032934,24
2022-08-18,raw_pca_stabilized,raw_pca,raw_pca,14.0,2.6153791806491165,17.788665738128795,0.803208439032934,24
2022-08-18,rmt_filtered_residual,rmt_filtered,rmt,1.0,2.6153791806491165,17.788665738128795,0.9151516691236071,24
2022-08-18,rmt_filtered_conservative,rmt_filtered,rmt,1.0,2.6153791806491165,17.788665738128795,0.9151516691236071,24
2022-08-19,sector_baseline,baseline,sector,0.0,0.0,0.0,0.8935325603840969,24
2022-08-19,raw_pca_residual,raw_pca,raw_pca,14.0,2.6153791806491165,17.87828359516019,0.9709405752264938,24
2022-08-19,raw_pca_stabilized,raw_pca,raw_pca,14.0,2.6153791806491165,17.87828359516019,0.9709405752264938,24
2022-08-19,rmt_filtered_residual,rmt_filtered,rmt,1.0,2.6153791806491165,17.87828359516019,0.813382343992155,24
2022-08-19,rmt_filtered_conservative,rmt_filtered,rmt,1.0,2.6153791806491165,17.87828359516019,0.813382343992155,24
2022-08-22,sector_baseline,baseline,sector,0.0,0.0,0.0,0.953717381146164,24
2022-08-22,raw_pca_residual,raw_pca,raw_pca,14.0,2.6153791806491165,17.79805579608696,0.9971490908736304,24
2022-08-22,raw_pca_stabilized,raw_pca,raw_pca,14.0,2.6153791806491165,17.79805579608696,0.9971490908736304,24
2022-08-22,rmt_filtered_residual,rmt_filtered,rmt,1.0,2.6153791806491165,17.79805579608696,0.8858326257734559,24
2022-08-22,rmt_filtered_conservative,rmt_filtered,rmt,1.0,2.6153791806491165,17.79805579608696,0.8858326257734559,24
2022-08-23,sector_baseline,baseline,sector,0.0,0.0,0.0,0.7557370750056567,24
2022-08-23,raw_pca_residual,raw_pca,raw_pca,14.0,2.6153791806491165,17.711496361708804,0.7029321968314202,24
2022-08-23,raw_pca_stabilized,raw_pca,raw_pca,14.0,2.6153791806491165,17.711496361708804,0.7029321968314202,24
2022-08-23,rmt_filtered_residual,rmt_filtered,rmt,1.0,2.6153791806491165,17.711496361708804,1.1061163947202395,24
2022-08-23,rmt_filtered_conservative,rmt_filtered,rmt,1.0,2.6153791806491165,17.711496361708804,1.1061163947202395,24
2022-08-24,sector_baseline,baseline,sector,0.0,0.0,0.0,0.8854556765934368,24
2022-08-24,raw_pca_residual,raw_pca,raw_pca,14.0,2.6153791806491165,17.655864024917374,0.8107701744626507,24
2022-08-24,raw_pca_stabilized,raw_pca,raw_pca,14.0,2.6153791806491165,17.655864024917374,0.8107701744626507,24
2022-08-24,rmt_filtered_residual,rmt_filtered,rmt,1.0,2.6153791806491165,17.655864024917374,0.8334159256756247,24
2022-08-24,rmt_filtered_conservative,rmt_filtered,rmt,1.0,2.6153791806491165,17.655864024917374,0.8334159256756247,24
2022-08-25,sector_baseline,baseline,sector,0.0,0.0,0.0,0.7766504682280778,24
2022-08-25,raw_pca_residual,raw_pca,raw_pca,14.0,2.6153791806491165,17.650834947663455,0.6654746673733679,24
2022-08-25,raw_pca_stabilized,raw_pca,raw_pca,14.0,2.6153791806491165,17.650834947663455,0.6654746673733679,24
2022-08-25,rmt_filtered_residual,rmt_filtered,rmt,1.0,2.6153791806491165,17.650834947663455,0.7490988541633458,24
2022-08-25,rmt_filtered_conservative,rmt_filtered,rmt,1.0,2.6153791806491165,17.650834947663455,0.7490988541633458,24
2022-08-26,sector_baseline,baseline,sector,0.0,0.0,0.0,0.8171975053129145,24
2022-08-26,raw_pca_residual,raw_pca,raw_pca,14.0,2.6153791806491165,17.84123642278219,1.1283315202760429,24
2022-08-26,raw_pca_stabilized,raw_pca,raw_pca,14.0,2.6153791806491165,17.84123642278219,1.1283315202760429,24
2022-08-26,rmt_filtered_residual,rmt_filtered,rmt,1.0,2.6153791806491165,17.84123642278219,0.7924855533582189,24
2022-08-26,rmt_filtered_conservative,rmt_filtered,rmt,1.0,2.6153791806491165,17.84123642278219,0.7924855533582189,24
2022-08-29,sector_baseline,baseline,sector,0.0,0.0,0.0,0.7537458222755196,24
2022-08-29,raw_pca_residual,raw_pca,raw_pca,14.0,2.6153791806491165,17.82706524962544,0.8996535593718672,24
2022-08-29,raw_pca_stabilized,raw_pca,raw_pca,14.0,2.6153791806491165,17.82706524962544,0.8996535593718672,24
2022-08-29,rmt_filtered_residual,rmt_filtered,rmt,1.0,2.6153791806491165,17.82706524962544,0.7917174645811125,24
2022-08-29,rmt_filtered_conservative,rmt_filtered,rmt,1.0,2.6153791806491165,17.82706524962544,0.7917174645811125,24
2022-08-30,sector_baseline,baseline,sector,0.0,0.0,0.0,0.953498641078005,24
2022-08-30,raw_pca_residual,raw_pca,raw_pca,14.0,2.6153791806491165,17.86510588119174,0.8119174001433169,24
2022-08-30,raw_pca_stabilized,raw_pca,raw_pca,14.0,2.6153791806491165,17.86510588119174,0.8119174001433169,24
2022-08-30,rmt_filtered_residual,rmt_filtered,rmt,1.0,2.6153791806491165,17.86510588119174,0.9468499686066721,24
2022-08-30,rmt_filtered_conservative,rmt_filtered,rmt,1.0,2.6153791806491165,17.86510588119174,0.9468499686066721,24
2022-08-31,sector_baseline,baseline,sector,0.0,0.0,0.0,0.6662191452588778,24
2022-08-31,raw_pca_residual,raw_pca,raw_pca,14.0,2.6153791806491165,17.990351817614687,0.5727833150795173,24
2022-08-31,raw_pca_stabilized,raw_pca,raw_pca,14.0,2.6153791806491165,17.990351817614687,0.5727833150795173,24
2022-08-31,rmt_filtered_residual,rmt_filtered,rmt,1.0,2.6153791806491165,17.990351817614687,0.5949523567343572,24
2022-08-31,rmt_filtered_conservative,rmt_filtered,rmt,1.0,2.6153791806491165,17.990351817614687,0.5949523567343572,24
2022-09-01,sector_baseline,baseline,sector,0.0,0.0,0.0,0.6772652107249332,24
2022-09-01,raw_pca_residual,raw_pca,raw_pca,14.0,2.6153791806491165,17.95391629823387,0.6637499696025769,24
2022-09-01,raw_pca_stabilized,raw_pca,raw_pca,14.0,2.6153791806491165,17.95391629823387,0.6637499696025769,24
2022-09-01,rmt_filtered_residual,rmt_filtered,rmt,1.0,2.6153791806491165,17.95391629823387,0.6686315832099278,24
2022-09-01,rmt_filtered_conservative,rmt_filtered,rmt,1.0,2.6153791806491165,17.95391629823387,0.6686315832099278,24
2022-09-02,sector_baseline,baseline,sector,0.0,0.0,0.0,1.0341771624502325,24
2022-09-02,raw_pca_residual,raw_pca,raw_pca,14.0,2.6153791806491165,17.947296773834367,0.9103752922714047,24
2022-09-02,raw_pca_stabilized,raw_pca,raw_pca,14.0,2.6153791806491165,17.947296773834367,0.9103752922714047,24
2022-09-02,rmt_filtered_residual,rmt_filtered,rmt,1.0,2.6153791806491165,17.947296773834367,0.992969085069293,24
2022-09-02,rmt_filtered_conservative,rmt_filtered,rmt,1.0,2.6153791806491165,17.947296773834367,0.992969085069293,24
2022-09-05,sector_baseline,baseline,sector,0.0,0.0,0.0,0.7445585869325623,24
2022-09-05,raw_pca_residual,raw_pca,raw_pca,14.0,2.6153791806491165,17.84448615670006,1.141941419307051,24
2022-09-05,raw_pca_stabilized,raw_pca,raw_pca,14.0,2.6153791806491165,17.84448615670006,1.141941419307051,24
2022-09-05,rmt_filtered_residual,rmt_filtered,rmt,1.0,2.6153791806491165,17.84448615670006,0.7258986781349243,24
2022-09-05,rmt_filtered_conservative,rmt_filtered,rmt,1.0,2.6153791806491165,17.84448615670006,0.7258986781349243,24
2022-09-06,sector_baseline,baseline,sector,0.0,0.0,0.0,0.792759738056778,24
2022-09-06,raw_pca_residual,raw_pca,raw_pca,14.0,2.6153791806491165,17.96960601543127,0.40602618762817694,24
2022-09-06,raw_pca_stabilized,raw_pca,raw_pca,14.0,2.6153791806491165,17.96960601543127,0.40602618762817694,24
2022-09-06,rmt_filtered_residual,rmt_filtered,rmt,1.0,2.6153791806491165,17.96960601543127,0.8327346454507013,24
2022-09-06,rmt_filtered_conservative,rmt_filtered,rmt,1.0,2.6153791806491165,17.96960601543127,0.8327346454507013,24
2022-09-07,sector_baseline,baseline,sector,0.0,0.0,0.0,0.621650349764494,24
2022-09-07,raw_pca_residual,raw_pca,raw_pca,14.0,2.6153791806491165,18.072991189086704,0.6957448273652775,24
2022-09-07,raw_pca_stabilized,raw_pca,raw_pca,14.0,2.6153791806491165,18.072991189086704,0.6957448273652775,24
2022-09-07,rmt_filtered_residual,rmt_filtered,rmt,1.0,2.6153791806491165,18.072991189086704,0.6616654126009577,24
2022-09-07,rmt_filtered_conservative,rmt_filtered,rmt,1.0,2.6153791806491165,18.072991189086704,0.6616654126009577,24
2022-09-08,sector_baseline,baseline,sector,0.0,0.0,0.0,0.6913547467278387,24
2022-09-08,raw_pca_residual,raw_pca,raw_pca,14.0,2.6153791806491165,18.01271757401988,1.131695817888798,24
2022-09-08,raw_pca_stabilized,raw_pca,raw_pca,14.0,2.6153791806491165,18.01271757401988,1.131695817888798,24
2022-09-08,rmt_filtered_residual,rmt_filtered,rmt,1.0,2.6153791806491165,18.01271757401988,0.6493217580064484,24
2022-09-08,rmt_filtered_conservative,rmt_filtered,rmt,1.0,2.6153791806491165,18.01271757401988,0.6493217580064484,24
2022-09-09,sector_baseline,baseline,sector,0.0,0.0,0.0,0.7068835531759105,24
2022-09-09,raw_pca_residual,raw_pca,raw_pca,14.0,2.6153791806491165,17.926417048889288,0.6068799205865099,24
2022-09-09,raw_pca_stabilized,raw_pca,raw_pca,14.0,2.6153791806491165,17.926417048889288,0.6068799205865099,24
2022-09-09,rmt_filtered_residual,rmt_filtered,rmt,1.0,2.6153791806491165,17.926417048889288,0.6921053211027738,24
2022-09-09,rmt_filtered_conservative,rmt_filtered,rmt,1.0,2.6153791806491165,17.926417048889288,0.6921053211027738,24
2022-09-12,sector_baseline,baseline,sector,0.0,0.0,0.0,0.8154168737045212,24
2022-09-12,raw_pca_residual,raw_pca,raw_pca,14.0,2.6153791806491165,17.80367533835434,0.8534871689732935,24
2022-09-12,raw_pca_stabilized,raw_pca,raw_pca,14.0,2.6153791806491165,17.80367533835434,0.8534871689732935,24
2022-09-12,rmt_filtered_residual,rmt_filtered,rmt,1.0,2.6153791806491165,17.80367533835434,0.7118371752822555,24
2022-09-12,rmt_filtered_conservative,rmt_filtered,rmt,1.0,2.6153791806491165,17.80367533835434,0.7118371752822555,24
2022-09-13,sector_baseline,baseline,sector,0.0,0.0,0.0,0.8259073038875342,24
2022-09-13,raw_pca_residual,raw_pca,raw_pca,14.0,2.6153791806491165,17.843906572039575,0.7297127823993463,24
2022-09-13,raw_pca_stabilized,raw_pca,raw_pca,14.0,2.6153791806491165,17.843906572039575,0.7297127823993463,24
2022-09-13,rmt_filtered_residual,rmt_filtered,rmt,1.0,2.6153791806491165,17.843906572039575,0.8698915412475589,24
2022-09-13,rmt_filtered_conservative,rmt_filtered,rmt,1.0,2.6153791806491165,17.843906572039575,0.8698915412475589,24
2022-09-14,sector_baseline,baseline,sector,0.0,0.0,0.0,0.6761523252325299,24
2022-09-14,raw_pca_residual,raw_pca,raw_pca,14.0,2.6153791806491165,17.87514916755155,0.8982053911755025,24
2022-09-14,raw_pca_stabilized,raw_pca,raw_pca,14.0,2.6153791806491165,17.87514916755155,0.8982053911755025,24
2022-09-14,rmt_filtered_residual,rmt_filtered,rmt,1.0,2.6153791806491165,17.87514916755155,1.0246804173955288,24
2022-09-14,rmt_filtered_conservative,rmt_filtered,rmt,1.0,2.6153791806491165,17.87514916755155,1.0246804173955288,24
2022-09-15,sector_baseline,baseline,sector,0.0,0.0,0.0,0.9234602222515343,24
2022-09-15,raw_pca_residual,raw_pca,raw_pca,14.0,2.6153791806491165,17.848050992743875,0.49258749819449865,24
2022-09-15,raw_pca_stabilized,raw_pca,raw_pca,14.0,2.6153791806491165,17.848050992743875,0.49258749819449865,24
2022-09-15,rmt_filtered_residual,rmt_filtered,rmt,1.0,2.6153791806491165,17.848050992743875,1.0710462594355967,24
2022-09-15,rmt_filtered_conservative,rmt_filtered,rmt,1.0,2.6153791806491165,17.848050992743875,1.0710462594355967,24
2022-09-16,sector_baseline,baseline,sector,0.0,0.0,0.0,0.7251441960874742,24
2022-09-16,raw_pca_residual,raw_pca,raw_pca,14.0,2.6153791806491165,17.608917673131145,0.8970328417170891,24
2022-09-16,raw_pca_stabilized,raw_pca,raw_pca,14.0,2.6153791806491165,17.608917673131145,0.8970328417170891,24
2022-09-16,rmt_filtered_residual,rmt_filtered,rmt,1.0,2.6153791806491165,17.608917673131145,0.8464045834015929,24
2022-09-16,rmt_filtered_conservative,rmt_filtered,rmt,1.0,2.6153791806491165,17.608917673131145,0.8464045834015929,24
2022-09-19,sector_baseline,baseline,sector,0.0,0.0,0.0,0.9366476341661549,24
2022-09-19,raw_pca_residual,raw_pca,raw_pca,14.0,2.6153791806491165,17.399484430241248,1.149552429733925,24
2022-09-19,raw_pca_stabilized,raw_pca,raw_pca,14.0,2.6153791806491165,17.399484430241248,1.149552429733925,24
2022-09-19,rmt_filtered_residual,rmt_filtered,rmt,1.0,2.6153791806491165,17.399484430241248,1.038743447376066,24
2022-09-19,rmt_filtered_conservative,rmt_filtered,rmt,1.0,2.6153791806491165,17.399484430241248,1.038743447376066,24
2022-09-20,sector_baseline,baseline,sector,0.0,0.0,0.0,0.8812191407523006,24
2022-09-20,raw_pca_residual,raw_pca,raw_pca,14.0,2.6153791806491165,17.40928778543572,0.5949772245727724,24
2022-09-20,raw_pca_stabilized,raw_pca,raw_pca,14.0,2.6153791806491165,17.40928778543572,0.5949772245727724,24
2022-09-20,rmt_filtered_residual,rmt_filtered,rmt,1.0,2.6153791806491165,17.40928778543572,0.8356275291105165,24
2022-09-20,rmt_filtered_conservative,rmt_filtered,rmt,1.0,2.6153791806491165,17.40928778543572,0.8356275291105165,24
2022-09-21,sector_baseline,baseline,sector,0.0,0.0,0.0,0.8250214450720755,24
2022-09-21,raw_pca_residual,raw_pca,raw_pca,14.0,2.6153791806491165,17.074122989192585,1.2505124920031456,24
2022-09-21,raw_pca_stabilized,raw_pca,raw_pca,14.0,2.6153791806491165,17.074122989192585,1.2505124920031456,24
2022-09-21,rmt_filtered_residual,rmt_filtered,rmt,1.0,2.6153791806491165,17.074122989192585,0.7637645636539808,24
2022-09-21,rmt_filtered_conservative,rmt_filtered,rmt,1.0,2.6153791806491165,17.074122989192585,0.7637645636539808,24
2022-09-22,sector_baseline,baseline,sector,0.0,0.0,0.0,0.6797834448088483,24
2022-09-22,raw_pca_residual,raw_pca,raw_pca,14.0,2.6153791806491165,16.87940352463064,0.5760528687239789,24
2022-09-22,raw_pca_stabilized,raw_pca,raw_pca,14.0,2.6153791806491165,16.87940352463064,0.5760528687239789,24
2022-09-22,rmt_filtered_residual,rmt_filtered,rmt,1.0,2.6153791806491165,16.87940352463064,0.848090295507085,24
2022-09-22,rmt_filtered_conservative,rmt_filtered,rmt,1.0,2.6153791806491165,16.87940352463064,0.848090295507085,24
2022-09-23,sector_baseline,baseline,sector,0.0,0.0,0.0,1.0253991640193514,24
2022-09-23,raw_pca_residual,raw_pca,raw_pca,14.0,2.6153791806491165,16.930471004236512,1.1882496465933776,24
2022-09-23,raw_pca_stabilized,raw_pca,raw_pca,14.0,2.6153791806491165,16.930471004236512,1.1882496465933776,24
2022-09-23,rmt_filtered_residual,rmt_filtered,rmt,1.0,2.6153791806491165,16.930471004236512,0.9606761410619389,24
2022-09-23,rmt_filtered_conservative,rmt_filtered,rmt,1.0,2.6153791806491165,16.930471004236512,0.9606761410619389,24
2022-09-26,sector_baseline,baseline,sector,0.0,0.0,0.0,0.8213782919347569,24
2022-09-26,raw_pca_residual,raw_pca,raw_pca,14.0,2.6153791806491165,16.692180318444194,1.069031716351273,24
2022-09-26,raw_pca_stabilized,raw_pca,raw_pca,14.0,2.6153791806491165,16.692180318444194,1.069031716351273,24
2022-09-26,rmt_filtered_residual,rmt_filtered,rmt,1.0,2.6153791806491165,16.692180318444194,0.810108754039358,24
2022-09-26,rmt_filtered_conservative,rmt_filtered,rmt,1.0,2.6153791806491165,16.692180318444194,0.810108754039358,24
2022-09-27,sector_baseline,baseline,sector,0.0,0.0,0.0,0.7736479370463779,24
2022-09-27,raw_pca_residual,raw_pca,raw_pca,14.0,2.6153791806491165,16.643811398792618,0.7317050767823764,24
2022-09-27,raw_pca_stabilized,raw_pca,raw_pca,14.0,2.6153791806491165,16.643811398792618,0.7317050767823764,24
2022-09-27,rmt_filtered_residual,rmt_filtered,rmt,1.0,2.6153791806491165,16.643811398792618,0.9296445138280124,24
2022-09-27,rmt_filtered_conservative,rmt_filtered,rmt,1.0,2.6153791806491165,16.643811398792618,0.9296445138280124,24
2022-09-28,sector_baseline,baseline,sector,0.0,0.0,0.0,0.8523334824156269,24
2022-09-28,raw_pca_residual,raw_pca,raw_pca,14.0,2.6153791806491165,16.949728492318567,0.7549170356765492,24
2022-09-28,raw_pca_stabilized,raw_pca,raw_pca,14.0,2.6153791806491165,16.949728492318567,0.7549170356765492,24
2022-09-28,rmt_filtered_residual,rmt_filtered,rmt,1.0,2.6153791806491165,16.949728492318567,0.643662776592348,24
2022-09-28,rmt_filtered_conservative,rmt_filtered,rmt,1.0,2.6153791806491165,16.949728492318567,0.643662776592348,24
2022-09-29,sector_baseline,baseline,sector,0.0,0.0,0.0,0.6508199376625665,24
2022-09-29,raw_pca_residual,raw_pca,raw_pca,14.0,2.6153791806491165,16.856506600158816,0.7838067018057737,24
2022-09-29,raw_pca_stabilized,raw_pca,raw_pca,14.0,2.6153791806491165,16.856506600158816,0.7838067018057737,24
2022-09-29,rmt_filtered_residual,rmt_filtered,rmt,1.0,2.6153791806491165,16.856506600158816,0.8023785055021061,24
2022-09-29,rmt_filtered_conservative,rmt_filtered,rmt,1.0,2.6153791806491165,16.856506600158816,0.8023785055021061,24
2022-09-30,sector_baseline,baseline,sector,0.0,0.0,0.0,0.9347654796661707,24
2022-09-30,raw_pca_residual,raw_pca,raw_pca,14.0,2.6153791806491165,16.876281605170554,0.9729483927988231,24
2022-09-30,raw_pca_stabilized,raw_pca,raw_pca,14.0,2.6153791806491165,16.876281605170554,0.9729483927988231,24
2022-09-30,rmt_filtered_residual,rmt_filtered,rmt,1.0,2.6153791806491165,16.876281605170554,0.9337428035258363,24
2022-09-30,rmt_filtered_conservative,rmt_filtered,rmt,1.0,2.6153791806491165,16.876281605170554,0.9337428035258363,24
2022-10-03,sector_baseline,baseline,sector,0.0,0.0,0.0,1.0723510590700143,24
2022-10-03,raw_pca_residual,raw_pca,raw_pca,14.0,2.6153791806491165,16.694629765904715,0.7030483765629526,24
2022-10-03,raw_pca_stabilized,raw_pca,raw_pca,14.0,2.6153791806491165,16.694629765904715,0.7030483765629526,24
2022-10-03,rmt_filtered_residual,rmt_filtered,rmt,1.0,2.6153791806491165,16.694629765904715,1.1074469231066117,24
2022-10-03,rmt_filtered_conservative,rmt_filtered,rmt,1.0,2.6153791806491165,16.694629765904715,1.1074469231066117,24
2022-10-04,sector_baseline,baseline,sector,0.0,0.0,0.0,0.9172321947163752,24
2022-10-04,raw_pca_residual,raw_pca,raw_pca,14.0,2.6153791806491165,16.636567911030163,0.8824351749868677,24
2022-10-04,raw_pca_stabilized,raw_pca,raw_pca,14.0,2.6153791806491165,16.636567911030163,0.8824351749868677,24
2022-10-04,rmt_filtered_residual,rmt_filtered,rmt,1.0,2.6153791806491165,16.636567911030163,0.8066530336480279,24
2022-10-04,rmt_filtered_conservative,rmt_filtered,rmt,1.0,2.6153791806491165,16.636567911030163,0.8066530336480279,24
2022-10-05,sector_baseline,baseline,sector,0.0,0.0,0.0,0.5490372091143251,24
2022-10-05,raw_pca_residual,raw_pca,raw_pca,14.0,2.6153791806491165,16.516843530591764,0.7429624713323957,24
2022-10-05,raw_pca_stabilized,raw_pca,raw_pca,14.0,2.6153791806491165,16.516843530591764,0.7429624713323957,24
2022-10-05,rmt_filtered_residual,rmt_filtered,rmt,1.0,2.6153791806491165,16.516843530591764,0.5535987850858758,24
2022-10-05,rmt_filtered_conservative,rmt_filtered,rmt,1.0,2.6153791806491165,16.516843530591764,0.5535987850858758,24
2022-10-06,sector_baseline,baseline,sector,0.0,0.0,0.0,0.5417473034340521,24
2022-10-06,raw_pca_residual,raw_pca,raw_pca,14.0,2.6153791806491165,16.515809396298774,0.4543100986897166,24
2022-10-06,raw_pca_stabilized,raw_pca,raw_pca,14.0,2.6153791806491165,16.515809396298774,0.4543100986897166,24
2022-10-06,rmt_filtered_residual,rmt_filtered,rmt,1.0,2.6153791806491165,16.515809396298774,0.5394105050440084,24
2022-10-06,rmt_filtered_conservative,rmt_filtered,rmt,1.0,2.6153791806491165,16.515809396298774,0.5394105050440084,24
2022-10-07,sector_baseline,baseline,sector,0.0,0.0,0.0,0.7483340989033284,24
2022-10-07,raw_pca_residual,raw_pca,raw_pca,14.0,2.6153791806491165,16.5041119549689,1.1630218388723577,24
2022-10-07,raw_pca_stabilized,raw_pca,raw_pca,14.0,2.6153791806491165,16.5041119549689,1.1630218388723577,24
2022-10-07,rmt_filtered_residual,rmt_filtered,rmt,1.0,2.6153791806491165,16.5041119549689,0.7191152034267067,24
2022-10-07,rmt_filtered_conservative,rmt_filtered,rmt,1.0,2.6153791806491165,16.5041119549689,0.7191152034267067,24
2022-10-10,sector_baseline,baseline,sector,0.0,0.0,0.0,0.9569273210687211,24
2022-10-10,raw_pca_residual,raw_pca,raw_pca,14.0,2.6153791806491165,16.50500949857117,0.9522105602016907,24
2022-10-10,raw_pca_stabilized,raw_pca,raw_pca,14.0,2.6153791806491165,16.50500949857117,0.9522105602016907,24
2022-10-10,rmt_filtered_residual,rmt_filtered,rmt,1.0,2.6153791806491165,16.50500949857117,0.9148041708173128,24
2022-10-10,rmt_filtered_conservative,rmt_filtered,rmt,1.0,2.6153791806491165,16.50500949857117,0.9148041708173128,24
2022-10-11,sector_baseline,baseline,sector,0.0,0.0,0.0,0.6384115482135152,24
2022-10-11,raw_pca_residual,raw_pca,raw_pca,14.0,2.6153791806491165,16.639067781063353,0.33884960110926093,24
2022-10-11,raw_pca_stabilized,raw_pca,raw_pca,14.0,2.6153791806491165,16.639067781063353,0.33884960110926093,24
2022-10-11,rmt_filtered_residual,rmt_filtered,rmt,1.0,2.6153791806491165,16.639067781063353,0.6211096344364841,24
2022-10-11,rmt_filtered_conservative,rmt_filtered,rmt,1.0,2.6153791806491165,16.639067781063353,0.6211096344364841,24
2022-10-12,sector_baseline,baseline,sector,0.0,0.0,0.0,0.7810701074383738,24
2022-10-12,raw_pca_residual,raw_pca,raw_pca,14.0,2.6153791806491165,16.586980050788487,0.8779714207398577,24
2022-10-12,raw_pca_stabilized,raw_pca,raw_pca,14.0,2.6153791806491165,16.586980050788487,0.8779714207398577,24
2022-10-12,rmt_filtered_residual,rmt_filtered,rmt,1.0,2.6153791806491165,16.586980050788487,0.8341961467853617,24
2022-10-12,rmt_filtered_conservative,rmt_filtered,rmt,1.0,2.6153791806491165,16.586980050788487,0.8341961467853617,24
2022-10-13,sector_baseline,baseline,sector,0.0,0.0,0.0,0.4965419073645109,24
2022-10-13,raw_pca_residual,raw_pca,raw_pca,14.0,2.6153791806491165,16.55364558766206,0.8335088264693917,24
2022-10-13,raw_pca_stabilized,raw_pca,raw_pca,14.0,2.6153791806491165,16.55364558766206,0.8335088264693917,24
2022-10-13,rmt_filtered_residual,rmt_filtered,rmt,1.0,2.6153791806491165,16.55364558766206,0.5942672443816839,24
2022-10-13,rmt_filtered_conservative,rmt_filtered,rmt,1.0,2.6153791806491165,16.55364558766206,0.5942672443816839,24
2022-10-14,sector_baseline,baseline,sector,0.0,0.0,0.0,0.6844058725294347,24
2022-10-14,raw_pca_residual,raw_pca,raw_pca,14.0,2.6153791806491165,16.772278379174374,0.5833125554220918,24
2022-10-14,raw_pca_stabilized,raw_pca,raw_pca,14.0,2.6153791806491165,16.772278379174374,0.5833125554220918,24
2022-10-14,rmt_filtered_residual,rmt_filtered,rmt,1.0,2.6153791806491165,16.772278379174374,0.5489337487372425,24
2022-10-14,rmt_filtered_conservative,rmt_filtered,rmt,1.0,2.6153791806491165,16.772278379174374,0.5489337487372425,24
2022-10-17,sector_baseline,baseline,sector,0.0,0.0,0.0,0.8157020705852975,24
2022-10-17,raw_pca_residual,raw_pca,raw_pca,14.0,2.6153791806491165,16.723816102220802,0.7836812657911333,24
2022-10-17,raw_pca_stabilized,raw_pca,raw_pca,14.0,2.6153791806491165,16.723816102220802,0.7836812657911333,24
2022-10-17,rmt_filtered_residual,rmt_filtered,rmt,1.0,2.6153791806491165,16.723816102220802,0.8862369092573351,24
2022-10-17,rmt_filtered_conservative,rmt_filtered,rmt,1.0,2.6153791806491165,16.723816102220802,0.8862369092573351,24
2022-10-18,sector_baseline,baseline,sector,0.0,0.0,0.0,0.6207507669932345,24
2022-10-18,raw_pca_residual,raw_pca,raw_pca,14.0,2.6153791806491165,16.84093445891554,0.7007148086416256,24
2022-10-18,raw_pca_stabilized,raw_pca,raw_pca,14.0,2.6153791806491165,16.84093445891554,0.7007148086416256,24
2022-10-18,rmt_filtered_residual,rmt_filtered,rmt,1.0,2.6153791806491165,16.84093445891554,0.6152787720824366,24
2022-10-18,rmt_filtered_conservative,rmt_filtered,rmt,1.0,2.6153791806491165,16.84093445891554,0.6152787720824366,24
2022-10-19,sector_baseline,baseline,sector,0.0,0.0,0.0,0.7879074729977026,24
2022-10-19,raw_pca_residual,raw_pca,raw_pca,14.0,2.6153791806491165,16.83320365817565,1.0575753464659787,24
2022-10-19,raw_pca_stabilized,raw_pca,raw_pca,14.0,2.6153791806491165,16.83320365817565,1.0575753464659787,24
2022-10-19,rmt_filtered_residual,rmt_filtered,rmt,1.0,2.6153791806491165,16.83320365817565,0.7702981714668411,24
2022-10-19,rmt_filtered_conservative,rmt_filtered,rmt,1.0,2.6153791806491165,16.83320365817565,0.7702981714668411,24
2022-10-20,sector_baseline,baseline,sector,0.0,0.0,0.0,0.8695090666411284,24
2022-10-20,raw_pca_residual,raw_pca,raw_pca,14.0,2.6153791806491165,16.4403575271355,0.69369679442114,24
2022-10-20,raw_pca_stabilized,raw_pca,raw_pca,14.0,2.6153791806491165,16.4403575271355,0.69369679442114,24
2022-10-20,rmt_filtered_residual,rmt_filtered,rmt,1.0,2.6153791806491165,16.4403575271355,0.9338253793933977,24
2022-10-20,rmt_filtered_conservative,rmt_filtered,rmt,1.0,2.6153791806491165,16.4403575271355,0.9338253793933977,24
2022-10-21,sector_baseline,baseline,sector,0.0,0.0,0.0,0.8272568301361928,24
2022-10-21,raw_pca_residual,raw_pca,raw_pca,14.0,2.6153791806491165,15.82282577280777,0.9565899112843225,24
2022-10-21,raw_pca_stabilized,raw_pca,raw_pca,14.0,2.6153791806491165,15.82282577280777,0.9565899112843225,24
2022-10-21,rmt_filtered_residual,rmt_filtered,rmt,1.0,2.6153791806491165,15.82282577280777,0.8578057767620607,24
2022-10-21,rmt_filtered_conservative,rmt_filtered,rmt,1.0,2.6153791806491165,15.82282577280777,0.8578057767620607,24
2022-10-24,sector_baseline,baseline,sector,0.0,0.0,0.0,0.821469523825073,24
2022-10-24,raw_pca_residual,raw_pca,raw_pca,14.0,2.6153791806491165,15.86219963572937,1.1257695727755446,24
2022-10-24,raw_pca_stabilized,raw_pca,raw_pca,14.0,2.6153791806491165,15.86219963572937,1.1257695727755446,24
2022-10-24,rmt_filtered_residual,rmt_filtered,rmt,1.0,2.6153791806491165,15.86219963572937,0.8165681744416545,24
2022-10-24,rmt_filtered_conservative,rmt_filtered,rmt,1.0,2.6153791806491165,15.86219963572937,0.8165681744416545,24
2022-10-25,sector_baseline,baseline,sector,0.0,0.0,0.0,1.1889456188467071,24
2022-10-25,raw_pca_residual,raw_pca,raw_pca,14.0,2.6153791806491165,15.779963585033071,0.6946157445524429,24
2022-10-25,raw_pca_stabilized,raw_pca,raw_pca,14.0,2.6153791806491165,15.779963585033071,0.6946157445524429,24
2022-10-25,rmt_filtered_residual,rmt_filtered,rmt,1.0,2.6153791806491165,15.779963585033071,1.195731428764425,24
2022-10-25,rmt_filtered_conservative,rmt_filtered,rmt,1.0,2.6153791806491165,15.779963585033071,1.195731428764425,24
2022-10-26,sector_baseline,baseline,sector,0.0,0.0,0.0,0.7139939971045752,24
2022-10-26,raw_pca_residual,raw_pca,raw_pca,14.0,2.6153791806491165,15.813702220525427,0.910578442183776,24
2022-10-26,raw_pca_stabilized,raw_pca,raw_pca,14.0,2.6153791806491165,15.813702220525427,0.910578442183776,24
2022-10-26,rmt_filtered_residual,rmt_filtered,rmt,1.0,2.6153791806491165,15.813702220525427,0.7958270727862052,24
2022-10-26,rmt_filtered_conservative,rmt_filtered,rmt,1.0,2.6153791806491165,15.813702220525427,0.7958270727862052,24
2022-10-27,sector_baseline,baseline,sector,0.0,0.0,0.0,0.6361714916581299,24
2022-10-27,raw_pca_residual,raw_pca,raw_pca,14.0,2.6153791806491165,15.282619745433026,0.8731381730463633,24
2022-10-27,raw_pca_stabilized,raw_pca,raw_pca,14.0,2.6153791806491165,15.282619745433026,0.8731381730463633,24
2022-10-27,rmt_filtered_residual,rmt_filtered,rmt,1.0,2.6153791806491165,15.282619745433026,0.7431661187243893,24
2022-10-27,rmt_filtered_conservative,rmt_filtered,rmt,1.0,2.6153791806491165,15.282619745433026,0.7431661187243893,24
2022-10-28,sector_baseline,baseline,sector,0.0,0.0,0.0,0.9510542240354422,24
2022-10-28,raw_pca_residual,raw_pca,raw_pca,14.0,2.6153791806491165,15.122816069119256,0.6357361549921753,24
2022-10-28,raw_pca_stabilized,raw_pca,raw_pca,14.0,2.6153791806491165,15.122816069119256,0.6357361549921753,24
2022-10-28,rmt_filtered_residual,rmt_filtered,rmt,1.0,2.6153791806491165,15.122816069119256,0.8310392564804584,24
2022-10-28,rmt_filtered_conservative,rmt_filtered,rmt,1.0,2.6153791806491165,15.122816069119256,0.8310392564804584,24
2022-10-31,sector_baseline,baseline,sector,0.0,0.0,0.0,0.4946253360348838,24
2022-10-31,raw_pca_residual,raw_pca,raw_pca,14.0,2.6153791806491165,15.156061238860296,0.5760526615845383,24
2022-10-31,raw_pca_stabilized,raw_pca,raw_pca,14.0,2.6153791806491165,15.156061238860296,0.5760526615845383,24
2022-10-31,rmt_filtered_residual,rmt_filtered,rmt,1.0,2.6153791806491165,15.156061238860296,0.540426250910687,24
2022-10-31,rmt_filtered_conservative,rmt_filtered,rmt,1.0,2.6153791806491165,15.156061238860296,0.540426250910687,24
2022-11-01,sector_baseline,baseline,sector,0.0,0.0,0.0,0.7107203345950267,24
2022-11-01,raw_pca_residual,raw_pca,raw_pca,14.0,2.6153791806491165,15.168318241147873,0.8087488301399685,24
2022-11-01,raw_pca_stabilized,raw_pca,raw_pca,14.0,2.6153791806491165,15.168318241147873,0.8087488301399685,24
2022-11-01,rmt_filtered_residual,rmt_filtered,rmt,1.0,2.6153791806491165,15.168318241147873,1.0091112637303221,24
2022-11-01,rmt_filtered_conservative,rmt_filtered,rmt,1.0,2.6153791806491165,15.168318241147873,1.0091112637303221,24
2022-11-02,sector_baseline,baseline,sector,0.0,0.0,0.0,0.8028384699071184,24
2022-11-02,raw_pca_residual,raw_pca,raw_pca,14.0,2.6153791806491165,15.533029558323701,0.9004703806850619,24
2022-11-02,raw_pca_stabilized,raw_pca,raw_pca,14.0,2.6153791806491165,15.533029558323701,0.9004703806850619,24
2022-11-02,rmt_filtered_residual,rmt_filtered,rmt,1.0,2.6153791806491165,15.533029558323701,0.8041238522044787,24
2022-11-02,rmt_filtered_conservative,rmt_filtered,rmt,1.0,2.6153791806491165,15.533029558323701,0.8041238522044787,24
2022-11-03,sector_baseline,baseline,sector,0.0,0.0,0.0,0.5990783183396727,24
2022-11-03,raw_pca_residual,raw_pca,raw_pca,14.0,2.6153791806491165,15.607889041405373,0.8121646858010573,24
2022-11-03,raw_pca_stabilized,raw_pca,raw_pca,14.0,2.6153791806491165,15.607889041405373,0.8121646858010573,24
2022-11-03,rmt_filtered_residual,rmt_filtered,rmt,1.0,2.6153791806491165,15.607889041405373,0.760093550048997,24
2022-11-03,rmt_filtered_conservative,rmt_filtered,rmt,1.0,2.6153791806491165,15.607889041405373,0.760093550048997,24
2022-11-04,sector_baseline,baseline,sector,0.0,0.0,0.0,0.8048872691185158,24
2022-11-04,raw_pca_residual,raw_pca,raw_pca,14.0,2.6153791806491165,15.555658870822068,0.7693958840170353,24
2022-11-04,raw_pca_stabilized,raw_pca,raw_pca,14.0,2.6153791806491165,15.555658870822068,0.7693958840170353,24
2022-11-04,rmt_filtered_residual,rmt_filtered,rmt,1.0,2.6153791806491165,15.555658870822068,0.835128597544912,24
2022-11-04,rmt_filtered_conservative,rmt_filtered,rmt,1.0,2.6153791806491165,15.555658870822068,0.835128597544912,24
2022-11-07,sector_baseline,baseline,sector,0.0,0.0,0.0,0.8685854332988415,24
2022-11-07,raw_pca_residual,raw_pca,raw_pca,14.0,2.6153791806491165,15.52511913618113,1.0402584393168244,24
2022-11-07,raw_pca_stabilized,raw_pca,raw_pca,14.0,2.6153791806491165,15.52511913618113,1.0402584393168244,24
2022-11-07,rmt_filtered_residual,rmt_filtered,rmt,1.0,2.6153791806491165,15.52511913618113,0.8122557411574317,24
2022-11-07,rmt_filtered_conservative,rmt_filtered,rmt,1.0,2.6153791806491165,15.52511913618113,0.8122557411574317,24
2022-11-08,sector_baseline,baseline,sector,0.0,0.0,0.0,0.9057058396116012,24
2022-11-08,raw_pca_residual,raw_pca,raw_pca,14.0,2.6153791806491165,16.17148223380942,1.2082552791617747,24
2022-11-08,raw_pca_stabilized,raw_pca,raw_pca,14.0,2.6153791806491165,16.17148223380942,1.2082552791617747,24
2022-11-08,rmt_filtered_residual,rmt_filtered,rmt,1.0,2.6153791806491165,16.17148223380942,0.8445651435061926,24
2022-11-08,rmt_filtered_conservative,rmt_filtered,rmt,1.0,2.6153791806491165,16.17148223380942,0.8445651435061926,24
2022-11-09,sector_baseline,baseline,sector,0.0,0.0,0.0,0.7693315915565414,24
2022-11-09,raw_pca_residual,raw_pca,raw_pca,14.0,2.6153791806491165,16.122128084740126,0.7118372749008609,24
2022-11-09,raw_pca_stabilized,raw_pca,raw_pca,14.0,2.6153791806491165,16.122128084740126,0.7118372749008609,24
2022-11-09,rmt_filtered_residual,rmt_filtered,rmt,1.0,2.6153791806491165,16.122128084740126,0.805186989937369,24
2022-11-09,rmt_filtered_conservative,rmt_filtered,rmt,1.0,2.6153791806491165,16.122128084740126,0.805186989937369,24
2022-11-10,sector_baseline,baseline,sector,0.0,0.0,0.0,0.8980261238246333,24
2022-11-10,raw_pca_residual,raw_pca,raw_pca,14.0,2.6153791806491165,15.471212082665625,0.8750593919628965,24
2022-11-10,raw_pca_stabilized,raw_pca,raw_pca,14.0,2.6153791806491165,15.471212082665625,0.8750593919628965,24
2022-11-10,rmt_filtered_residual,rmt_filtered,rmt,1.0,2.6153791806491165,15.471212082665625,0.9224451671645847,24
2022-11-10,rmt_filtered_conservative,rmt_filtered,rmt,1.0,2.6153791806491165,15.471212082665625,0.9224451671645847,24
2022-11-11,sector_baseline,baseline,sector,0.0,0.0,0.0,0.9688533511144933,24
2022-11-11,raw_pca_residual,raw_pca,raw_pca,14.0,2.6153791806491165,15.528532709056893,0.49700389781665827,24
2022-11-11,raw_pca_stabilized,raw_pca,raw_pca,14.0,2.6153791806491165,15.528532709056893,0.49700389781665827,24
2022-11-11,rmt_filtered_residual,rmt_filtered,rmt,1.0,2.6153791806491165,15.528532709056893,0.9503104037718866,24
2022-11-11,rmt_filtered_conservative,rmt_filtered,rmt,1.0,2.6153791806491165,15.528532709056893,0.9503104037718866,24
2022-11-14,sector_baseline,baseline,sector,0.0,0.0,0.0,0.7279126358177944,24
2022-11-14,raw_pca_residual,raw_pca,raw_pca,14.0,2.6153791806491165,15.434554545885415,0.7868997355766902,24
2022-11-14,raw_pca_stabilized,raw_pca,raw_pca,14.0,2.6153791806491165,15.434554545885415,0.7868997355766902,24
2022-11-14,rmt_filtered_residual,rmt_filtered,rmt,1.0,2.6153791806491165,15.434554545885415,0.7998826410905028,24
2022-11-14,rmt_filtered_conservative,rmt_filtered,rmt,1.0,2.6153791806491165,15.434554545885415,0.7998826410905028,24
2022-11-15,sector_baseline,baseline,sector,0.0,0.0,0.0,1.0213201445627886,24
2022-11-15,raw_pca_residual,raw_pca,raw_pca,14.0,2.6153791806491165,15.44962241964897,1.1667072018265499,24
2022-11-15,raw_pca_stabilized,raw_pca,raw_pca,14.0,2.6153791806491165,15.44962241964897,1.1667072018265499,24
2022-11-15,rmt_filtered_residual,rmt_filtered,rmt,1.0,2.6153791806491165,15.44962241964897,0.9386527719341379,24
2022-11-15,rmt_filtered_conservative,rmt_filtered,rmt,1.0,2.6153791806491165,15.44962241964897,0.9386527719341379,24
2022-11-16,sector_baseline,baseline,sector,0.0,0.0,0.0,0.8362876696163605,24
2022-11-16,raw_pca_residual,raw_pca,raw_pca,14.0,2.6153791806491165,15.223255778283216,0.9006217163576631,24
2022-11-16,raw_pca_stabilized,raw_pca,raw_pca,14.0,2.6153791806491165,15.223255778283216,0.9006217163576631,24
2022-11-16,rmt_filtered_residual,rmt_filtered,rmt,1.0,2.6153791806491165,15.223255778283216,0.778576353263146,24
2022-11-16,rmt_filtered_conservative,rmt_filtered,rmt,1.0,2.6153791806491165,15.223255778283216,0.778576353263146,24
2022-11-17,sector_baseline,baseline,sector,0.0,0.0,0.0,0.6149579432530314,24
2022-11-17,raw_pca_residual,raw_pca,raw_pca,14.0,2.6153791806491165,15.201739294357045,0.557880157167549,24
2022-11-17,raw_pca_stabilized,raw_pca,raw_pca,14.0,2.6153791806491165,15.201739294357045,0.557880157167549,24
2022-11-17,rmt_filtered_residual,rmt_filtered,rmt,1.0,2.6153791806491165,15.201739294357045,0.9740029048213451,24
2022-11-17,rmt_filtered_conservative,rmt_filtered,rmt,1.0,2.6153791806491165,15.201739294357045,0.9740029048213451,24
2022-11-18,sector_baseline,baseline,sector,0.0,0.0,0.0,0.6727477862070268,24
2022-11-18,raw_pca_residual,raw_pca,raw_pca,14.0,2.6153791806491165,15.300199936468012,0.6507830398067821,24
2022-11-18,raw_pca_stabilized,raw_pca,raw_pca,14.0,2.6153791806491165,15.300199936468012,0.6507830398067821,24
2022-11-18,rmt_filtered_residual,rmt_filtered,rmt,1.0,2.6153791806491165,15.300199936468012,0.6714784824334256,24
2022-11-18,rmt_filtered_conservative,rmt_filtered,rmt,1.0,2.6153791806491165,15.300199936468012,0.6714784824334256,24
2022-11-21,sector_baseline,baseline,sector,0.0,0.0,0.0,0.7679303104029712,24
2022-11-21,raw_pca_residual,raw_pca,raw_pca,14.0,2.6153791806491165,15.540104040967284,0.9697890000031028,24
2022-11-21,raw_pca_stabilized,raw_pca,raw_pca,14.0,2.6153791806491165,15.540104040967284,0.9697890000031028,24
2022-11-21,rmt_filtered_residual,rmt_filtered,rmt,1.0,2.6153791806491165,15.540104040967284,0.7803897444868012,24
2022-11-21,rmt_filtered_conservative,rmt_filtered,rmt,1.0,2.6153791806491165,15.540104040967284,0.7803897444868012,24
2022-11-22,sector_baseline,baseline,sector,0.0,0.0,0.0,0.7339143040825755,24
2022-11-22,raw_pca_residual,raw_pca,raw_pca,14.0,2.6153791806491165,15.580984292162935,0.8849672490042998,24
2022-11-22,raw_pca_stabilized,raw_pca,raw_pca,14.0,2.6153791806491165,15.580984292162935,0.8849672490042998,24
2022-11-22,rmt_filtered_residual,rmt_filtered,rmt,1.0,2.6153791806491165,15.580984292162935,0.6667967354214973,24
2022-11-22,rmt_filtered_conservative,rmt_filtered,rmt,1.0,2.6153791806491165,15.580984292162935,0.6667967354214973,24
2022-11-23,sector_baseline,baseline,sector,0.0,0.0,0.0,0.8878529480451604,24
2022-11-23,raw_pca_residual,raw_pca,raw_pca,14.0,2.6153791806491165,15.435087294270716,0.7007373818269692,24
2022-11-23,raw_pca_stabilized,raw_pca,raw_pca,14.0,2.6153791806491165,15.435087294270716,0.7007373818269692,24
2022-11-23,rmt_filtered_residual,rmt_filtered,rmt,1.0,2.6153791806491165,15.435087294270716,0.9393204337567473,24
2022-11-23,rmt_filtered_conservative,rmt_filtered,rmt,1.0,2.6153791806491165,15.435087294270716,0.9393204337567473,24
2022-11-24,sector_baseline,baseline,sector,0.0,0.0,0.0,0.6552563641604596,24
2022-11-24,raw_pca_residual,raw_pca,raw_pca,14.0,2.6153791806491165,16.494733616269723,0.7545129227520816,24
2022-11-24,raw_pca_stabilized,raw_pca,raw_pca,14.0,2.6153791806491165,16.494733616269723,0.7545129227520816,24
2022-11-24,rmt_filtered_residual,rmt_filtered,rmt,1.0,2.6153791806491165,16.494733616269723,0.5413102034857126,24
2022-11-24,rmt_filtered_conservative,rmt_filtered,rmt,1.0,2.6153791806491165,16.494733616269723,0.5413102034857126,24
2022-11-25,sector_baseline,baseline,sector,0.0,0.0,0.0,0.7674252568747489,24
2022-11-25,raw_pca_residual,raw_pca,raw_pca,14.0,2.6153791806491165,16.75894429814579,1.0589235372101042,24
2022-11-25,raw_pca_stabilized,raw_pca,raw_pca,14.0,2.6153791806491165,16.75894429814579,1.0589235372101042,24
2022-11-25,rmt_filtered_residual,rmt_filtered,rmt,1.0,2.6153791806491165,16.75894429814579,0.5818843801822089,24
2022-11-25,rmt_filtered_conservative,rmt_filtered,rmt,1.0,2.6153791806491165,16.75894429814579,0.5818843801822089,24
2022-11-28,sector_baseline,baseline,sector,0.0,0.0,0.0,0.7806537156932686,24
2022-11-28,raw_pca_residual,raw_pca,raw_pca,14.0,2.6153791806491165,16.705403584347437,0.8553007121574835,24
2022-11-28,raw_pca_stabilized,raw_pca,raw_pca,14.0,2.6153791806491165,16.705403584347437,0.8553007121574835,24
2022-11-28,rmt_filtered_residual,rmt_filtered,rmt,1.0,2.6153791806491165,16.705403584347437,0.7890816575699424,24
2022-11-28,rmt_filtered_conservative,rmt_filtered,rmt,1.0,2.6153791806491165,16.705403584347437,0.7890816575699424,24
2022-11-29,sector_baseline,baseline,sector,0.0,0.0,0.0,0.7931509738624003,24
2022-11-29,raw_pca_residual,raw_pca,raw_pca,14.0,2.6153791806491165,16.70689330740817,0.8609965793514668,24
2022-11-29,raw_pca_stabilized,raw_pca,raw_pca,14.0,2.6153791806491165,16.70689330740817,0.8609965793514668,24
2022-11-29,rmt_filtered_residual,rmt_filtered,rmt,1.0,2.6153791806491165,16.70689330740817,0.649374725222422,24
2022-11-29,rmt_filtered_conservative,rmt_filtered,rmt,1.0,2.6153791806491165,16.70689330740817,0.649374725222422,24
2022-11-30,sector_baseline,baseline,sector,0.0,0.0,0.0,0.9231651155839997,24
2022-11-30,raw_pca_residual,raw_pca,raw_pca,14.0,2.6153791806491165,16.703003371536955,0.9164887016090338,24
2022-11-30,raw_pca_stabilized,raw_pca,raw_pca,14.0,2.6153791806491165,16.703003371536955,0.9164887016090338,24
2022-11-30,rmt_filtered_residual,rmt_filtered,rmt,1.0,2.6153791806491165,16.703003371536955,0.9174169797208945,24
2022-11-30,rmt_filtered_conservative,rmt_filtered,rmt,1.0,2.6153791806491165,16.703003371536955,0.9174169797208945,24
2022-12-01,sector_baseline,baseline,sector,0.0,0.0,0.0,0.8107448912667016,24
2022-12-01,raw_pca_residual,raw_pca,raw_pca,14.0,2.6153791806491165,16.812731790769472,0.8387274909620737,24
2022-12-01,raw_pca_stabilized,raw_pca,raw_pca,14.0,2.6153791806491165,16.812731790769472,0.8387274909620737,24
2022-12-01,rmt_filtered_residual,rmt_filtered,rmt,1.0,2.6153791806491165,16.812731790769472,0.7876523147074196,24
2022-12-01,rmt_filtered_conservative,rmt_filtered,rmt,1.0,2.6153791806491165,16.812731790769472,0.7876523147074196,24
2022-12-02,sector_baseline,baseline,sector,0.0,0.0,0.0,0.5503892848075815,24
2022-12-02,raw_pca_residual,raw_pca,raw_pca,14.0,2.6153791806491165,16.754208135728064,0.5120987597839141,24
2022-12-02,raw_pca_stabilized,raw_pca,raw_pca,14.0,2.6153791806491165,16.754208135728064,0.5120987597839141,24
2022-12-02,rmt_filtered_residual,rmt_filtered,rmt,1.0,2.6153791806491165,16.754208135728064,0.6923140979457866,24
2022-12-02,rmt_filtered_conservative,rmt_filtered,rmt,1.0,2.6153791806491165,16.754208135728064,0.6923140979457866,24
2022-12-05,sector_baseline,baseline,sector,0.0,0.0,0.0,0.8921824575494228,24
2022-12-05,raw_pca_residual,raw_pca,raw_pca,14.0,2.6153791806491165,16.813310059382093,1.0407841751137017,24
2022-12-05,raw_pca_stabilized,raw_pca,raw_pca,14.0,2.6153791806491165,16.813310059382093,1.0407841751137017,24
2022-12-05,rmt_filtered_residual,rmt_filtered,rmt,1.0,2.6153791806491165,16.813310059382093,0.944728870738803,24
2022-12-05,rmt_filtered_conservative,rmt_filtered,rmt,1.0,2.6153791806491165,16.813310059382093,0.944728870738803,24
2022-12-06,sector_baseline,baseline,sector,0.0,0.0,0.0,0.6582727359232359,24
2022-12-06,raw_pca_residual,raw_pca,raw_pca,14.0,2.6153791806491165,16.83991809786998,0.5157459766870335,24
2022-12-06,raw_pca_stabilized,raw_pca,raw_pca,14.0,2.6153791806491165,16.83991809786998,0.5157459766870335,24
2022-12-06,rmt_filtered_residual,rmt_filtered,rmt,1.0,2.6153791806491165,16.83991809786998,0.7233930442578114,24
2022-12-06,rmt_filtered_conservative,rmt_filtered,rmt,1.0,2.6153791806491165,16.83991809786998,0.7233930442578114,24
2022-12-07,sector_baseline,baseline,sector,0.0,0.0,0.0,0.8176709475768521,24
2022-12-07,raw_pca_residual,raw_pca,raw_pca,14.0,2.6153791806491165,16.811446213503075,0.8026137102846675,24
2022-12-07,raw_pca_stabilized,raw_pca,raw_pca,14.0,2.6153791806491165,16.811446213503075,0.8026137102846675,24
2022-12-07,rmt_filtered_residual,rmt_filtered,rmt,1.0,2.6153791806491165,16.811446213503075,0.8780465563032688,24
2022-12-07,rmt_filtered_conservative,rmt_filtered,rmt,1.0,2.6153791806491165,16.811446213503075,0.8780465563032688,24
2022-12-08,sector_baseline,baseline,sector,0.0,0.0,0.0,0.8048678704017594,24
2022-12-08,raw_pca_residual,raw_pca,raw_pca,14.0,2.6153791806491165,16.7589055685984,0.7426413707149516,24
2022-12-08,raw_pca_stabilized,raw_pca,raw_pca,14.0,2.6153791806491165,16.7589055685984,0.7426413707149516,24
2022-12-08,rmt_filtered_residual,rmt_filtered,rmt,1.0,2.6153791806491165,16.7589055685984,0.8291589808640976,24
2022-12-08,rmt_filtered_conservative,rmt_filtered,rmt,1.0,2.6153791806491165,16.7589055685984,0.8291589808640976,24
2022-12-09,sector_baseline,baseline,sector,0.0,0.0,0.0,0.8611528772412443,24
2022-12-09,raw_pca_residual,raw_pca,raw_pca,14.0,2.6153791806491165,16.758164697726546,0.7003300940410341,24
2022-12-09,raw_pca_stabilized,raw_pca,raw_pca,14.0,2.6153791806491165,16.758164697726546,0.7003300940410341,24
2022-12-09,rmt_filtered_residual,rmt_filtered,rmt,1.0,2.6153791806491165,16.758164697726546,1.004083319648578,24
2022-12-09,rmt_filtered_conservative,rmt_filtered,rmt,1.0,2.6153791806491165,16.758164697726546,1.004083319648578,24
2022-12-12,sector_baseline,baseline,sector,0.0,0.0,0.0,0.8991222152931838,24
2022-12-12,raw_pca_residual,raw_pca,raw_pca,14.0,2.6153791806491165,16.70252083450202,0.8395819480299656,24
2022-12-12,raw_pca_stabilized,raw_pca,raw_pca,14.0,2.6153791806491165,16.70252083450202,0.8395819480299656,24
2022-12-12,rmt_filtered_residual,rmt_filtered,rmt,1.0,2.6153791806491165,16.70252083450202,0.9484942289476331,24
2022-12-12,rmt_filtered_conservative,rmt_filtered,rmt,1.0,2.6153791806491165,16.70252083450202,0.9484942289476331,24
2022-12-13,sector_baseline,baseline,sector,0.0,0.0,0.0,0.6749491754808643,24
2022-12-13,raw_pca_residual,raw_pca,raw_pca,14.0,2.6153791806491165,16.829511776629186,0.7390987558047876,24
2022-12-13,raw_pca_stabilized,raw_pca,raw_pca,14.0,2.6153791806491165,16.829511776629186,0.7390987558047876,24
2022-12-13,rmt_filtered_residual,rmt_filtered,rmt,1.0,2.6153791806491165,16.829511776629186,0.6809836239182615,24
2022-12-13,rmt_filtered_conservative,rmt_filtered,rmt,1.0,2.6153791806491165,16.829511776629186,0.6809836239182615,24
2022-12-14,sector_baseline,baseline,sector,0.0,0.0,0.0,0.8537542185261179,24
2022-12-14,raw_pca_residual,raw_pca,raw_pca,14.0,2.6153791806491165,16.79509226773123,0.9425113421006918,24
2022-12-14,raw_pca_stabilized,raw_pca,raw_pca,14.0,2.6153791806491165,16.79509226773123,0.9425113421006918,24
2022-12-14,rmt_filtered_residual,rmt_filtered,rmt,1.0,2.6153791806491165,16.79509226773123,0.8894471776247097,24
2022-12-14,rmt_filtered_conservative,rmt_filtered,rmt,1.0,2.6153791806491165,16.79509226773123,0.8894471776247097,24
2022-12-15,sector_baseline,baseline,sector,0.0,0.0,0.0,1.032797452653872,24
2022-12-15,raw_pca_residual,raw_pca,raw_pca,14.0,2.6153791806491165,16.79157635038822,0.6568618397882147,24
2022-12-15,raw_pca_stabilized,raw_pca,raw_pca,14.0,2.6153791806491165,16.79157635038822,0.6568618397882147,24
2022-12-15,rmt_filtered_residual,rmt_filtered,rmt,1.0,2.6153791806491165,16.79157635038822,0.9545018365128168,24
2022-12-15,rmt_filtered_conservative,rmt_filtered,rmt,1.0,2.6153791806491165,16.79157635038822,0.9545018365128168,24
2022-12-16,sector_baseline,baseline,sector,0.0,0.0,0.0,0.7780692264197383,24
2022-12-16,raw_pca_residual,raw_pca,raw_pca,14.0,2.6153791806491165,16.786999163510373,0.8814414040177865,24
2022-12-16,raw_pca_stabilized,raw_pca,raw_pca,14.0,2.6153791806491165,16.786999163510373,0.8814414040177865,24
2022-12-16,rmt_filtered_residual,rmt_filtered,rmt,1.0,2.6153791806491165,16.786999163510373,0.7833226943591264,24
2022-12-16,rmt_filtered_conservative,rmt_filtered,rmt,1.0,2.6153791806491165,16.786999163510373,0.7833226943591264,24
2022-12-19,sector_baseline,baseline,sector,0.0,0.0,0.0,0.6929505817852196,24
2022-12-19,raw_pca_residual,raw_pca,raw_pca,14.0,2.6153791806491165,16.732318972841043,0.47216472484545474,24
2022-12-19,raw_pca_stabilized,raw_pca,raw_pca,14.0,2.6153791806491165,16.732318972841043,0.47216472484545474,24
2022-12-19,rmt_filtered_residual,rmt_filtered,rmt,1.0,2.6153791806491165,16.732318972841043,0.6969815936066363,24
2022-12-19,rmt_filtered_conservative,rmt_filtered,rmt,1.0,2.6153791806491165,16.732318972841043,0.6969815936066363,24
2022-12-20,sector_baseline,baseline,sector,0.0,0.0,0.0,0.8867794536050599,24
2022-12-20,raw_pca_residual,raw_pca,raw_pca,14.0,2.6153791806491165,16.853383367845133,0.8216878780068066,24
2022-12-20,raw_pca_stabilized,raw_pca,raw_pca,14.0,2.6153791806491165,16.853383367845133,0.8216878780068066,24
2022-12-20,rmt_filtered_residual,rmt_filtered,rmt,1.0,2.6153791806491165,16.853383367845133,1.0555858906101605,24
2022-12-20,rmt_filtered_conservative,rmt_filtered,rmt,1.0,2.6153791806491165,16.853383367845133,1.0555858906101605,24
2022-12-21,sector_baseline,baseline,sector,0.0,0.0,0.0,0.5777014685974863,24
2022-12-21,raw_pca_residual,raw_pca,raw_pca,14.0,2.6153791806491165,16.724350190727314,0.7714094640166073,24
2022-12-21,raw_pca_stabilized,raw_pca,raw_pca,14.0,2.6153791806491165,16.724350190727314,0.7714094640166073,24
2022-12-21,rmt_filtered_residual,rmt_filtered,rmt,1.0,2.6153791806491165,16.724350190727314,0.6967908546705387,24
2022-12-21,rmt_filtered_conservative,rmt_filtered,rmt,1.0,2.6153791806491165,16.724350190727314,0.6967908546705387,24
2022-12-22,sector_baseline,baseline,sector,0.0,0.0,0.0,0.8482744313755006,24
2022-12-22,raw_pca_residual,raw_pca,raw_pca,14.0,2.6153791806491165,16.954529809490392,0.8538960967130284,24
2022-12-22,raw_pca_stabilized,raw_pca,raw_pca,14.0,2.6153791806491165,16.954529809490392,0.8538960967130284,24
2022-12-22,rmt_filtered_residual,rmt_filtered,rmt,1.0,2.6153791806491165,16.954529809490392,0.7496814490591,24
2022-12-22,rmt_filtered_conservative,rmt_filtered,rmt,1.0,2.6153791806491165,16.954529809490392,0.7496814490591,24
2022-12-23,sector_baseline,baseline,sector,0.0,0.0,0.0,0.7588569940458942,24
2022-12-23,raw_pca_residual,raw_pca,raw_pca,14.0,2.6153791806491165,17.096197936698836,0.8299438865613927,24
2022-12-23,raw_pca_stabilized,raw_pca,raw_pca,14.0,2.6153791806491165,17.096197936698836,0.8299438865613927,24
2022-12-23,rmt_filtered_residual,rmt_filtered,rmt,1.0,2.6153791806491165,17.096197936698836,0.6660505822284758,24
2022-12-23,rmt_filtered_conservative,rmt_filtered,rmt,1.0,2.6153791806491165,17.096197936698836,0.6660505822284758,24
2022-12-26,sector_baseline,baseline,sector,0.0,0.0,0.0,0.737043994882664,24
2022-12-26,raw_pca_residual,raw_pca,raw_pca,14.0,2.6153791806491165,17.19808384564974,0.5664905765762839,24
2022-12-26,raw_pca_stabilized,raw_pca,raw_pca,14.0,2.6153791806491165,17.19808384564974,0.5664905765762839,24
2022-12-26,rmt_filtered_residual,rmt_filtered,rmt,1.0,2.6153791806491165,17.19808384564974,0.7693000173543757,24
2022-12-26,rmt_filtered_conservative,rmt_filtered,rmt,1.0,2.6153791806491165,17.19808384564974,0.7693000173543757,24
2022-12-27,sector_baseline,baseline,sector,0.0,0.0,0.0,0.885446983523277,24
2022-12-27,raw_pca_residual,raw_pca,raw_pca,14.0,2.6153791806491165,17.16477062249243,0.7775920935846222,24
2022-12-27,raw_pca_stabilized,raw_pca,raw_pca,14.0,2.6153791806491165,17.16477062249243,0.7775920935846222,24
2022-12-27,rmt_filtered_residual,rmt_filtered,rmt,1.0,2.6153791806491165,17.16477062249243,0.8607516344412828,24
2022-12-27,rmt_filtered_conservative,rmt_filtered,rmt,1.0,2.6153791806491165,17.16477062249243,0.8607516344412828,24
2022-12-28,sector_baseline,baseline,sector,0.0,0.0,0.0,0.7685260490068785,24
2022-12-28,raw_pca_residual,raw_pca,raw_pca,14.0,2.6153791806491165,17.511202522070615,0.7602945961186741,24
2022-12-28,raw_pca_stabilized,raw_pca,raw_pca,14.0,2.6153791806491165,17.511202522070615,0.7602945961186741,24
2022-12-28,rmt_filtered_residual,rmt_filtered,rmt,1.0,2.6153791806491165,17.511202522070615,0.8126062210583025,24
2022-12-28,rmt_filtered_conservative,rmt_filtered,rmt,1.0,2.6153791806491165,17.511202522070615,0.8126062210583025,24
2022-12-29,sector_baseline,baseline,sector,0.0,0.0,0.0,1.0338076683343302,24
2022-12-29,raw_pca_residual,raw_pca,raw_pca,14.0,2.6153791806491165,17.566192807260926,0.8305755398958619,24
2022-12-29,raw_pca_stabilized,raw_pca,raw_pca,14.0,2.6153791806491165,17.566192807260926,0.8305755398958619,24
2022-12-29,rmt_filtered_residual,rmt_filtered,rmt,1.0,2.6153791806491165,17.566192807260926,0.9591066057076209,24
2022-12-29,rmt_filtered_conservative,rmt_filtered,rmt,1.0,2.6153791806491165,17.566192807260926,0.9591066057076209,24
2022-12-30,sector_baseline,baseline,sector,0.0,0.0,0.0,0.9734061556623589,24
2022-12-30,raw_pca_residual,raw_pca,raw_pca,14.0,2.6153791806491165,17.606889695956298,0.7412430435546056,24
2022-12-30,raw_pca_stabilized,raw_pca,raw_pca,14.0,2.6153791806491165,17.606889695956298,0.7412430435546056,24
2022-12-30,rmt_filtered_residual,rmt_filtered,rmt,1.0,2.6153791806491165,17.606889695956298,1.0461905723576876,24
2022-12-30,rmt_filtered_conservative,rmt_filtered,rmt,1.0,2.6153791806491165,17.606889695956298,1.0461905723576876,24
2023-01-02,sector_baseline,baseline,sector,0.0,0.0,0.0,0.688946966221538,24
2023-01-02,raw_pca_residual,raw_pca,raw_pca,14.0,2.6153791806491165,17.482779540698473,0.7715913597122581,24
2023-01-02,raw_pca_stabilized,raw_pca,raw_pca,14.0,2.6153791806491165,17.482779540698473,0.7715913597122581,24
2023-01-02,rmt_filtered_residual,rmt_filtered,rmt,1.0,2.6153791806491165,17.482779540698473,0.9248853027904268,24
2023-01-02,rmt_filtered_conservative,rmt_filtered,rmt,1.0,2.6153791806491165,17.482779540698473,0.9248853027904268,24
2023-01-03,sector_baseline,baseline,sector,0.0,0.0,0.0,0.8516162305923295,24
2023-01-03,raw_pca_residual,raw_pca,raw_pca,14.0,2.6153791806491165,17.489123458669344,1.0591610772838895,24
2023-01-03,raw_pca_stabilized,raw_pca,raw_pca,14.0,2.6153791806491165,17.489123458669344,1.0591610772838895,24
2023-01-03,rmt_filtered_residual,rmt_filtered,rmt,1.0,2.6153791806491165,17.489123458669344,0.8157837628504815,24
2023-01-03,rmt_filtered_conservative,rmt_filtered,rmt,1.0,2.6153791806491165,17.489123458669344,0.8157837628504815,24
2023-01-04,sector_baseline,baseline,sector,0.0,0.0,0.0,0.6156870030947658,24
2023-01-04,raw_pca_residual,raw_pca,raw_pca,14.0,2.6153791806491165,17.45381402648414,0.7896112651184971,24
2023-01-04,raw_pca_stabilized,raw_pca,raw_pca,14.0,2.6153791806491165,17.45381402648414,0.7896112651184971,24
2023-01-04,rmt_filtered_residual,rmt_filtered,rmt,1.0,2.6153791806491165,17.45381402648414,0.6559744721811925,24
2023-01-04,rmt_filtered_conservative,rmt_filtered,rmt,1.0,2.6153791806491165,17.45381402648414,0.6559744721811925,24
2023-01-05,sector_baseline,baseline,sector,0.0,0.0,0.0,0.8211523094938536,24
2023-01-05,raw_pca_residual,raw_pca,raw_pca,14.0,2.6153791806491165,17.496632042741073,1.4280835754189167,24
2023-01-05,raw_pca_stabilized,raw_pca,raw_pca,14.0,2.6153791806491165,17.496632042741073,1.4280835754189167,24
2023-01-05,rmt_filtered_residual,rmt_filtered,rmt,1.0,2.6153791806491165,17.496632042741073,0.8897388783500131,24
2023-01-05,rmt_filtered_conservative,rmt_filtered,rmt,1.0,2.6153791806491165,17.496632042741073,0.8897388783500131,24
2023-01-06,sector_baseline,baseline,sector,0.0,0.0,0.0,0.7193317494273065,24
2023-01-06,raw_pca_residual,raw_pca,raw_pca,14.0,2.6153791806491165,17.446883344652075,1.041688072369848,24
2023-01-06,raw_pca_stabilized,raw_pca,raw_pca,14.0,2.6153791806491165,17.446883344652075,1.041688072369848,24
2023-01-06,rmt_filtered_residual,rmt_filtered,rmt,1.0,2.6153791806491165,17.446883344652075,0.6760619731391989,24
2023-01-06,rmt_filtered_conservative,rmt_filtered,rmt,1.0,2.6153791806491165,17.446883344652075,0.6760619731391989,24
2023-01-09,sector_baseline,baseline,sector,0.0,0.0,0.0,0.8086923469319384,24
2023-01-09,raw_pca_residual,raw_pca,raw_pca,14.0,2.6153791806491165,17.472893257944165,0.7902023683022211,24
2023-01-09,raw_pca_stabilized,raw_pca,raw_pca,14.0,2.6153791806491165,17.472893257944165,0.7902023683022211,24
2023-01-09,rmt_filtered_residual,rmt_filtered,rmt,1.0,2.6153791806491165,17.472893257944165,0.6482114053541276,24
2023-01-09,rmt_filtered_conservative,rmt_filtered,rmt,1.0,2.6153791806491165,17.472893257944165,0.6482114053541276,24
2023-01-10,sector_baseline,baseline,sector,0.0,0.0,0.0,1.0252606033870857,24
2023-01-10,raw_pca_residual,raw_pca,raw_pca,14.0,2.6153791806491165,17.42841438357018,0.8122999074527986,24
2023-01-10,raw_pca_stabilized,raw_pca,raw_pca,14.0,2.6153791806491165,17.42841438357018,0.8122999074527986,24
2023-01-10,rmt_filtered_residual,rmt_filtered,rmt,1.0,2.6153791806491165,17.42841438357018,0.9443134088177434,24
2023-01-10,rmt_filtered_conservative,rmt_filtered,rmt,1.0,2.6153791806491165,17.42841438357018,0.9443134088177434,24
2023-01-11,sector_baseline,baseline,sector,0.0,0.0,0.0,0.6889828608424189,24
2023-01-11,raw_pca_residual,raw_pca,raw_pca,14.0,2.6153791806491165,17.432384634384032,0.4721016555984474,24
2023-01-11,raw_pca_stabilized,raw_pca,raw_pca,14.0,2.6153791806491165,17.432384634384032,0.4721016555984474,24
2023-01-11,rmt_filtered_residual,rmt_filtered,rmt,1.0,2.6153791806491165,17.432384634384032,0.7447625127561867,24
2023-01-11,rmt_filtered_conservative,rmt_filtered,rmt,1.0,2.6153791806491165,17.432384634384032,0.7447625127561867,24
2023-01-12,sector_baseline,baseline,sector,0.0,0.0,0.0,0.7120049885317418,24
2023-01-12,raw_pca_residual,raw_pca,raw_pca,14.0,2.6153791806491165,17.496470565450466,0.8975690762386007,24
2023-01-12,raw_pca_stabilized,raw_pca,raw_pca,14.0,2.6153791806491165,17.496470565450466,0.8975690762386007,24
2023-01-12,rmt_filtered_residual,rmt_filtered,rmt,1.0,2.6153791806491165,17.496470565450466,0.6833815065340314,24
2023-01-12,rmt_filtered_conservative,rmt_filtered,rmt,1.0,2.6153791806491165,17.496470565450466,0.6833815065340314,24
2023-01-13,sector_baseline,baseline,sector,0.0,0.0,0.0,0.7129439316014552,24
2023-01-13,raw_pca_residual,raw_pca,raw_pca,14.0,2.6153791806491165,17.406353283549155,0.7598758642807515,24
2023-01-13,raw_pca_stabilized,raw_pca,raw_pca,14.0,2.6153791806491165,17.406353283549155,0.7598758642807515,24
2023-01-13,rmt_filtered_residual,rmt_filtered,rmt,1.0,2.6153791806491165,17.406353283549155,0.7696472763689726,24
2023-01-13,rmt_filtered_conservative,rmt_filtered,rmt,1.0,2.6153791806491165,17.406353283549155,0.7696472763689726,24
2023-01-16,sector_baseline,baseline,sector,0.0,0.0,0.0,0.5120960509174262,24
2023-01-16,raw_pca_residual,raw_pca,raw_pca,14.0,2.6153791806491165,17.40969508116042,0.7777266255163816,24
2023-01-16,raw_pca_stabilized,raw_pca,raw_pca,14.0,2.6153791806491165,17.40969508116042,0.7777266255163816,24
2023-01-16,rmt_filtered_residual,rmt_filtered,rmt,1.0,2.6153791806491165,17.40969508116042,0.7422743827763455,24
2023-01-16,rmt_filtered_conservative,rmt_filtered,rmt,1.0,2.6153791806491165,17.40969508116042,0.7422743827763455,24
2023-01-17,sector_baseline,baseline,sector,0.0,0.0,0.0,1.0761339017418488,24
2023-01-17,raw_pca_residual,raw_pca,raw_pca,14.0,2.6153791806491165,17.464062285229463,0.6723057681715697,24
2023-01-17,raw_pca_stabilized,raw_pca,raw_pca,14.0,2.6153791806491165,17.464062285229463,0.6723057681715697,24
2023-01-17,rmt_filtered_residual,rmt_filtered,rmt,1.0,2.6153791806491165,17.464062285229463,1.1017668563035576,24
2023-01-17,rmt_filtered_conservative,rmt_filtered,rmt,1.0,2.6153791806491165,17.464062285229463,1.1017668563035576,24
2023-01-18,sector_baseline,baseline,sector,0.0,0.0,0.0,0.7638654915564946,24
2023-01-18,raw_pca_residual,raw_pca,raw_pca,14.0,2.6153791806491165,17.5791687365908,0.596854985851811,24
2023-01-18,raw_pca_stabilized,raw_pca,raw_pca,14.0,2.6153791806491165,17.5791687365908,0.596854985851811,24
2023-01-18,rmt_filtered_residual,rmt_filtered,rmt,1.0,2.6153791806491165,17.5791687365908,0.9988622079394096,24
2023-01-18,rmt_filtered_conservative,rmt_filtered,rmt,1.0,2.6153791806491165,17.5791687365908,0.9988622079394096,24
2023-01-19,sector_baseline,baseline,sector,0.0,0.0,0.0,0.7391093821044636,24
2023-01-19,raw_pca_residual,raw_pca,raw_pca,14.0,2.6153791806491165,17.596802763708094,1.0001327340930792,24
2023-01-19,raw_pca_stabilized,raw_pca,raw_pca,14.0,2.6153791806491165,17.596802763708094,1.0001327340930792,24
2023-01-19,rmt_filtered_residual,rmt_filtered,rmt,1.0,2.6153791806491165,17.596802763708094,0.6848376160361612,24
2023-01-19,rmt_filtered_conservative,rmt_filtered,rmt,1.0,2.6153791806491165,17.596802763708094,0.6848376160361612,24
2023-01-20,sector_baseline,baseline,sector,0.0,0.0,0.0,0.6891945805431178,24
2023-01-20,raw_pca_residual,raw_pca,raw_pca,14.0,2.6153791806491165,17.786445932972864,0.7839902368209911,24
2023-01-20,raw_pca_stabilized,raw_pca,raw_pca,14.0,2.6153791806491165,17.786445932972864,0.7839902368209911,24
2023-01-20,rmt_filtered_residual,rmt_filtered,rmt,1.0,2.6153791806491165,17.786445932972864,0.6670513318904736,24
2023-01-20,rmt_filtered_conservative,rmt_filtered,rmt,1.0,2.6153791806491165,17.786445932972864,0.6670513318904736,24
2023-01-23,sector_baseline,baseline,sector,0.0,0.0,0.0,0.7196944018413335,24
2023-01-23,raw_pca_residual,raw_pca,raw_pca,14.0,2.6153791806491165,17.80725597247869,0.7326405237805558,24
2023-01-23,raw_pca_stabilized,raw_pca,raw_pca,14.0,2.6153791806491165,17.80725597247869,0.7326405237805558,24
2023-01-23,rmt_filtered_residual,rmt_filtered,rmt,1.0,2.6153791806491165,17.80725597247869,0.7134951149944754,24
2023-01-23,rmt_filtered_conservative,rmt_filtered,rmt,1.0,2.6153791806491165,17.80725597247869,0.7134951149944754,24
2023-01-24,sector_baseline,baseline,sector,0.0,0.0,0.0,0.8394090739287735,24
2023-01-24,raw_pca_residual,raw_pca,raw_pca,14.0,2.6153791806491165,17.72405012364781,0.8040550442300041,24
2023-01-24,raw_pca_stabilized,raw_pca,raw_pca,14.0,2.6153791806491165,17.72405012364781,0.8040550442300041,24
2023-01-24,rmt_filtered_residual,rmt_filtered,rmt,1.0,2.6153791806491165,17.72405012364781,0.8015589476906183,24
2023-01-24,rmt_filtered_conservative,rmt_filtered,rmt,1.0,2.6153791806491165,17.72405012364781,0.8015589476906183,24
2023-01-25,sector_baseline,baseline,sector,0.0,0.0,0.0,0.8997019302550688,24
2023-01-25,raw_pca_residual,raw_pca,raw_pca,14.0,2.6153791806491165,17.599865130529142,0.9770222588058196,24
2023-01-25,raw_pca_stabilized,raw_pca,raw_pca,14.0,2.6153791806491165,17.599865130529142,0.9770222588058196,24
2023-01-25,rmt_filtered_residual,rmt_filtered,rmt,1.0,2.6153791806491165,17.599865130529142,0.8263575451134574,24
2023-01-25,rmt_filtered_conservative,rmt_filtered,rmt,1.0,2.6153791806491165,17.599865130529142,0.8263575451134574,24
2023-01-26,sector_baseline,baseline,sector,0.0,0.0,0.0,0.8120910467754717,24
2023-01-26,raw_pca_residual,raw_pca,raw_pca,14.0,2.6153791806491165,17.6006467296241,0.6580151239820514,24
2023-01-26,raw_pca_stabilized,raw_pca,raw_pca,14.0,2.6153791806491165,17.6006467296241,0.6580151239820514,24
2023-01-26,rmt_filtered_residual,rmt_filtered,rmt,1.0,2.6153791806491165,17.6006467296241,0.7858217552118623,24
2023-01-26,rmt_filtered_conservative,rmt_filtered,rmt,1.0,2.6153791806491165,17.6006467296241,0.7858217552118623,24
2023-01-27,sector_baseline,baseline,sector,0.0,0.0,0.0,0.8625759470239642,24
2023-01-27,raw_pca_residual,raw_pca,raw_pca,14.0,2.6153791806491165,17.57438595976497,0.7360816576541723,24
2023-01-27,raw_pca_stabilized,raw_pca,raw_pca,14.0,2.6153791806491165,17.57438595976497,0.7360816576541723,24
2023-01-27,rmt_filtered_residual,rmt_filtered,rmt,1.0,2.6153791806491165,17.57438595976497,0.8263966874205827,24
2023-01-27,rmt_filtered_conservative,rmt_filtered,rmt,1.0,2.6153791806491165,17.57438595976497,0.8263966874205827,24
2023-01-30,sector_baseline,baseline,sector,0.0,0.0,0.0,0.6902121297625147,24
2023-01-30,raw_pca_residual,raw_pca,raw_pca,14.0,2.6153791806491165,17.381906736092237,0.8804001463382947,24
2023-01-30,raw_pca_stabilized,raw_pca,raw_pca,14.0,2.6153791806491165,17.381906736092237,0.8804001463382947,24
2023-01-30,rmt_filtered_residual,rmt_filtered,rmt,1.0,2.6153791806491165,17.381906736092237,0.675296369689371,24
2023-01-30,rmt_filtered_conservative,rmt_filtered,rmt,1.0,2.6153791806491165,17.381906736092237,0.675296369689371,24
2023-01-31,sector_baseline,baseline,sector,0.0,0.0,0.0,0.9224783641747066,24
2023-01-31,raw_pca_residual,raw_pca,raw_pca,14.0,2.6153791806491165,17.38243816410489,0.594231995830766,24
2023-01-31,raw_pca_stabilized,raw_pca,raw_pca,14.0,2.6153791806491165,17.38243816410489,0.594231995830766,24
2023-01-31,rmt_filtered_residual,rmt_filtered,rmt,1.0,2.6153791806491165,17.38243816410489,0.8536923764797217,24
2023-01-31,rmt_filtered_conservative,rmt_filtered,rmt,1.0,2.6153791806491165,17.38243816410489,0.8536923764797217,24
2023-02-01,sector_baseline,baseline,sector,0.0,0.0,0.0,0.8875886523534651,24
2023-02-01,raw_pca_residual,raw_pca,raw_pca,14.0,2.6153791806491165,17.448417378327246,1.0744558801484034,24
2023-02-01,raw_pca_stabilized,raw_pca,raw_pca,14.0,2.6153791806491165,17.448417378327246,1.0744558801484034,24
2023-02-01,rmt_filtered_residual,rmt_filtered,rmt,1.0,2.6153791806491165,17.448417378327246,0.7884301925459297,24
2023-02-01,rmt_filtered_conservative,rmt_filtered,rmt,1.0,2.6153791806491165,17.448417378327246,0.7884301925459297,24
2023-02-02,sector_baseline,baseline,sector,0.0,0.0,0.0,0.8565821608348091,24
2023-02-02,raw_pca_residual,raw_pca,raw_pca,14.0,2.6153791806491165,17.513705155331404,0.6790977138424233,24
2023-02-02,raw_pca_stabilized,raw_pca,raw_pca,14.0,2.6153791806491165,17.513705155331404,0.6790977138424233,24
2023-02-02,rmt_filtered_residual,rmt_filtered,rmt,1.0,2.6153791806491165,17.513705155331404,0.8355458032173653,24
2023-02-02,rmt_filtered_conservative,rmt_filtered,rmt,1.0,2.6153791806491165,17.513705155331404,0.8355458032173653,24
2023-02-03,sector_baseline,baseline,sector,0.0,0.0,0.0,0.7261134126588504,24
2023-02-03,raw_pca_residual,raw_pca,raw_pca,14.0,2.6153791806491165,17.167736025812996,0.9128939294571832,24
2023-02-03,raw_pca_stabilized,raw_pca,raw_pca,14.0,2.6153791806491165,17.167736025812996,0.9128939294571832,24
2023-02-03,rmt_filtered_residual,rmt_filtered,rmt,1.0,2.6153791806491165,17.167736025812996,0.7380695937606255,24
2023-02-03,rmt_filtered_conservative,rmt_filtered,rmt,1.0,2.6153791806491165,17.167736025812996,0.7380695937606255,24
2023-02-06,sector_baseline,baseline,sector,0.0,0.0,0.0,0.6947018473323388,24
2023-02-06,raw_pca_residual,raw_pca,raw_pca,14.0,2.6153791806491165,17.191668357820305,0.7823785920033696,24
2023-02-06,raw_pca_stabilized,raw_pca,raw_pca,14.0,2.6153791806491165,17.191668357820305,0.7823785920033696,24
2023-02-06,rmt_filtered_residual,rmt_filtered,rmt,1.0,2.6153791806491165,17.191668357820305,0.670029695081678,24
2023-02-06,rmt_filtered_conservative,rmt_filtered,rmt,1.0,2.6153791806491165,17.191668357820305,0.670029695081678,24
2023-02-07,sector_baseline,baseline,sector,0.0,0.0,0.0,0.8365426109746332,24
2023-02-07,raw_pca_residual,raw_pca,raw_pca,14.0,2.6153791806491165,17.180771076027128,0.6698234011702618,24
2023-02-07,raw_pca_stabilized,raw_pca,raw_pca,14.0,2.6153791806491165,17.180771076027128,0.6698234011702618,24
2023-02-07,rmt_filtered_residual,rmt_filtered,rmt,1.0,2.6153791806491165,17.180771076027128,0.8484010630857753,24
2023-02-07,rmt_filtered_conservative,rmt_filtered,rmt,1.0,2.6153791806491165,17.180771076027128,0.8484010630857753,24
2023-02-08,sector_baseline,baseline,sector,0.0,0.0,0.0,0.8502055969144205,24
2023-02-08,raw_pca_residual,raw_pca,raw_pca,14.0,2.6153791806491165,17.12561742311517,0.6024877756335424,24
2023-02-08,raw_pca_stabilized,raw_pca,raw_pca,14.0,2.6153791806491165,17.12561742311517,0.6024877756335424,24
2023-02-08,rmt_filtered_residual,rmt_filtered,rmt,1.0,2.6153791806491165,17.12561742311517,0.7611633132467398,24
2023-02-08,rmt_filtered_conservative,rmt_filtered,rmt,1.0,2.6153791806491165,17.12561742311517,0.7611633132467398,24
2023-02-09,sector_baseline,baseline,sector,0.0,0.0,0.0,0.8703245643623932,24
2023-02-09,raw_pca_residual,raw_pca,raw_pca,14.0,2.6153791806491165,17.178875136123708,1.0029529353596807,24
2023-02-09,raw_pca_stabilized,raw_pca,raw_pca,14.0,2.6153791806491165,17.178875136123708,1.0029529353596807,24
2023-02-09,rmt_filtered_residual,rmt_filtered,rmt,1.0,2.6153791806491165,17.178875136123708,0.8962813306838591,24
2023-02-09,rmt_filtered_conservative,rmt_filtered,rmt,1.0,2.6153791806491165,17.178875136123708,0.8962813306838591,24
2023-02-10,sector_baseline,baseline,sector,0.0,0.0,0.0,0.6731162854041863,24
2023-02-10,raw_pca_residual,raw_pca,raw_pca,14.0,2.6153791806491165,17.188566767525845,0.8831576741640436,24
2023-02-10,raw_pca_stabilized,raw_pca,raw_pca,14.0,2.6153791806491165,17.188566767525845,0.8831576741640436,24
2023-02-10,rmt_filtered_residual,rmt_filtered,rmt,1.0,2.6153791806491165,17.188566767525845,0.6519890556089839,24
2023-02-10,rmt_filtered_conservative,rmt_filtered,rmt,1.0,2.6153791806491165,17.188566767525845,0.6519890556089839,24
2023-02-13,sector_baseline,baseline,sector,0.0,0.0,0.0,1.0064069319824087,24
2023-02-13,raw_pca_residual,raw_pca,raw_pca,14.0,2.6153791806491165,17.12736576222672,1.0111451380142118,24
2023-02-13,raw_pca_stabilized,raw_pca,raw_pca,14.0,2.6153791806491165,17.12736576222672,1.0111451380142118,24
2023-02-13,rmt_filtered_residual,rmt_filtered,rmt,1.0,2.6153791806491165,17.12736576222672,0.9110668164497997,24
2023-02-13,rmt_filtered_conservative,rmt_filtered,rmt,1.0,2.6153791806491165,17.12736576222672,0.9110668164497997,24
2023-02-14,sector_baseline,baseline,sector,0.0,0.0,0.0,0.9002577604668639,24
2023-02-14,raw_pca_residual,raw_pca,raw_pca,14.0,2.6153791806491165,17.081356765829337,1.0064637381437282,24
2023-02-14,raw_pca_stabilized,raw_pca,raw_pca,14.0,2.6153791806491165,17.081356765829337,1.0064637381437282,24
2023-02-14,rmt_filtered_residual,rmt_filtered,rmt,1.0,2.6153791806491165,17.081356765829337,0.8497878528824324,24
2023-02-14,rmt_filtered_conservative,rmt_filtered,rmt,1.0,2.6153791806491165,17.081356765829337,0.8497878528824324,24
2023-02-15,sector_baseline,baseline,sector,0.0,0.0,0.0,0.730697983283088,24
2023-02-15,raw_pca_residual,raw_pca,raw_pca,14.0,2.6153791806491165,17.065315890308238,1.054113035426118,24
2023-02-15,raw_pca_stabilized,raw_pca,raw_pca,14.0,2.6153791806491165,17.065315890308238,1.054113035426118,24
2023-02-15,rmt_filtered_residual,rmt_filtered,rmt,1.0,2.6153791806491165,17.065315890308238,0.7830113687827377,24
2023-02-15,rmt_filtered_conservative,rmt_filtered,rmt,1.0,2.6153791806491165,17.065315890308238,0.7830113687827377,24
2023-02-16,sector_baseline,baseline,sector,0.0,0.0,0.0,0.9266450288856364,24
2023-02-16,raw_pca_residual,raw_pca,raw_pca,14.0,2.6153791806491165,17.044830003831635,1.030248031411299,24
2023-02-16,raw_pca_stabilized,raw_pca,raw_pca,14.0,2.6153791806491165,17.044830003831635,1.030248031411299,24
2023-02-16,rmt_filtered_residual,rmt_filtered,rmt,1.0,2.6153791806491165,17.044830003831635,0.8192225601465998,24
2023-02-16,rmt_filtered_conservative,rmt_filtered,rmt,1.0,2.6153791806491165,17.044830003831635,0.8192225601465998,24
2023-02-17,sector_baseline,baseline,sector,0.0,0.0,0.0,0.9758051259530868,24
2023-02-17,raw_pca_residual,raw_pca,raw_pca,14.0,2.6153791806491165,17.009058398919418,1.1232906014293644,24
2023-02-17,raw_pca_stabilized,raw_pca,raw_pca,14.0,2.6153791806491165,17.009058398919418,1.1232906014293644,24
2023-02-17,rmt_filtered_residual,rmt_filtered,rmt,1.0,2.6153791806491165,17.009058398919418,0.8779074780627552,24
2023-02-17,rmt_filtered_conservative,rmt_filtered,rmt,1.0,2.6153791806491165,17.009058398919418,0.8779074780627552,24
2023-02-20,sector_baseline,baseline,sector,0.0,0.0,0.0,0.8982103206886146,24
2023-02-20,raw_pca_residual,raw_pca,raw_pca,14.0,2.6153791806491165,16.99663190091103,0.5568278573822188,24
2023-02-20,raw_pca_stabilized,raw_pca,raw_pca,14.0,2.6153791806491165,16.99663190091103,0.5568278573822188,24
2023-02-20,rmt_filtered_residual,rmt_filtered,rmt,1.0,2.6153791806491165,16.99663190091103,0.808292917402165,24
2023-02-20,rmt_filtered_conservative,rmt_filtered,rmt,1.0,2.6153791806491165,16.99663190091103,0.808292917402165,24
2023-02-21,sector_baseline,baseline,sector,0.0,0.0,0.0,0.7811128809174801,24
2023-02-21,raw_pca_residual,raw_pca,raw_pca,14.0,2.6153791806491165,15.925828817182447,0.8381035081581097,24
2023-02-21,raw_pca_stabilized,raw_pca,raw_pca,14.0,2.6153791806491165,15.925828817182447,0.8381035081581097,24
2023-02-21,rmt_filtered_residual,rmt_filtered,rmt,1.0,2.6153791806491165,15.925828817182447,0.7804158237884516,24
2023-02-21,rmt_filtered_conservative,rmt_filtered,rmt,1.0,2.6153791806491165,15.925828817182447,0.7804158237884516,24
2023-02-22,sector_baseline,baseline,sector,0.0,0.0,0.0,0.6321407130738418,24
2023-02-22,raw_pca_residual,raw_pca,raw_pca,14.0,2.6153791806491165,15.756019608182005,0.5676811031294319,24
2023-02-22,raw_pca_stabilized,raw_pca,raw_pca,14.0,2.6153791806491165,15.756019608182005,0.5676811031294319,24
2023-02-22,rmt_filtered_residual,rmt_filtered,rmt,1.0,2.6153791806491165,15.756019608182005,0.6379094492724928,24
2023-02-22,rmt_filtered_conservative,rmt_filtered,rmt,1.0,2.6153791806491165,15.756019608182005,0.6379094492724928,24
2023-02-23,sector_baseline,baseline,sector,0.0,0.0,0.0,0.817337042981442,24
2023-02-23,raw_pca_residual,raw_pca,raw_pca,14.0,2.6153791806491165,15.628354456551842,0.7192644822535353,24
2023-02-23,raw_pca_stabilized,raw_pca,raw_pca,14.0,2.6153791806491165,15.628354456551842,0.7192644822535353,24
2023-02-23,rmt_filtered_residual,rmt_filtered,rmt,1.0,2.6153791806491165,15.628354456551842,0.950864799137809,24
2023-02-23,rmt_filtered_conservative,rmt_filtered,rmt,1.0,2.6153791806491165,15.628354456551842,0.950864799137809,24
2023-02-24,sector_baseline,baseline,sector,0.0,0.0,0.0,0.7296459957977941,24
2023-02-24,raw_pca_residual,raw_pca,raw_pca,14.0,2.6153791806491165,15.799074055238856,0.6615693819294569,24
2023-02-24,raw_pca_stabilized,raw_pca,raw_pca,14.0,2.6153791806491165,15.799074055238856,0.6615693819294569,24
2023-02-24,rmt_filtered_residual,rmt_filtered,rmt,1.0,2.6153791806491165,15.799074055238856,0.7073206440579437,24
2023-02-24,rmt_filtered_conservative,rmt_filtered,rmt,1.0,2.6153791806491165,15.799074055238856,0.7073206440579437,24
2023-02-27,sector_baseline,baseline,sector,0.0,0.0,0.0,0.7278561632230961,24
2023-02-27,raw_pca_residual,raw_pca,raw_pca,14.0,2.6153791806491165,15.770342520028395,0.9141394940446569,24
2023-02-27,raw_pca_stabilized,raw_pca,raw_pca,14.0,2.6153791806491165,15.770342520028395,0.9141394940446569,24
2023-02-27,rmt_filtered_residual,rmt_filtered,rmt,1.0,2.6153791806491165,15.770342520028395,0.6238462372177072,24
2023-02-27,rmt_filtered_conservative,rmt_filtered,rmt,1.0,2.6153791806491165,15.770342520028395,0.6238462372177072,24
2023-02-28,sector_baseline,baseline,sector,0.0,0.0,0.0,0.8461156931824201,24
2023-02-28,raw_pca_residual,raw_pca,raw_pca,14.0,2.6153791806491165,15.571740709356819,0.8887493197016071,24
2023-02-28,raw_pca_stabilized,raw_pca,raw_pca,14.0,2.6153791806491165,15.571740709356819,0.8887493197016071,24
2023-02-28,rmt_filtered_residual,rmt_filtered,rmt,1.0,2.6153791806491165,15.571740709356819,0.935706608244622,24
2023-02-28,rmt_filtered_conservative,rmt_filtered,rmt,1.0,2.6153791806491165,15.571740709356819,0.935706608244622,24
2023-03-01,sector_baseline,baseline,sector,0.0,0.0,0.0,0.859377752915814,24
2023-03-01,raw_pca_residual,raw_pca,raw_pca,14.0,2.6153791806491165,15.617216269351346,0.614661985294707,24
2023-03-01,raw_pca_stabilized,raw_pca,raw_pca,14.0,2.6153791806491165,15.617216269351346,0.614661985294707,24
2023-03-01,rmt_filtered_residual,rmt_filtered,rmt,1.0,2.6153791806491165,15.617216269351346,1.0279239402925022,24
2023-03-01,rmt_filtered_conservative,rmt_filtered,rmt,1.0,2.6153791806491165,15.617216269351346,1.0279239402925022,24
2023-03-02,sector_baseline,baseline,sector,0.0,0.0,0.0,0.8306206256169354,24
2023-03-02,raw_pca_residual,raw_pca,raw_pca,14.0,2.6153791806491165,15.795214468566778,1.0381914723189232,24
2023-03-02,raw_pca_stabilized,raw_pca,raw_pca,14.0,2.6153791806491165,15.795214468566778,1.0381914723189232,24
2023-03-02,rmt_filtered_residual,rmt_filtered,rmt,1.0,2.6153791806491165,15.795214468566778,0.9236584461537604,24
2023-03-02,rmt_filtered_conservative,rmt_filtered,rmt,1.0,2.6153791806491165,15.795214468566778,0.9236584461537604,24
2023-03-03,sector_baseline,baseline,sector,0.0,0.0,0.0,0.9807081322779853,24
2023-03-03,raw_pca_residual,raw_pca,raw_pca,14.0,2.6153791806491165,15.72997995000363,0.8441143596712618,24
2023-03-03,raw_pca_stabilized,raw_pca,raw_pca,14.0,2.6153791806491165,15.72997995000363,0.8441143596712618,24
2023-03-03,rmt_filtered_residual,rmt_filtered,rmt,1.0,2.6153791806491165,15.72997995000363,1.0731605181485426,24
2023-03-03,rmt_filtered_conservative,rmt_filtered,rmt,1.0,2.6153791806491165,15.72997995000363,1.0731605181485426,24
2023-03-06,sector_baseline,baseline,sector,0.0,0.0,0.0,0.8420199121036775,24
2023-03-06,raw_pca_residual,raw_pca,raw_pca,14.0,2.6153791806491165,15.773351890684436,0.9147693074575566,24
2023-03-06,raw_pca_stabilized,raw_pca,raw_pca,14.0,2.6153791806491165,15.773351890684436,0.9147693074575566,24
2023-03-06,rmt_filtered_residual,rmt_filtered,rmt,1.0,2.6153791806491165,15.773351890684436,0.8642599403793625,24
2023-03-06,rmt_filtered_conservative,rmt_filtered,rmt,1.0,2.6153791806491165,15.773351890684436,0.8642599403793625,24
2023-03-07,sector_baseline,baseline,sector,0.0,0.0,0.0,0.6263112047038035,24
2023-03-07,raw_pca_residual,raw_pca,raw_pca,14.0,2.6153791806491165,15.736449802027023,0.5089199264949302,24
2023-03-07,raw_pca_stabilized,raw_pca,raw_pca,14.0,2.6153791806491165,15.736449802027023,0.5089199264949302,24
2023-03-07,rmt_filtered_residual,rmt_filtered,rmt,1.0,2.6153791806491165,15.736449802027023,0.6466079901802245,24
2023-03-07,rmt_filtered_conservative,rmt_filtered,rmt,1.0,2.6153791806491165,15.736449802027023,0.6466079901802245,24
2023-03-08,sector_baseline,baseline,sector,0.0,0.0,0.0,0.8795861562842703,24
2023-03-08,raw_pca_residual,raw_pca,raw_pca,14.0,2.6153791806491165,15.669235807311379,0.6540758342929508,24
2023-03-08,raw_pca_stabilized,raw_pca,raw_pca,14.0,2.6153791806491165,15.669235807311379,0.6540758342929508,24
2023-03-08,rmt_filtered_residual,rmt_filtered,rmt,1.0,2.6153791806491165,15.669235807311379,0.80317300509113,24
2023-03-08,rmt_filtered_conservative,rmt_filtered,rmt,1.0,2.6153791806491165,15.669235807311379,0.80317300509113,24
2023-03-09,sector_baseline,baseline,sector,0.0,0.0,0.0,0.9276121373919963,24
2023-03-09,raw_pca_residual,raw_pca,raw_pca,14.0,2.6153791806491165,15.64044602004831,0.6089691220398008,24
2023-03-09,raw_pca_stabilized,raw_pca,raw_pca,14.0,2.6153791806491165,15.64044602004831,0.6089691220398008,24
2023-03-09,rmt_filtered_residual,rmt_filtered,rmt,1.0,2.6153791806491165,15.64044602004831,0.8555194622383584,24
2023-03-09,rmt_filtered_conservative,rmt_filtered,rmt,1.0,2.6153791806491165,15.64044602004831,0.8555194622383584,24
2023-03-10,sector_baseline,baseline,sector,0.0,0.0,0.0,0.5998379454494277,24
2023-03-10,raw_pca_residual,raw_pca,raw_pca,14.0,2.6153791806491165,15.569602525991629,0.8315172768353866,24
2023-03-10,raw_pca_stabilized,raw_pca,raw_pca,14.0,2.6153791806491165,15.569602525991629,0.8315172768353866,24
2023-03-10,rmt_filtered_residual,rmt_filtered,rmt,1.0,2.6153791806491165,15.569602525991629,0.84189264571653,24
2023-03-10,rmt_filtered_conservative,rmt_filtered,rmt,1.0,2.6153791806491165,15.569602525991629,0.84189264571653,24
2023-03-13,sector_baseline,baseline,sector,0.0,0.0,0.0,0.6377765140689177,24
2023-03-13,raw_pca_residual,raw_pca,raw_pca,14.0,2.6153791806491165,15.774455406880385,0.7192502806619738,24
2023-03-13,raw_pca_stabilized,raw_pca,raw_pca,14.0,2.6153791806491165,15.774455406880385,0.7192502806619738,24
2023-03-13,rmt_filtered_residual,rmt_filtered,rmt,1.0,2.6153791806491165,15.774455406880385,0.6370903613759928,24
2023-03-13,rmt_filtered_conservative,rmt_filtered,rmt,1.0,2.6153791806491165,15.774455406880385,0.6370903613759928,24
2023-03-14,sector_baseline,baseline,sector,0.0,0.0,0.0,0.6593363892362173,24
2023-03-14,raw_pca_residual,raw_pca,raw_pca,14.0,2.6153791806491165,15.89602879020659,0.6840930034610668,24
2023-03-14,raw_pca_stabilized,raw_pca,raw_pca,14.0,2.6153791806491165,15.89602879020659,0.6840930034610668,24
2023-03-14,rmt_filtered_residual,rmt_filtered,rmt,1.0,2.6153791806491165,15.89602879020659,0.9130724118650838,24
2023-03-14,rmt_filtered_conservative,rmt_filtered,rmt,1.0,2.6153791806491165,15.89602879020659,0.9130724118650838,24
2023-03-15,sector_baseline,baseline,sector,0.0,0.0,0.0,0.7236676142031951,24
2023-03-15,raw_pca_residual,raw_pca,raw_pca,14.0,2.6153791806491165,16.054008137737945,0.8945924686377719,24
2023-03-15,raw_pca_stabilized,raw_pca,raw_pca,14.0,2.6153791806491165,16.054008137737945,0.8945924686377719,24
2023-03-15,rmt_filtered_residual,rmt_filtered,rmt,1.0,2.6153791806491165,16.054008137737945,0.7216262014892871,24
2023-03-15,rmt_filtered_conservative,rmt_filtered,rmt,1.0,2.6153791806491165,16.054008137737945,0.7216262014892871,24
2023-03-16,sector_baseline,baseline,sector,0.0,0.0,0.0,0.8236755605894978,24
2023-03-16,raw_pca_residual,raw_pca,raw_pca,14.0,2.6153791806491165,16.03034517828676,0.7650908286491201,24
2023-03-16,raw_pca_stabilized,raw_pca,raw_pca,14.0,2.6153791806491165,16.03034517828676,0.7650908286491201,24
2023-03-16,rmt_filtered_residual,rmt_filtered,rmt,1.0,2.6153791806491165,16.03034517828676,0.885889835129246,24
2023-03-16,rmt_filtered_conservative,rmt_filtered,rmt,1.0,2.6153791806491165,16.03034517828676,0.885889835129246,24
2023-03-17,sector_baseline,baseline,sector,0.0,0.0,0.0,0.5932562245505685,24
2023-03-17,raw_pca_residual,raw_pca,raw_pca,14.0,2.6153791806491165,15.869711191882528,0.8804686439290176,24
2023-03-17,raw_pca_stabilized,raw_pca,raw_pca,14.0,2.6153791806491165,15.869711191882528,0.8804686439290176,24
2023-03-17,rmt_filtered_residual,rmt_filtered,rmt,1.0,2.6153791806491165,15.869711191882528,0.6237876106480378,24
2023-03-17,rmt_filtered_conservative,rmt_filtered,rmt,1.0,2.6153791806491165,15.869711191882528,0.6237876106480378,24
2023-03-20,sector_baseline,baseline,sector,0.0,0.0,0.0,0.8971415572445472,24
2023-03-20,raw_pca_residual,raw_pca,raw_pca,14.0,2.6153791806491165,15.968473776209208,0.8682964965902297,24
2023-03-20,raw_pca_stabilized,raw_pca,raw_pca,14.0,2.6153791806491165,15.968473776209208,0.8682964965902297,24
2023-03-20,rmt_filtered_residual,rmt_filtered,rmt,1.0,2.6153791806491165,15.968473776209208,0.8812195968846007,24
2023-03-20,rmt_filtered_conservative,rmt_filtered,rmt,1.0,2.6153791806491165,15.968473776209208,0.8812195968846007,24
2023-03-21,sector_baseline,baseline,sector,0.0,0.0,0.0,0.7116688817727347,24
2023-03-21,raw_pca_residual,raw_pca,raw_pca,14.0,2.6153791806491165,15.770964339647367,0.6712559807569644,24
2023-03-21,raw_pca_stabilized,raw_pca,raw_pca,14.0,2.6153791806491165,15.770964339647367,0.6712559807569644,24
2023-03-21,rmt_filtered_residual,rmt_filtered,rmt,1.0,2.6153791806491165,15.770964339647367,0.7145442779406936,24
2023-03-21,rmt_filtered_conservative,rmt_filtered,rmt,1.0,2.6153791806491165,15.770964339647367,0.7145442779406936,24
2023-03-22,sector_baseline,baseline,sector,0.0,0.0,0.0,0.9176859893180014,24
2023-03-22,raw_pca_residual,raw_pca,raw_pca,14.0,2.6153791806491165,15.565316163797716,1.1181162077565532,24
2023-03-22,raw_pca_stabilized,raw_pca,raw_pca,14.0,2.6153791806491165,15.565316163797716,1.1181162077565532,24
2023-03-22,rmt_filtered_residual,rmt_filtered,rmt,1.0,2.6153791806491165,15.565316163797716,1.038828610603483,24
2023-03-22,rmt_filtered_conservative,rmt_filtered,rmt,1.0,2.6153791806491165,15.565316163797716,1.038828610603483,24
2023-03-23,sector_baseline,baseline,sector,0.0,0.0,0.0,0.8269453183042378,24
2023-03-23,raw_pca_residual,raw_pca,raw_pca,14.0,2.6153791806491165,15.058930905439455,1.0536648248142029,24
2023-03-23,raw_pca_stabilized,raw_pca,raw_pca,14.0,2.6153791806491165,15.058930905439455,1.0536648248142029,24
2023-03-23,rmt_filtered_residual,rmt_filtered,rmt,1.0,2.6153791806491165,15.058930905439455,0.8813704290023999,24
2023-03-23,rmt_filtered_conservative,rmt_filtered,rmt,1.0,2.6153791806491165,15.058930905439455,0.8813704290023999,24
2023-03-24,sector_baseline,baseline,sector,0.0,0.0,0.0,0.7239719804221908,24
2023-03-24,raw_pca_residual,raw_pca,raw_pca,14.0,2.6153791806491165,15.138140468202078,0.6472244767932613,24
2023-03-24,raw_pca_stabilized,raw_pca,raw_pca,14.0,2.6153791806491165,15.138140468202078,0.6472244767932613,24
2023-03-24,rmt_filtered_residual,rmt_filtered,rmt,1.0,2.6153791806491165,15.138140468202078,0.7305857017398077,24
2023-03-24,rmt_filtered_conservative,rmt_filtered,rmt,1.0,2.6153791806491165,15.138140468202078,0.7305857017398077,24
2023-03-27,sector_baseline,baseline,sector,0.0,0.0,0.0,0.5429086048624151,24
2023-03-27,raw_pca_residual,raw_pca,raw_pca,14.0,2.6153791806491165,14.718067359696265,0.7937152522024329,24
2023-03-27,raw_pca_stabilized,raw_pca,raw_pca,14.0,2.6153791806491165,14.718067359696265,0.7937152522024329,24
2023-03-27,rmt_filtered_residual,rmt_filtered,rmt,1.0,2.6153791806491165,14.718067359696265,0.7022151533012236,24
2023-03-27,rmt_filtered_conservative,rmt_filtered,rmt,1.0,2.6153791806491165,14.718067359696265,0.7022151533012236,24
2023-03-28,sector_baseline,baseline,sector,0.0,0.0,0.0,0.8465809392486436,24
2023-03-28,raw_pca_residual,raw_pca,raw_pca,14.0,2.6153791806491165,14.81937463407114,0.6303039911782127,24
2023-03-28,raw_pca_stabilized,raw_pca,raw_pca,14.0,2.6153791806491165,14.81937463407114,0.6303039911782127,24
2023-03-28,rmt_filtered_residual,rmt_filtered,rmt,1.0,2.6153791806491165,14.81937463407114,0.8670943438191729,24
2023-03-28,rmt_filtered_conservative,rmt_filtered,rmt,1.0,2.6153791806491165,14.81937463407114,0.8670943438191729,24
2023-03-29,sector_baseline,baseline,sector,0.0,0.0,0.0,0.9523565874157541,24
2023-03-29,raw_pca_residual,raw_pca,raw_pca,14.0,2.6153791806491165,14.720163704163353,1.0641890164832992,24
2023-03-29,raw_pca_stabilized,raw_pca,raw_pca,14.0,2.6153791806491165,14.720163704163353,1.0641890164832992,24
2023-03-29,rmt_filtered_residual,rmt_filtered,rmt,1.0,2.6153791806491165,14.720163704163353,0.9262717177715487,24
2023-03-29,rmt_filtered_conservative,rmt_filtered,rmt,1.0,2.6153791806491165,14.720163704163353,0.9262717177715487,24
2023-03-30,sector_baseline,baseline,sector,0.0,0.0,0.0,1.1117835925502477,24
2023-03-30,raw_pca_residual,raw_pca,raw_pca,14.0,2.6153791806491165,14.657079517215063,1.2277979162284394,24
2023-03-30,raw_pca_stabilized,raw_pca,raw_pca,14.0,2.6153791806491165,14.657079517215063,1.2277979162284394,24
2023-03-30,rmt_filtered_residual,rmt_filtered,rmt,1.0,2.6153791806491165,14.657079517215063,1.0083913940643707,24
2023-03-30,rmt_filtered_conservative,rmt_filtered,rmt,1.0,2.6153791806491165,14.657079517215063,1.0083913940643707,24
2023-03-31,sector_baseline,baseline,sector,0.0,0.0,0.0,1.171519443070358,24
2023-03-31,raw_pca_residual,raw_pca,raw_pca,14.0,2.6153791806491165,14.575288693547606,0.6508465900034186,24
2023-03-31,raw_pca_stabilized,raw_pca,raw_pca,14.0,2.6153791806491165,14.575288693547606,0.6508465900034186,24
2023-03-31,rmt_filtered_residual,rmt_filtered,rmt,1.0,2.6153791806491165,14.575288693547606,0.9914204414135166,24
2023-03-31,rmt_filtered_conservative,rmt_filtered,rmt,1.0,2.6153791806491165,14.575288693547606,0.9914204414135166,24
2023-04-03,sector_baseline,baseline,sector,0.0,0.0,0.0,0.8253185523432119,24
2023-04-03,raw_pca_residual,raw_pca,raw_pca,14.0,2.6153791806491165,14.644832287958907,0.9114573086309165,24
2023-04-03,raw_pca_stabilized,raw_pca,raw_pca,14.0,2.6153791806491165,14.644832287958907,0.9114573086309165,24
2023-04-03,rmt_filtered_residual,rmt_filtered,rmt,1.0,2.6153791806491165,14.644832287958907,0.6563256423430719,24
2023-04-03,rmt_filtered_conservative,rmt_filtered,rmt,1.0,2.6153791806491165,14.644832287958907,0.6563256423430719,24
2023-04-04,sector_baseline,baseline,sector,0.0,0.0,0.0,0.8577513505942279,24
2023-04-04,raw_pca_residual,raw_pca,raw_pca,14.0,2.6153791806491165,14.63189058583895,1.163967586776356,24
2023-04-04,raw_pca_stabilized,raw_pca,raw_pca,14.0,2.6153791806491165,14.63189058583895,1.163967586776356,24
2023-04-04,rmt_filtered_residual,rmt_filtered,rmt,1.0,2.6153791806491165,14.63189058583895,0.8241686856873516,24
2023-04-04,rmt_filtered_conservative,rmt_filtered,rmt,1.0,2.6153791806491165,14.63189058583895,0.8241686856873516,24
2023-04-05,sector_baseline,baseline,sector,0.0,0.0,0.0,0.5666915887535006,24
2023-04-05,raw_pca_residual,raw_pca,raw_pca,14.0,2.6153791806491165,15.199531139716425,0.5048763724178813,24
2023-04-05,raw_pca_stabilized,raw_pca,raw_pca,14.0,2.6153791806491165,15.199531139716425,0.5048763724178813,24
2023-04-05,rmt_filtered_residual,rmt_filtered,rmt,1.0,2.6153791806491165,15.199531139716425,0.5603212832291219,24
2023-04-05,rmt_filtered_conservative,rmt_filtered,rmt,1.0,2.6153791806491165,15.199531139716425,0.5603212832291219,24
2023-04-06,sector_baseline,baseline,sector,0.0,0.0,0.0,0.7740084337529014,24
2023-04-06,raw_pca_residual,raw_pca,raw_pca,14.0,2.6153791806491165,15.015681437797578,0.8201872172811809,24
2023-04-06,raw_pca_stabilized,raw_pca,raw_pca,14.0,2.6153791806491165,15.015681437797578,0.8201872172811809,24
2023-04-06,rmt_filtered_residual,rmt_filtered,rmt,1.0,2.6153791806491165,15.015681437797578,0.9201022730276393,24
2023-04-06,rmt_filtered_conservative,rmt_filtered,rmt,1.0,2.6153791806491165,15.015681437797578,0.9201022730276393,24
2023-04-07,sector_baseline,baseline,sector,0.0,0.0,0.0,0.5374338230003045,24
2023-04-07,raw_pca_residual,raw_pca,raw_pca,14.0,2.6153791806491165,15.097790712065853,0.5549696992100838,24
2023-04-07,raw_pca_stabilized,raw_pca,raw_pca,14.0,2.6153791806491165,15.097790712065853,0.5549696992100838,24
2023-04-07,rmt_filtered_residual,rmt_filtered,rmt,1.0,2.6153791806491165,15.097790712065853,0.4798652248968547,24
2023-04-07,rmt_filtered_conservative,rmt_filtered,rmt,1.0,2.6153791806491165,15.097790712065853,0.4798652248968547,24
2023-04-10,sector_baseline,baseline,sector,0.0,0.0,0.0,0.6432268715089187,24
2023-04-10,raw_pca_residual,raw_pca,raw_pca,14.0,2.6153791806491165,15.000571591785038,0.7210016564332943,24
2023-04-10,raw_pca_stabilized,raw_pca,raw_pca,14.0,2.6153791806491165,15.000571591785038,0.7210016564332943,24
2023-04-10,rmt_filtered_residual,rmt_filtered,rmt,1.0,2.6153791806491165,15.000571591785038,0.7160181990605056,24
2023-04-10,rmt_filtered_conservative,rmt_filtered,rmt,1.0,2.6153791806491165,15.000571591785038,0.7160181990605056,24
2023-04-11,sector_baseline,baseline,sector,0.0,0.0,0.0,0.7219483024302801,24
2023-04-11,raw_pca_residual,raw_pca,raw_pca,14.0,2.6153791806491165,15.086016195223367,0.7965096920202454,24
2023-04-11,raw_pca_stabilized,raw_pca,raw_pca,14.0,2.6153791806491165,15.086016195223367,0.7965096920202454,24
2023-04-11,rmt_filtered_residual,rmt_filtered,rmt,1.0,2.6153791806491165,15.086016195223367,0.7092751695373343,24
2023-04-11,rmt_filtered_conservative,rmt_filtered,rmt,1.0,2.6153791806491165,15.086016195223367,0.7092751695373343,24
2023-04-12,sector_baseline,baseline,sector,0.0,0.0,0.0,0.8101178554248568,24
2023-04-12,raw_pca_residual,raw_pca,raw_pca,14.0,2.6153791806491165,15.124020920331384,0.725068972712983,24
2023-04-12,raw_pca_stabilized,raw_pca,raw_pca,14.0,2.6153791806491165,15.124020920331384,0.725068972712983,24
2023-04-12,rmt_filtered_residual,rmt_filtered,rmt,1.0,2.6153791806491165,15.124020920331384,0.7479801416824096,24
2023-04-12,rmt_filtered_conservative,rmt_filtered,rmt,1.0,2.6153791806491165,15.124020920331384,0.7479801416824096,24
2023-04-13,sector_baseline,baseline,sector,0.0,0.0,0.0,0.9635985574474691,24
2023-04-13,raw_pca_residual,raw_pca,raw_pca,14.0,2.6153791806491165,15.114999879554293,0.9352841291287284,24
2023-04-13,raw_pca_stabilized,raw_pca,raw_pca,14.0,2.6153791806491165,15.114999879554293,0.9352841291287284,24
2023-04-13,rmt_filtered_residual,rmt_filtered,rmt,1.0,2.6153791806491165,15.114999879554293,0.8699785150299985,24
2023-04-13,rmt_filtered_conservative,rmt_filtered,rmt,1.0,2.6153791806491165,15.114999879554293,0.8699785150299985,24
2023-04-14,sector_baseline,baseline,sector,0.0,0.0,0.0,0.8921795968690627,24
2023-04-14,raw_pca_residual,raw_pca,raw_pca,14.0,2.6153791806491165,15.207313433868277,0.6187176252362644,24
2023-04-14,raw_pca_stabilized,raw_pca,raw_pca,14.0,2.6153791806491165,15.207313433868277,0.6187176252362644,24
2023-04-14,rmt_filtered_residual,rmt_filtered,rmt,1.0,2.6153791806491165,15.207313433868277,0.8306556573160346,24
2023-04-14,rmt_filtered_conservative,rmt_filtered,rmt,1.0,2.6153791806491165,15.207313433868277,0.8306556573160346,24
2023-04-17,sector_baseline,baseline,sector,0.0,0.0,0.0,0.44471003040789386,24
2023-04-17,raw_pca_residual,raw_pca,raw_pca,14.0,2.6153791806491165,15.100193312440435,0.8640626630940194,24
2023-04-17,raw_pca_stabilized,raw_pca,raw_pca,14.0,2.6153791806491165,15.100193312440435,0.8640626630940194,24
2023-04-17,rmt_filtered_residual,rmt_filtered,rmt,1.0,2.6153791806491165,15.100193312440435,0.4780345448703002,24
2023-04-17,rmt_filtered_conservative,rmt_filtered,rmt,1.0,2.6153791806491165,15.100193312440435,0.4780345448703002,24
2023-04-18,sector_baseline,baseline,sector,0.0,0.0,0.0,0.9248194780445976,24
2023-04-18,raw_pca_residual,raw_pca,raw_pca,14.0,2.6153791806491165,15.087035936642968,1.0754318143851709,24
2023-04-18,raw_pca_stabilized,raw_pca,raw_pca,14.0,2.6153791806491165,15.087035936642968,1.0754318143851709,24
2023-04-18,rmt_filtered_residual,rmt_filtered,rmt,1.0,2.6153791806491165,15.087035936642968,0.9136259818352309,24
2023-04-18,rmt_filtered_conservative,rmt_filtered,rmt,1.0,2.6153791806491165,15.087035936642968,0.9136259818352309,24
2023-04-19,sector_baseline,baseline,sector,0.0,0.0,0.0,0.8059632535627985,24
2023-04-19,raw_pca_residual,raw_pca,raw_pca,14.0,2.6153791806491165,14.717381294979525,0.8091061218071759,24
2023-04-19,raw_pca_stabilized,raw_pca,raw_pca,14.0,2.6153791806491165,14.717381294979525,0.8091061218071759,24
2023-04-19,rmt_filtered_residual,rmt_filtered,rmt,1.0,2.6153791806491165,14.717381294979525,0.8292952637081044,24
2023-04-19,rmt_filtered_conservative,rmt_filtered,rmt,1.0,2.6153791806491165,14.717381294979525,0.8292952637081044,24
2023-04-20,sector_baseline,baseline,sector,0.0,0.0,0.0,1.0811129948806215,24
2023-04-20,raw_pca_residual,raw_pca,raw_pca,14.0,2.6153791806491165,15.106399748186346,0.5950509232424571,24
2023-04-20,raw_pca_stabilized,raw_pca,raw_pca,14.0,2.6153791806491165,15.106399748186346,0.5950509232424571,24
2023-04-20,rmt_filtered_residual,rmt_filtered,rmt,1.0,2.6153791806491165,15.106399748186346,0.9448534522652093,24
2023-04-20,rmt_filtered_conservative,rmt_filtered,rmt,1.0,2.6153791806491165,15.106399748186346,0.9448534522652093,24
2023-04-21,sector_baseline,baseline,sector,0.0,0.0,0.0,0.6485530011638789,24
2023-04-21,raw_pca_residual,raw_pca,raw_pca,14.0,2.6153791806491165,15.178902053126677,0.5956833311017605,24
2023-04-21,raw_pca_stabilized,raw_pca,raw_pca,14.0,2.6153791806491165,15.178902053126677,0.5956833311017605,24
2023-04-21,rmt_filtered_residual,rmt_filtered,rmt,1.0,2.6153791806491165,15.178902053126677,0.7039383460422909,24
2023-04-21,rmt_filtered_conservative,rmt_filtered,rmt,1.0,2.6153791806491165,15.178902053126677,0.7039383460422909,24
2023-04-24,sector_baseline,baseline,sector,0.0,0.0,0.0,0.8930926233851184,24
2023-04-24,raw_pca_residual,raw_pca,raw_pca,14.0,2.6153791806491165,15.17898948753366,1.0923195247065807,24
2023-04-24,raw_pca_stabilized,raw_pca,raw_pca,14.0,2.6153791806491165,15.17898948753366,1.0923195247065807,24
2023-04-24,rmt_filtered_residual,rmt_filtered,rmt,1.0,2.6153791806491165,15.17898948753366,0.983187089325412,24
2023-04-24,rmt_filtered_conservative,rmt_filtered,rmt,1.0,2.6153791806491165,15.17898948753366,0.983187089325412,24
2023-04-25,sector_baseline,baseline,sector,0.0,0.0,0.0,0.9470506187661165,24
2023-04-25,raw_pca_residual,raw_pca,raw_pca,14.0,2.6153791806491165,15.207365519379904,0.7680075459434775,24
2023-04-25,raw_pca_stabilized,raw_pca,raw_pca,14.0,2.6153791806491165,15.207365519379904,0.7680075459434775,24
2023-04-25,rmt_filtered_residual,rmt_filtered,rmt,1.0,2.6153791806491165,15.207365519379904,0.9315795792501484,24
2023-04-25,rmt_filtered_conservative,rmt_filtered,rmt,1.0,2.6153791806491165,15.207365519379904,0.9315795792501484,24
2023-04-26,sector_baseline,baseline,sector,0.0,0.0,0.0,0.997930081384224,24
2023-04-26,raw_pca_residual,raw_pca,raw_pca,14.0,2.6153791806491165,15.248037535701332,0.815840989088671,24
2023-04-26,raw_pca_stabilized,raw_pca,raw_pca,14.0,2.6153791806491165,15.248037535701332,0.815840989088671,24
2023-04-26,rmt_filtered_residual,rmt_filtered,rmt,1.0,2.6153791806491165,15.248037535701332,0.9818596233642287,24
2023-04-26,rmt_filtered_conservative,rmt_filtered,rmt,1.0,2.6153791806491165,15.248037535701332,0.9818596233642287,24
2023-04-27,sector_baseline,baseline,sector,0.0,0.0,0.0,0.7332185195269624,24
2023-04-27,raw_pca_residual,raw_pca,raw_pca,14.0,2.6153791806491165,15.303117595335747,0.6703694082615147,24
2023-04-27,raw_pca_stabilized,raw_pca,raw_pca,14.0,2.6153791806491165,15.303117595335747,0.6703694082615147,24
2023-04-27,rmt_filtered_residual,rmt_filtered,rmt,1.0,2.6153791806491165,15.303117595335747,0.7558609223304754,24
2023-04-27,rmt_filtered_conservative,rmt_filtered,rmt,1.0,2.6153791806491165,15.303117595335747,0.7558609223304754,24
2023-04-28,sector_baseline,baseline,sector,0.0,0.0,0.0,0.5724720369125872,24
2023-04-28,raw_pca_residual,raw_pca,raw_pca,14.0,2.6153791806491165,15.601421049147806,0.7641473800546348,24
2023-04-28,raw_pca_stabilized,raw_pca,raw_pca,14.0,2.6153791806491165,15.601421049147806,0.7641473800546348,24
2023-04-28,rmt_filtered_residual,rmt_filtered,rmt,1.0,2.6153791806491165,15.601421049147806,0.6725601766965518,24
2023-04-28,rmt_filtered_conservative,rmt_filtered,rmt,1.0,2.6153791806491165,15.601421049147806,0.6725601766965518,24
2023-05-01,sector_baseline,baseline,sector,0.0,0.0,0.0,0.8503624562476334,24
2023-05-01,raw_pca_residual,raw_pca,raw_pca,14.0,2.6153791806491165,15.5332746484748,1.0864044992382347,24
2023-05-01,raw_pca_stabilized,raw_pca,raw_pca,14.0,2.6153791806491165,15.5332746484748,1.0864044992382347,24
2023-05-01,rmt_filtered_residual,rmt_filtered,rmt,1.0,2.6153791806491165,15.5332746484748,0.8301467157952365,24
2023-05-01,rmt_filtered_conservative,rmt_filtered,rmt,1.0,2.6153791806491165,15.5332746484748,0.8301467157952365,24
2023-05-02,sector_baseline,baseline,sector,0.0,0.0,0.0,0.5664754885232445,24
2023-05-02,raw_pca_residual,raw_pca,raw_pca,14.0,2.6153791806491165,15.689167289556941,0.7209540025053317,24
2023-05-02,raw_pca_stabilized,raw_pca,raw_pca,14.0,2.6153791806491165,15.689167289556941,0.7209540025053317,24
2023-05-02,rmt_filtered_residual,rmt_filtered,rmt,1.0,2.6153791806491165,15.689167289556941,0.6548627874220259,24
2023-05-02,rmt_filtered_conservative,rmt_filtered,rmt,1.0,2.6153791806491165,15.689167289556941,0.6548627874220259,24
2023-05-03,sector_baseline,baseline,sector,0.0,0.0,0.0,0.7607338640929463,24
2023-05-03,raw_pca_residual,raw_pca,raw_pca,14.0,2.6153791806491165,15.618780688697122,0.4873622174512254,24
2023-05-03,raw_pca_stabilized,raw_pca,raw_pca,14.0,2.6153791806491165,15.618780688697122,0.4873622174512254,24
2023-05-03,rmt_filtered_residual,rmt_filtered,rmt,1.0,2.6153791806491165,15.618780688697122,0.803950622975606,24
2023-05-03,rmt_filtered_conservative,rmt_filtered,rmt,1.0,2.6153791806491165,15.618780688697122,0.803950622975606,24
2023-05-04,sector_baseline,baseline,sector,0.0,0.0,0.0,0.6343469402568996,24
2023-05-04,raw_pca_residual,raw_pca,raw_pca,14.0,2.6153791806491165,15.67297911951744,0.7033123072034221,24
2023-05-04,raw_pca_stabilized,raw_pca,raw_pca,14.0,2.6153791806491165,15.67297911951744,0.7033123072034221,24
2023-05-04,rmt_filtered_residual,rmt_filtered,rmt,1.0,2.6153791806491165,15.67297911951744,0.680569549024423,24
2023-05-04,rmt_filtered_conservative,rmt_filtered,rmt,1.0,2.6153791806491165,15.67297911951744,0.680569549024423,24
2023-05-05,sector_baseline,baseline,sector,0.0,0.0,0.0,0.6171502092793362,24
2023-05-05,raw_pca_residual,raw_pca,raw_pca,14.0,2.6153791806491165,15.812755633118792,0.5241172409637201,24
2023-05-05,raw_pca_stabilized,raw_pca,raw_pca,14.0,2.6153791806491165,15.812755633118792,0.5241172409637201,24
2023-05-05,rmt_filtered_residual,rmt_filtered,rmt,1.0,2.6153791806491165,15.812755633118792,0.7261638027429401,24
2023-05-05,rmt_filtered_conservative,rmt_filtered,rmt,1.0,2.6153791806491165,15.812755633118792,0.7261638027429401,24
2023-05-08,sector_baseline,baseline,sector,0.0,0.0,0.0,0.7621119689885961,24
2023-05-08,raw_pca_residual,raw_pca,raw_pca,14.0,2.6153791806491165,15.898304455747676,0.8436935545165447,24
2023-05-08,raw_pca_stabilized,raw_pca,raw_pca,14.0,2.6153791806491165,15.898304455747676,0.8436935545165447,24
2023-05-08,rmt_filtered_residual,rmt_filtered,rmt,1.0,2.6153791806491165,15.898304455747676,0.7877390415923294,24
2023-05-08,rmt_filtered_conservative,rmt_filtered,rmt,1.0,2.6153791806491165,15.898304455747676,0.7877390415923294,24
2023-05-09,sector_baseline,baseline,sector,0.0,0.0,0.0,0.7421255269328816,24
2023-05-09,raw_pca_residual,raw_pca,raw_pca,14.0,2.6153791806491165,15.922343501101329,0.741201602645329,24
2023-05-09,raw_pca_stabilized,raw_pca,raw_pca,14.0,2.6153791806491165,15.922343501101329,0.741201602645329,24
2023-05-09,rmt_filtered_residual,rmt_filtered,rmt,1.0,2.6153791806491165,15.922343501101329,0.618923696290071,24
2023-05-09,rmt_filtered_conservative,rmt_filtered,rmt,1.0,2.6153791806491165,15.922343501101329,0.618923696290071,24
2023-05-10,sector_baseline,baseline,sector,0.0,0.0,0.0,0.8274782958007435,24
2023-05-10,raw_pca_residual,raw_pca,raw_pca,14.0,2.6153791806491165,15.913995510959865,0.8728411930646103,24
2023-05-10,raw_pca_stabilized,raw_pca,raw_pca,14.0,2.6153791806491165,15.913995510959865,0.8728411930646103,24
2023-05-10,rmt_filtered_residual,rmt_filtered,rmt,1.0,2.6153791806491165,15.913995510959865,0.80399747998735,24
2023-05-10,rmt_filtered_conservative,rmt_filtered,rmt,1.0,2.6153791806491165,15.913995510959865,0.80399747998735,24
2023-05-11,sector_baseline,baseline,sector,0.0,0.0,0.0,0.8220445719993398,24
2023-05-11,raw_pca_residual,raw_pca,raw_pca,14.0,2.6153791806491165,15.982673155506916,0.9413806269480878,24
2023-05-11,raw_pca_stabilized,raw_pca,raw_pca,14.0,2.6153791806491165,15.982673155506916,0.9413806269480878,24
2023-05-11,rmt_filtered_residual,rmt_filtered,rmt,1.0,2.6153791806491165,15.982673155506916,0.9318148388061688,24
2023-05-11,rmt_filtered_conservative,rmt_filtered,rmt,1.0,2.6153791806491165,15.982673155506916,0.9318148388061688,24
2023-05-12,sector_baseline,baseline,sector,0.0,0.0,0.0,0.4568359886293902,24
2023-05-12,raw_pca_residual,raw_pca,raw_pca,14.0,2.6153791806491165,16.010732856282022,0.856369347787672,24
2023-05-12,raw_pca_stabilized,raw_pca,raw_pca,14.0,2.6153791806491165,16.010732856282022,0.856369347787672,24
2023-05-12,rmt_filtered_residual,rmt_filtered,rmt,1.0,2.6153791806491165,16.010732856282022,0.6150602599054784,24
2023-05-12,rmt_filtered_conservative,rmt_filtered,rmt,1.0,2.6153791806491165,16.010732856282022,0.6150602599054784,24
2023-05-15,sector_baseline,baseline,sector,0.0,0.0,0.0,0.7543970501791118,24
2023-05-15,raw_pca_residual,raw_pca,raw_pca,14.0,2.6153791806491165,15.996191552104413,0.9003770413519078,24
2023-05-15,raw_pca_stabilized,raw_pca,raw_pca,14.0,2.6153791806491165,15.996191552104413,0.9003770413519078,24
2023-05-15,rmt_filtered_residual,rmt_filtered,rmt,1.0,2.6153791806491165,15.996191552104413,0.7764612901649252,24
2023-05-15,rmt_filtered_conservative,rmt_filtered,rmt,1.0,2.6153791806491165,15.996191552104413,0.7764612901649252,24
2023-05-16,sector_baseline,baseline,sector,0.0,0.0,0.0,0.9930340675676493,24
2023-05-16,raw_pca_residual,raw_pca,raw_pca,14.0,2.6153791806491165,15.723007960258142,0.8391491010049682,24
2023-05-16,raw_pca_stabilized,raw_pca,raw_pca,14.0,2.6153791806491165,15.723007960258142,0.8391491010049682,24
2023-05-16,rmt_filtered_residual,rmt_filtered,rmt,1.0,2.6153791806491165,15.723007960258142,1.01594561587583,24
2023-05-16,rmt_filtered_conservative,rmt_filtered,rmt,1.0,2.6153791806491165,15.723007960258142,1.01594561587583,24
2023-05-17,sector_baseline,baseline,sector,0.0,0.0,0.0,0.7601817648951114,24
2023-05-17,raw_pca_residual,raw_pca,raw_pca,14.0,2.6153791806491165,15.902781471483651,1.0243411664522384,24
2023-05-17,raw_pca_stabilized,raw_pca,raw_pca,14.0,2.6153791806491165,15.902781471483651,1.0243411664522384,24
2023-05-17,rmt_filtered_residual,rmt_filtered,rmt,1.0,2.6153791806491165,15.902781471483651,0.7744857712115039,24
2023-05-17,rmt_filtered_conservative,rmt_filtered,rmt,1.0,2.6153791806491165,15.902781471483651,0.7744857712115039,24
2023-05-18,sector_baseline,baseline,sector,0.0,0.0,0.0,0.6662668889627411,24
2023-05-18,raw_pca_residual,raw_pca,raw_pca,14.0,2.6153791806491165,16.014193794905907,0.9826179902095534,24
2023-05-18,raw_pca_stabilized,raw_pca,raw_pca,14.0,2.6153791806491165,16.014193794905907,0.9826179902095534,24
2023-05-18,rmt_filtered_residual,rmt_filtered,rmt,1.0,2.6153791806491165,16.014193794905907,0.8454270769016481,24
2023-05-18,rmt_filtered_conservative,rmt_filtered,rmt,1.0,2.6153791806491165,16.014193794905907,0.8454270769016481,24
2023-05-19,sector_baseline,baseline,sector,0.0,0.0,0.0,0.7969199275998361,24
2023-05-19,raw_pca_residual,raw_pca,raw_pca,14.0,2.6153791806491165,16.056121796348158,0.952155713539666,24
2023-05-19,raw_pca_stabilized,raw_pca,raw_pca,14.0,2.6153791806491165,16.056121796348158,0.952155713539666,24
2023-05-19,rmt_filtered_residual,rmt_filtered,rmt,1.0,2.6153791806491165,16.056121796348158,0.9362111692074849,24
2023-05-19,rmt_filtered_conservative,rmt_filtered,rmt,1.0,2.6153791806491165,16.056121796348158,0.9362111692074849,24
2023-05-22,sector_baseline,baseline,sector,0.0,0.0,0.0,0.9647923150783438,24
2023-05-22,raw_pca_residual,raw_pca,raw_pca,14.0,2.6153791806491165,15.859875103347218,0.6883846128581954,24
2023-05-22,raw_pca_stabilized,raw_pca,raw_pca,14.0,2.6153791806491165,15.859875103347218,0.6883846128581954,24
2023-05-22,rmt_filtered_residual,rmt_filtered,rmt,1.0,2.6153791806491165,15.859875103347218,0.9229245401229215,24
2023-05-22,rmt_filtered_conservative,rmt_filtered,rmt,1.0,2.6153791806491165,15.859875103347218,0.9229245401229215,24
2023-05-23,sector_baseline,baseline,sector,0.0,0.0,0.0,0.8178961231328161,24
2023-05-23,raw_pca_residual,raw_pca,raw_pca,14.0,2.6153791806491165,15.859822535685952,0.578097073148182,24
2023-05-23,raw_pca_stabilized,raw_pca,raw_pca,14.0,2.6153791806491165,15.859822535685952,0.578097073148182,24
2023-05-23,rmt_filtered_residual,rmt_filtered,rmt,1.0,2.6153791806491165,15.859822535685952,0.8537657389985599,24
2023-05-23,rmt_filtered_conservative,rmt_filtered,rmt,1.0,2.6153791806491165,15.859822535685952,0.8537657389985599,24
2023-05-24,sector_baseline,baseline,sector,0.0,0.0,0.0,0.47156271660600657,24
2023-05-24,raw_pca_residual,raw_pca,raw_pca,14.0,2.6153791806491165,15.734871958555075,0.7698335687349954,24
2023-05-24,raw_pca_stabilized,raw_pca,raw_pca,14.0,2.6153791806491165,15.734871958555075,0.7698335687349954,24
2023-05-24,rmt_filtered_residual,rmt_filtered,rmt,1.0,2.6153791806491165,15.734871958555075,0.6612678387245979,24
2023-05-24,rmt_filtered_conservative,rmt_filtered,rmt,1.0,2.6153791806491165,15.734871958555075,0.6612678387245979,24
2023-05-25,sector_baseline,baseline,sector,0.0,0.0,0.0,0.8545714303700769,24
2023-05-25,raw_pca_residual,raw_pca,raw_pca,14.0,2.6153791806491165,15.694905999043904,0.7342903254758818,24
2023-05-25,raw_pca_stabilized,raw_pca,raw_pca,14.0,2.6153791806491165,15.694905999043904,0.7342903254758818,24
2023-05-25,rmt_filtered_residual,rmt_filtered,rmt,1.0,2.6153791806491165,15.694905999043904,0.835613433980514,24
2023-05-25,rmt_filtered_conservative,rmt_filtered,rmt,1.0,2.6153791806491165,15.694905999043904,0.835613433980514,24
2023-05-26,sector_baseline,baseline,sector,0.0,0.0,0.0,0.8095156739482233,24
2023-05-26,raw_pca_residual,raw_pca,raw_pca,14.0,2.6153791806491165,15.507833439456055,0.5750883093473305,24
2023-05-26,raw_pca_stabilized,raw_pca,raw_pca,14.0,2.6153791806491165,15.507833439456055,0.5750883093473305,24
2023-05-26,rmt_filtered_residual,rmt_filtered,rmt,1.0,2.6153791806491165,15.507833439456055,0.9849665766671789,24
2023-05-26,rmt_filtered_conservative,rmt_filtered,rmt,1.0,2.6153791806491165,15.507833439456055,0.9849665766671789,24
2023-05-29,sector_baseline,baseline,sector,0.0,0.0,0.0,0.7903416238793247,24
2023-05-29,raw_pca_residual,raw_pca,raw_pca,14.0,2.6153791806491165,15.659203852280728,0.8573828395965339,24
2023-05-29,raw_pca_stabilized,raw_pca,raw_pca,14.0,2.6153791806491165,15.659203852280728,0.8573828395965339,24
2023-05-29,rmt_filtered_residual,rmt_filtered,rmt,1.0,2.6153791806491165,15.659203852280728,0.808891686608833,24
2023-05-29,rmt_filtered_conservative,rmt_filtered,rmt,1.0,2.6153791806491165,15.659203852280728,0.808891686608833,24
2023-05-30,sector_baseline,baseline,sector,0.0,0.0,0.0,0.8505550238072713,24
2023-05-30,raw_pca_residual,raw_pca,raw_pca,14.0,2.6153791806491165,15.398754652235308,0.7718812357506506,24
2023-05-30,raw_pca_stabilized,raw_pca,raw_pca,14.0,2.6153791806491165,15.398754652235308,0.7718812357506506,24
2023-05-30,rmt_filtered_residual,rmt_filtered,rmt,1.0,2.6153791806491165,15.398754652235308,0.9620499678576735,24
2023-05-30,rmt_filtered_conservative,rmt_filtered,rmt,1.0,2.6153791806491165,15.398754652235308,0.9620499678576735,24
2023-05-31,sector_baseline,baseline,sector,0.0,0.0,0.0,0.8985476953294252,24
2023-05-31,raw_pca_residual,raw_pca,raw_pca,14.0,2.6153791806491165,15.416274289428236,0.8894110451500653,24
2023-05-31,raw_pca_stabilized,raw_pca,raw_pca,14.0,2.6153791806491165,15.416274289428236,0.8894110451500653,24
2023-05-31,rmt_filtered_residual,rmt_filtered,rmt,1.0,2.6153791806491165,15.416274289428236,0.9117744151464414,24
2023-05-31,rmt_filtered_conservative,rmt_filtered,rmt,1.0,2.6153791806491165,15.416274289428236,0.9117744151464414,24
2023-06-01,sector_baseline,baseline,sector,0.0,0.0,0.0,0.6789079915097873,24
2023-06-01,raw_pca_residual,raw_pca,raw_pca,14.0,2.6153791806491165,15.459861729594113,1.1244676455681248,24
2023-06-01,raw_pca_stabilized,raw_pca,raw_pca,14.0,2.6153791806491165,15.459861729594113,1.1244676455681248,24
2023-06-01,rmt_filtered_residual,rmt_filtered,rmt,1.0,2.6153791806491165,15.459861729594113,0.6129882504723737,24
2023-06-01,rmt_filtered_conservative,rmt_filtered,rmt,1.0,2.6153791806491165,15.459861729594113,0.6129882504723737,24
2023-06-02,sector_baseline,baseline,sector,0.0,0.0,0.0,0.96935919149358,24
2023-06-02,raw_pca_residual,raw_pca,raw_pca,14.0,2.6153791806491165,15.462292350370673,0.7774238966950296,24
2023-06-02,raw_pca_stabilized,raw_pca,raw_pca,14.0,2.6153791806491165,15.462292350370673,0.7774238966950296,24
2023-06-02,rmt_filtered_residual,rmt_filtered,rmt,1.0,2.6153791806491165,15.462292350370673,0.897938248767533,24
2023-06-02,rmt_filtered_conservative,rmt_filtered,rmt,1.0,2.6153791806491165,15.462292350370673,0.897938248767533,24
2023-06-05,sector_baseline,baseline,sector,0.0,0.0,0.0,1.2111505396170323,24
2023-06-05,raw_pca_residual,raw_pca,raw_pca,14.0,2.6153791806491165,15.480018785836027,0.7404413927983716,24
2023-06-05,raw_pca_stabilized,raw_pca,raw_pca,14.0,2.6153791806491165,15.480018785836027,0.7404413927983716,24
2023-06-05,rmt_filtered_residual,rmt_filtered,rmt,1.0,2.6153791806491165,15.480018785836027,0.9430460396149357,24
2023-06-05,rmt_filtered_conservative,rmt_filtered,rmt,1.0,2.6153791806491165,15.480018785836027,0.9430460396149357,24
2023-06-06,sector_baseline,baseline,sector,0.0,0.0,0.0,0.6840650272914277,24
2023-06-06,raw_pca_residual,raw_pca,raw_pca,14.0,2.6153791806491165,15.476764174594386,1.1589920406953917,24
2023-06-06,raw_pca_stabilized,raw_pca,raw_pca,14.0,2.6153791806491165,15.476764174594386,1.1589920406953917,24
2023-06-06,rmt_filtered_residual,rmt_filtered,rmt,1.0,2.6153791806491165,15.476764174594386,0.7379249436224962,24
2023-06-06,rmt_filtered_conservative,rmt_filtered,rmt,1.0,2.6153791806491165,15.476764174594386,0.7379249436224962,24
2023-06-07,sector_baseline,baseline,sector,0.0,0.0,0.0,0.7076303151265989,24
2023-06-07,raw_pca_residual,raw_pca,raw_pca,14.0,2.6153791806491165,15.619755877493107,0.8731106917856001,24
2023-06-07,raw_pca_stabilized,raw_pca,raw_pca,14.0,2.6153791806491165,15.619755877493107,0.8731106917856001,24
2023-06-07,rmt_filtered_residual,rmt_filtered,rmt,1.0,2.6153791806491165,15.619755877493107,0.5697793452540453,24
2023-06-07,rmt_filtered_conservative,rmt_filtered,rmt,1.0,2.6153791806491165,15.619755877493107,0.5697793452540453,24
2023-06-08,sector_baseline,baseline,sector,0.0,0.0,0.0,0.6924337143054687,24
2023-06-08,raw_pca_residual,raw_pca,raw_pca,14.0,2.6153791806491165,15.396961924308746,0.8232786806689324,24
2023-06-08,raw_pca_stabilized,raw_pca,raw_pca,14.0,2.6153791806491165,15.396961924308746,0.8232786806689324,24
2023-06-08,rmt_filtered_residual,rmt_filtered,rmt,1.0,2.6153791806491165,15.396961924308746,0.6546110232162043,24
2023-06-08,rmt_filtered_conservative,rmt_filtered,rmt,1.0,2.6153791806491165,15.396961924308746,0.6546110232162043,24
2023-06-09,sector_baseline,baseline,sector,0.0,0.0,0.0,0.7758446515262317,24
2023-06-09,raw_pca_residual,raw_pca,raw_pca,14.0,2.6153791806491165,15.29642673099482,0.8587113427011347,24
2023-06-09,raw_pca_stabilized,raw_pca,raw_pca,14.0,2.6153791806491165,15.29642673099482,0.8587113427011347,24
2023-06-09,rmt_filtered_residual,rmt_filtered,rmt,1.0,2.6153791806491165,15.29642673099482,0.8329102600083033,24
2023-06-09,rmt_filtered_conservative,rmt_filtered,rmt,1.0,2.6153791806491165,15.29642673099482,0.8329102600083033,24
2023-06-12,sector_baseline,baseline,sector,0.0,0.0,0.0,0.7701312759732785,24
2023-06-12,raw_pca_residual,raw_pca,raw_pca,14.0,2.6153791806491165,14.980702794785385,0.9406216108446143,24
2023-06-12,raw_pca_stabilized,raw_pca,raw_pca,14.0,2.6153791806491165,14.980702794785385,0.9406216108446143,24
2023-06-12,rmt_filtered_residual,rmt_filtered,rmt,1.0,2.6153791806491165,14.980702794785385,0.7523615235365989,24
2023-06-12,rmt_filtered_conservative,rmt_filtered,rmt,1.0,2.6153791806491165,14.980702794785385,0.7523615235365989,24
2023-06-13,sector_baseline,baseline,sector,0.0,0.0,0.0,0.908770890589187,24
2023-06-13,raw_pca_residual,raw_pca,raw_pca,14.0,2.6153791806491165,15.254406025712514,1.0591027164011455,24
2023-06-13,raw_pca_stabilized,raw_pca,raw_pca,14.0,2.6153791806491165,15.254406025712514,1.0591027164011455,24
2023-06-13,rmt_filtered_residual,rmt_filtered,rmt,1.0,2.6153791806491165,15.254406025712514,0.8497686774802578,24
2023-06-13,rmt_filtered_conservative,rmt_filtered,rmt,1.0,2.6153791806491165,15.254406025712514,0.8497686774802578,24
2023-06-14,sector_baseline,baseline,sector,0.0,0.0,0.0,0.7404837225277991,24
2023-06-14,raw_pca_residual,raw_pca,raw_pca,14.0,2.6153791806491165,15.446284787352376,1.107815465717318,24
2023-06-14,raw_pca_stabilized,raw_pca,raw_pca,14.0,2.6153791806491165,15.446284787352376,1.107815465717318,24
2023-06-14,rmt_filtered_residual,rmt_filtered,rmt,1.0,2.6153791806491165,15.446284787352376,0.7941129335702458,24
2023-06-14,rmt_filtered_conservative,rmt_filtered,rmt,1.0,2.6153791806491165,15.446284787352376,0.7941129335702458,24
2023-06-15,sector_baseline,baseline,sector,0.0,0.0,0.0,0.654638930752259,24
2023-06-15,raw_pca_residual,raw_pca,raw_pca,14.0,2.6153791806491165,15.24037711739006,0.8112002663402841,24
2023-06-15,raw_pca_stabilized,raw_pca,raw_pca,14.0,2.6153791806491165,15.24037711739006,0.8112002663402841,24
2023-06-15,rmt_filtered_residual,rmt_filtered,rmt,1.0,2.6153791806491165,15.24037711739006,0.8240773600665112,24
2023-06-15,rmt_filtered_conservative,rmt_filtered,rmt,1.0,2.6153791806491165,15.24037711739006,0.8240773600665112,24
2023-06-16,sector_baseline,baseline,sector,0.0,0.0,0.0,0.8698769288024558,24
2023-06-16,raw_pca_residual,raw_pca,raw_pca,14.0,2.6153791806491165,15.20330550321016,0.7340819968507124,24
2023-06-16,raw_pca_stabilized,raw_pca,raw_pca,14.0,2.6153791806491165,15.20330550321016,0.7340819968507124,24
2023-06-16,rmt_filtered_residual,rmt_filtered,rmt,1.0,2.6153791806491165,15.20330550321016,0.9085699658830503,24
2023-06-16,rmt_filtered_conservative,rmt_filtered,rmt,1.0,2.6153791806491165,15.20330550321016,0.9085699658830503,24
2023-06-19,sector_baseline,baseline,sector,0.0,0.0,0.0,1.0139053133501021,24
2023-06-19,raw_pca_residual,raw_pca,raw_pca,14.0,2.6153791806491165,15.170180050381632,1.1061453594137125,24
2023-06-19,raw_pca_stabilized,raw_pca,raw_pca,14.0,2.6153791806491165,15.170180050381632,1.1061453594137125,24
2023-06-19,rmt_filtered_residual,rmt_filtered,rmt,1.0,2.6153791806491165,15.170180050381632,1.040385186179674,24
2023-06-19,rmt_filtered_conservative,rmt_filtered,rmt,1.0,2.6153791806491165,15.170180050381632,1.040385186179674,24
2023-06-20,sector_baseline,baseline,sector,0.0,0.0,0.0,1.0145838018736173,24
2023-06-20,raw_pca_residual,raw_pca,raw_pca,14.0,2.6153791806491165,15.094528313797694,0.8182124386352821,24
2023-06-20,raw_pca_stabilized,raw_pca,raw_pca,14.0,2.6153791806491165,15.094528313797694,0.8182124386352821,24
2023-06-20,rmt_filtered_residual,rmt_filtered,rmt,1.0,2.6153791806491165,15.094528313797694,1.0966416146001008,24
2023-06-20,rmt_filtered_conservative,rmt_filtered,rmt,1.0,2.6153791806491165,15.094528313797694,1.0966416146001008,24
2023-06-21,sector_baseline,baseline,sector,0.0,0.0,0.0,0.8801982245338736,24
2023-06-21,raw_pca_residual,raw_pca,raw_pca,14.0,2.6153791806491165,15.047120461839201,0.8165026203794072,24
2023-06-21,raw_pca_stabilized,raw_pca,raw_pca,14.0,2.6153791806491165,15.047120461839201,0.8165026203794072,24
2023-06-21,rmt_filtered_residual,rmt_filtered,rmt,1.0,2.6153791806491165,15.047120461839201,0.8371291436853147,24
2023-06-21,rmt_filtered_conservative,rmt_filtered,rmt,1.0,2.6153791806491165,15.047120461839201,0.8371291436853147,24
2023-06-22,sector_baseline,baseline,sector,0.0,0.0,0.0,0.5942673090988878,24
2023-06-22,raw_pca_residual,raw_pca,raw_pca,14.0,2.6153791806491165,15.036450839250453,0.8856050583691232,24
2023-06-22,raw_pca_stabilized,raw_pca,raw_pca,14.0,2.6153791806491165,15.036450839250453,0.8856050583691232,24
2023-06-22,rmt_filtered_residual,rmt_filtered,rmt,1.0,2.6153791806491165,15.036450839250453,0.5890856204636631,24
2023-06-22,rmt_filtered_conservative,rmt_filtered,rmt,1.0,2.6153791806491165,15.036450839250453,0.5890856204636631,24
2023-06-23,sector_baseline,baseline,sector,0.0,0.0,0.0,0.7027681883655852,24
2023-06-23,raw_pca_residual,raw_pca,raw_pca,14.0,2.6153791806491165,15.242080122569204,0.5394617550642685,24
2023-06-23,raw_pca_stabilized,raw_pca,raw_pca,14.0,2.6153791806491165,15.242080122569204,0.5394617550642685,24
2023-06-23,rmt_filtered_residual,rmt_filtered,rmt,1.0,2.6153791806491165,15.242080122569204,0.6751459762712947,24
2023-06-23,rmt_filtered_conservative,rmt_filtered,rmt,1.0,2.6153791806491165,15.242080122569204,0.6751459762712947,24
2023-06-26,sector_baseline,baseline,sector,0.0,0.0,0.0,0.898477504143775,24
2023-06-26,raw_pca_residual,raw_pca,raw_pca,14.0,2.6153791806491165,15.213562056863184,0.5750404335077305,24
2023-06-26,raw_pca_stabilized,raw_pca,raw_pca,14.0,2.6153791806491165,15.213562056863184,0.5750404335077305,24
2023-06-26,rmt_filtered_residual,rmt_filtered,rmt,1.0,2.6153791806491165,15.213562056863184,1.0232960015207897,24
2023-06-26,rmt_filtered_conservative,rmt_filtered,rmt,1.0,2.6153791806491165,15.213562056863184,1.0232960015207897,24
2023-06-27,sector_baseline,baseline,sector,0.0,0.0,0.0,0.9061090911156423,24
2023-06-27,raw_pca_residual,raw_pca,raw_pca,14.0,2.6153791806491165,15.143501215587133,0.7524474874863195,24
2023-06-27,raw_pca_stabilized,raw_pca,raw_pca,14.0,2.6153791806491165,15.143501215587133,0.7524474874863195,24
2023-06-27,rmt_filtered_residual,rmt_filtered,rmt,1.0,2.6153791806491165,15.143501215587133,0.8439921654271592,24
2023-06-27,rmt_filtered_conservative,rmt_filtered,rmt,1.0,2.6153791806491165,15.143501215587133,0.8439921654271592,24
2023-06-28,sector_baseline,baseline,sector,0.0,0.0,0.0,0.721027037382132,24
2023-06-28,raw_pca_residual,raw_pca,raw_pca,14.0,2.6153791806491165,15.242353969662663,0.6297909977277895,24
2023-06-28,raw_pca_stabilized,raw_pca,raw_pca,14.0,2.6153791806491165,15.242353969662663,0.6297909977277895,24
2023-06-28,rmt_filtered_residual,rmt_filtered,rmt,1.0,2.6153791806491165,15.242353969662663,0.8458163298716874,24
2023-06-28,rmt_filtered_conservative,rmt_filtered,rmt,1.0,2.6153791806491165,15.242353969662663,0.8458163298716874,24
2023-06-29,sector_baseline,baseline,sector,0.0,0.0,0.0,0.7862876521468148,24
2023-06-29,raw_pca_residual,raw_pca,raw_pca,14.0,2.6153791806491165,15.203334009489927,0.8760529540490323,24
2023-06-29,raw_pca_stabilized,raw_pca,raw_pca,14.0,2.6153791806491165,15.203334009489927,0.8760529540490323,24
2023-06-29,rmt_filtered_residual,rmt_filtered,rmt,1.0,2.6153791806491165,15.203334009489927,0.796770372297091,24
2023-06-29,rmt_filtered_conservative,rmt_filtered,rmt,1.0,2.6153791806491165,15.203334009489927,0.796770372297091,24
2023-06-30,sector_baseline,baseline,sector,0.0,0.0,0.0,0.5307143748152895,24
2023-06-30,raw_pca_residual,raw_pca,raw_pca,14.0,2.6153791806491165,15.16859695510623,0.8336218249022727,24
2023-06-30,raw_pca_stabilized,raw_pca,raw_pca,14.0,2.6153791806491165,15.16859695510623,0.8336218249022727,24
2023-06-30,rmt_filtered_residual,rmt_filtered,rmt,1.0,2.6153791806491165,15.16859695510623,0.6991634263508573,24
2023-06-30,rmt_filtered_conservative,rmt_filtered,rmt,1.0,2.6153791806491165,15.16859695510623,0.6991634263508573,24
2023-07-03,sector_baseline,baseline,sector,0.0,0.0,0.0,0.7908588495037915,24
2023-07-03,raw_pca_residual,raw_pca,raw_pca,14.0,2.6153791806491165,14.444110087388054,0.8040885000390935,24
2023-07-03,raw_pca_stabilized,raw_pca,raw_pca,14.0,2.6153791806491165,14.444110087388054,0.8040885000390935,24
2023-07-03,rmt_filtered_residual,rmt_filtered,rmt,1.0,2.6153791806491165,14.444110087388054,0.9002683564943769,24
2023-07-03,rmt_filtered_conservative,rmt_filtered,rmt,1.0,2.6153791806491165,14.444110087388054,0.9002683564943769,24
2023-07-04,sector_baseline,baseline,sector,0.0,0.0,0.0,0.6815769315416649,24
2023-07-04,raw_pca_residual,raw_pca,raw_pca,14.0,2.6153791806491165,14.395072157546632,0.9694886253073287,24
2023-07-04,raw_pca_stabilized,raw_pca,raw_pca,14.0,2.6153791806491165,14.395072157546632,0.9694886253073287,24
2023-07-04,rmt_filtered_residual,rmt_filtered,rmt,1.0,2.6153791806491165,14.395072157546632,0.6457694658032902,24
2023-07-04,rmt_filtered_conservative,rmt_filtered,rmt,1.0,2.6153791806491165,14.395072157546632,0.6457694658032902,24
2023-07-05,sector_baseline,baseline,sector,0.0,0.0,0.0,0.956412776116085,24
2023-07-05,raw_pca_residual,raw_pca,raw_pca,14.0,2.6153791806491165,14.679406975160495,0.5083210869434782,24
2023-07-05,raw_pca_stabilized,raw_pca,raw_pca,14.0,2.6153791806491165,14.679406975160495,0.5083210869434782,24
2023-07-05,rmt_filtered_residual,rmt_filtered,rmt,1.0,2.6153791806491165,14.679406975160495,0.7858166986718983,24
2023-07-05,rmt_filtered_conservative,rmt_filtered,rmt,1.0,2.6153791806491165,14.679406975160495,0.7858166986718983,24
2023-07-06,sector_baseline,baseline,sector,0.0,0.0,0.0,0.9502460737846246,24
2023-07-06,raw_pca_residual,raw_pca,raw_pca,14.0,2.6153791806491165,14.43718193034691,1.0130473121249046,24
2023-07-06,raw_pca_stabilized,raw_pca,raw_pca,14.0,2.6153791806491165,14.43718193034691,1.0130473121249046,24
2023-07-06,rmt_filtered_residual,rmt_filtered,rmt,1.0,2.6153791806491165,14.43718193034691,1.009477088616178,24
2023-07-06,rmt_filtered_conservative,rmt_filtered,rmt,1.0,2.6153791806491165,14.43718193034691,1.009477088616178,24
2023-07-07,sector_baseline,baseline,sector,0.0,0.0,0.0,1.0126976488246096,24
2023-07-07,raw_pca_residual,raw_pca,raw_pca,14.0,2.6153791806491165,14.472760352351306,0.9869587709344496,24
2023-07-07,raw_pca_stabilized,raw_pca,raw_pca,14.0,2.6153791806491165,14.472760352351306,0.9869587709344496,24
2023-07-07,rmt_filtered_residual,rmt_filtered,rmt,1.0,2.6153791806491165,14.472760352351306,0.940576431385073,24
2023-07-07,rmt_filtered_conservative,rmt_filtered,rmt,1.0,2.6153791806491165,14.472760352351306,0.940576431385073,24
2023-07-10,sector_baseline,baseline,sector,0.0,0.0,0.0,0.6268425405681748,24
2023-07-10,raw_pca_residual,raw_pca,raw_pca,14.0,2.6153791806491165,14.45581185852178,0.8013214719337199,24
2023-07-10,raw_pca_stabilized,raw_pca,raw_pca,14.0,2.6153791806491165,14.45581185852178,0.8013214719337199,24
2023-07-10,rmt_filtered_residual,rmt_filtered,rmt,1.0,2.6153791806491165,14.45581185852178,0.6782824796802297,24
2023-07-10,rmt_filtered_conservative,rmt_filtered,rmt,1.0,2.6153791806491165,14.45581185852178,0.6782824796802297,24
2023-07-11,sector_baseline,baseline,sector,0.0,0.0,0.0,0.7030428310784513,24
2023-07-11,raw_pca_residual,raw_pca,raw_pca,14.0,2.6153791806491165,14.55409902403754,0.5341345519352502,24
2023-07-11,raw_pca_stabilized,raw_pca,raw_pca,14.0,2.6153791806491165,14.55409902403754,0.5341345519352502,24
2023-07-11,rmt_filtered_residual,rmt_filtered,rmt,1.0,2.6153791806491165,14.55409902403754,0.6661010390211859,24
2023-07-11,rmt_filtered_conservative,rmt_filtered,rmt,1.0,2.6153791806491165,14.55409902403754,0.6661010390211859,24
2023-07-12,sector_baseline,baseline,sector,0.0,0.0,0.0,0.7678926678971582,24
2023-07-12,raw_pca_residual,raw_pca,raw_pca,14.0,2.6153791806491165,14.527074201235724,1.0968500944542026,24
2023-07-12,raw_pca_stabilized,raw_pca,raw_pca,14.0,2.6153791806491165,14.527074201235724,1.0968500944542026,24
2023-07-12,rmt_filtered_residual,rmt_filtered,rmt,1.0,2.6153791806491165,14.527074201235724,0.8720768086823866,24
2023-07-12,rmt_filtered_conservative,rmt_filtered,rmt,1.0,2.6153791806491165,14.527074201235724,0.8720768086823866,24
2023-07-13,sector_baseline,baseline,sector,0.0,0.0,0.0,0.8124402044861968,24
2023-07-13,raw_pca_residual,raw_pca,raw_pca,14.0,2.6153791806491165,14.444373663130019,0.5692312981241202,24
2023-07-13,raw_pca_stabilized,raw_pca,raw_pca,14.0,2.6153791806491165,14.444373663130019,0.5692312981241202,24
2023-07-13,rmt_filtered_residual,rmt_filtered,rmt,1.0,2.6153791806491165,14.444373663130019,0.8217080576761239,24
2023-07-13,rmt_filtered_conservative,rmt_filtered,rmt,1.0,2.6153791806491165,14.444373663130019,0.8217080576761239,24
2023-07-14,sector_baseline,baseline,sector,0.0,0.0,0.0,0.8131342272650603,24
2023-07-14,raw_pca_residual,raw_pca,raw_pca,14.0,2.6153791806491165,14.473010645090728,0.7383000157450056,24
2023-07-14,raw_pca_stabilized,raw_pca,raw_pca,14.0,2.6153791806491165,14.473010645090728,0.7383000157450056,24
2023-07-14,rmt_filtered_residual,rmt_filtered,rmt,1.0,2.6153791806491165,14.473010645090728,0.7289308266795956,24
2023-07-14,rmt_filtered_conservative,rmt_filtered,rmt,1.0,2.6153791806491165,14.473010645090728,0.7289308266795956,24
2023-07-17,sector_baseline,baseline,sector,0.0,0.0,0.0,0.7976559632165191,24
2023-07-17,raw_pca_residual,raw_pca,raw_pca,14.0,2.6153791806491165,14.897978075900038,0.7760623777829102,24
2023-07-17,raw_pca_stabilized,raw_pca,raw_pca,14.0,2.6153791806491165,14.897978075900038,0.7760623777829102,24
2023-07-17,rmt_filtered_residual,rmt_filtered,rmt,1.0,2.6153791806491165,14.897978075900038,0.8709306976116261,24
2023-07-17,rmt_filtered_conservative,rmt_filtered,rmt,1.0,2.6153791806491165,14.897978075900038,0.8709306976116261,24
2023-07-18,sector_baseline,baseline,sector,0.0,0.0,0.0,0.9845054018242437,24
2023-07-18,raw_pca_residual,raw_pca,raw_pca,14.0,2.6153791806491165,14.585908747772233,0.8148482588130789,24
2023-07-18,raw_pca_stabilized,raw_pca,raw_pca,14.0,2.6153791806491165,14.585908747772233,0.8148482588130789,24
2023-07-18,rmt_filtered_residual,rmt_filtered,rmt,1.0,2.6153791806491165,14.585908747772233,0.8950172450509696,24
2023-07-18,rmt_filtered_conservative,rmt_filtered,rmt,1.0,2.6153791806491165,14.585908747772233,0.8950172450509696,24
2023-07-19,sector_baseline,baseline,sector,0.0,0.0,0.0,0.5934095124171789,24
2023-07-19,raw_pca_residual,raw_pca,raw_pca,14.0,2.6153791806491165,14.572246347659924,0.7321664178490757,24
2023-07-19,raw_pca_stabilized,raw_pca,raw_pca,14.0,2.6153791806491165,14.572246347659924,0.7321664178490757,24
2023-07-19,rmt_filtered_residual,rmt_filtered,rmt,1.0,2.6153791806491165,14.572246347659924,0.5806717625178693,24
2023-07-19,rmt_filtered_conservative,rmt_filtered,rmt,1.0,2.6153791806491165,14.572246347659924,0.5806717625178693,24
2023-07-20,sector_baseline,baseline,sector,0.0,0.0,0.0,0.6270453883441743,24
2023-07-20,raw_pca_residual,raw_pca,raw_pca,14.0,2.6153791806491165,14.96437291187713,0.5610215017318173,24
2023-07-20,raw_pca_stabilized,raw_pca,raw_pca,14.0,2.6153791806491165,14.96437291187713,0.5610215017318173,24
2023-07-20,rmt_filtered_residual,rmt_filtered,rmt,1.0,2.6153791806491165,14.96437291187713,0.7043474343706727,24
2023-07-20,rmt_filtered_conservative,rmt_filtered,rmt,1.0,2.6153791806491165,14.96437291187713,0.7043474343706727,24
2023-07-21,sector_baseline,baseline,sector,0.0,0.0,0.0,0.8108459824948048,24
2023-07-21,raw_pca_residual,raw_pca,raw_pca,14.0,2.6153791806491165,14.934763466381396,0.9959496729044304,24
2023-07-21,raw_pca_stabilized,raw_pca,raw_pca,14.0,2.6153791806491165,14.934763466381396,0.9959496729044304,24
2023-07-21,rmt_filtered_residual,rmt_filtered,rmt,1.0,2.6153791806491165,14.934763466381396,0.7372738407983058,24
2023-07-21,rmt_filtered_conservative,rmt_filtered,rmt,1.0,2.6153791806491165,14.934763466381396,0.7372738407983058,24
2023-07-24,sector_baseline,baseline,sector,0.0,0.0,0.0,0.6940439655033145,24
2023-07-24,raw_pca_residual,raw_pca,raw_pca,14.0,2.6153791806491165,14.86620316093474,0.7851113575722453,24
2023-07-24,raw_pca_stabilized,raw_pca,raw_pca,14.0,2.6153791806491165,14.86620316093474,0.7851113575722453,24
2023-07-24,rmt_filtered_residual,rmt_filtered,rmt,1.0,2.6153791806491165,14.86620316093474,0.6687230567724084,24
2023-07-24,rmt_filtered_conservative,rmt_filtered,rmt,1.0,2.6153791806491165,14.86620316093474,0.6687230567724084,24
2023-07-25,sector_baseline,baseline,sector,0.0,0.0,0.0,0.9593430803036739,24
2023-07-25,raw_pca_residual,raw_pca,raw_pca,14.0,2.6153791806491165,14.80765143839367,1.190652972379287,24
2023-07-25,raw_pca_stabilized,raw_pca,raw_pca,14.0,2.6153791806491165,14.80765143839367,1.190652972379287,24
2023-07-25,rmt_filtered_residual,rmt_filtered,rmt,1.0,2.6153791806491165,14.80765143839367,0.9507049407830642,24
2023-07-25,rmt_filtered_conservative,rmt_filtered,rmt,1.0,2.6153791806491165,14.80765143839367,0.9507049407830642,24
2023-07-26,sector_baseline,baseline,sector,0.0,0.0,0.0,0.7661392788824054,24
2023-07-26,raw_pca_residual,raw_pca,raw_pca,14.0,2.6153791806491165,14.48492444134369,0.6287082047319853,24
2023-07-26,raw_pca_stabilized,raw_pca,raw_pca,14.0,2.6153791806491165,14.48492444134369,0.6287082047319853,24
2023-07-26,rmt_filtered_residual,rmt_filtered,rmt,1.0,2.6153791806491165,14.48492444134369,0.7606736849512018,24
2023-07-26,rmt_filtered_conservative,rmt_filtered,rmt,1.0,2.6153791806491165,14.48492444134369,0.7606736849512018,24
2023-07-27,sector_baseline,baseline,sector,0.0,0.0,0.0,0.9043385161440595,24
2023-07-27,raw_pca_residual,raw_pca,raw_pca,14.0,2.6153791806491165,14.728726080650407,0.9881229453117272,24
2023-07-27,raw_pca_stabilized,raw_pca,raw_pca,14.0,2.6153791806491165,14.728726080650407,0.9881229453117272,24
2023-07-27,rmt_filtered_residual,rmt_filtered,rmt,1.0,2.6153791806491165,14.728726080650407,0.7958116199379527,24
2023-07-27,rmt_filtered_conservative,rmt_filtered,rmt,1.0,2.6153791806491165,14.728726080650407,0.7958116199379527,24
2023-07-28,sector_baseline,baseline,sector,0.0,0.0,0.0,1.0676011981924478,24
2023-07-28,raw_pca_residual,raw_pca,raw_pca,14.0,2.6153791806491165,14.5017282926057,0.9462047511696884,24
2023-07-28,raw_pca_stabilized,raw_pca,raw_pca,14.0,2.6153791806491165,14.5017282926057,0.9462047511696884,24
2023-07-28,rmt_filtered_residual,rmt_filtered,rmt,1.0,2.6153791806491165,14.5017282926057,0.8233424349679709,24
2023-07-28,rmt_filtered_conservative,rmt_filtered,rmt,1.0,2.6153791806491165,14.5017282926057,0.8233424349679709,24
2023-07-31,sector_baseline,baseline,sector,0.0,0.0,0.0,0.8150851118875608,24
2023-07-31,raw_pca_residual,raw_pca,raw_pca,14.0,2.6153791806491165,14.547611852434503,0.8893994975733542,24
2023-07-31,raw_pca_stabilized,raw_pca,raw_pca,14.0,2.6153791806491165,14.547611852434503,0.8893994975733542,24
2023-07-31,rmt_filtered_residual,rmt_filtered,rmt,1.0,2.6153791806491165,14.547611852434503,0.8364028827433767,24
2023-07-31,rmt_filtered_conservative,rmt_filtered,rmt,1.0,2.6153791806491165,14.547611852434503,0.8364028827433767,24
2023-08-01,sector_baseline,baseline,sector,0.0,0.0,0.0,0.788765508321608,24
2023-08-01,raw_pca_residual,raw_pca,raw_pca,14.0,2.6153791806491165,14.519824246800278,0.5512989311935329,24
2023-08-01,raw_pca_stabilized,raw_pca,raw_pca,14.0,2.6153791806491165,14.519824246800278,0.5512989311935329,24
2023-08-01,rmt_filtered_residual,rmt_filtered,rmt,1.0,2.6153791806491165,14.519824246800278,0.7841273735962829,24
2023-08-01,rmt_filtered_conservative,rmt_filtered,rmt,1.0,2.6153791806491165,14.519824246800278,0.7841273735962829,24
2023-08-02,sector_baseline,baseline,sector,0.0,0.0,0.0,0.6246750573580521,24
2023-08-02,raw_pca_residual,raw_pca,raw_pca,14.0,2.6153791806491165,14.466283197739285,0.42026837126770616,24
2023-08-02,raw_pca_stabilized,raw_pca,raw_pca,14.0,2.6153791806491165,14.466283197739285,0.42026837126770616,24
2023-08-02,rmt_filtered_residual,rmt_filtered,rmt,1.0,2.6153791806491165,14.466283197739285,0.6700362149322423,24
2023-08-02,rmt_filtered_conservative,rmt_filtered,rmt,1.0,2.6153791806491165,14.466283197739285,0.6700362149322423,24
2023-08-03,sector_baseline,baseline,sector,0.0,0.0,0.0,0.7066289844377353,24
2023-08-03,raw_pca_residual,raw_pca,raw_pca,14.0,2.6153791806491165,14.552841137211573,0.6251631973786141,24
2023-08-03,raw_pca_stabilized,raw_pca,raw_pca,14.0,2.6153791806491165,14.552841137211573,0.6251631973786141,24
2023-08-03,rmt_filtered_residual,rmt_filtered,rmt,1.0,2.6153791806491165,14.552841137211573,0.7776512638916712,24
2023-08-03,rmt_filtered_conservative,rmt_filtered,rmt,1.0,2.6153791806491165,14.552841137211573,0.7776512638916712,24
2023-08-04,sector_baseline,baseline,sector,0.0,0.0,0.0,0.7677962544420692,24
2023-08-04,raw_pca_residual,raw_pca,raw_pca,14.0,2.6153791806491165,14.65900677331115,0.9461746887501766,24
2023-08-04,raw_pca_stabilized,raw_pca,raw_pca,14.0,2.6153791806491165,14.65900677331115,0.9461746887501766,24
2023-08-04,rmt_filtered_residual,rmt_filtered,rmt,1.0,2.6153791806491165,14.65900677331115,0.8071783140276946,24
2023-08-04,rmt_filtered_conservative,rmt_filtered,rmt,1.0,2.6153791806491165,14.65900677331115,0.8071783140276946,24
2023-08-07,sector_baseline,baseline,sector,0.0,0.0,0.0,0.8297237702965057,24
2023-08-07,raw_pca_residual,raw_pca,raw_pca,14.0,2.6153791806491165,14.679489089795144,1.1124518843017717,24
2023-08-07,raw_pca_stabilized,raw_pca,raw_pca,14.0,2.6153791806491165,14.679489089795144,1.1124518843017717,24
2023-08-07,rmt_filtered_residual,rmt_filtered,rmt,1.0,2.6153791806491165,14.679489089795144,0.7211233450864403,24
2023-08-07,rmt_filtered_conservative,rmt_filtered,rmt,1.0,2.6153791806491165,14.679489089795144,0.7211233450864403,24
2023-08-08,sector_baseline,baseline,sector,0.0,0.0,0.0,0.8520150564726765,24
2023-08-08,raw_pca_residual,raw_pca,raw_pca,14.0,2.6153791806491165,14.703707576467224,0.5112998907993088,24
2023-08-08,raw_pca_stabilized,raw_pca,raw_pca,14.0,2.6153791806491165,14.703707576467224,0.5112998907993088,24
2023-08-08,rmt_filtered_residual,rmt_filtered,rmt,1.0,2.6153791806491165,14.703707576467224,0.8949122355028688,24
2023-08-08,rmt_filtered_conservative,rmt_filtered,rmt,1.0,2.6153791806491165,14.703707576467224,0.8949122355028688,24
2023-08-09,sector_baseline,baseline,sector,0.0,0.0,0.0,0.8946675548375826,24
2023-08-09,raw_pca_residual,raw_pca,raw_pca,14.0,2.6153791806491165,14.675578574786392,0.7887976064318093,24
2023-08-09,raw_pca_stabilized,raw_pca,raw_pca,14.0,2.6153791806491165,14.675578574786392,0.7887976064318093,24
2023-08-09,rmt_filtered_residual,rmt_filtered,rmt,1.0,2.6153791806491165,14.675578574786392,0.9869141351382577,24
2023-08-09,rmt_filtered_conservative,rmt_filtered,rmt,1.0,2.6153791806491165,14.675578574786392,0.9869141351382577,24
2023-08-10,sector_baseline,baseline,sector,0.0,0.0,0.0,0.7417272912715461,24
2023-08-10,raw_pca_residual,raw_pca,raw_pca,14.0,2.6153791806491165,14.69782370568414,0.6804127912238935,24
2023-08-10,raw_pca_stabilized,raw_pca,raw_pca,14.0,2.6153791806491165,14.69782370568414,0.6804127912238935,24
2023-08-10,rmt_filtered_residual,rmt_filtered,rmt,1.0,2.6153791806491165,14.69782370568414,0.6927447937533602,24
2023-08-10,rmt_filtered_conservative,rmt_filtered,rmt,1.0,2.6153791806491165,14.69782370568414,0.6927447937533602,24
2023-08-11,sector_baseline,baseline,sector,0.0,0.0,0.0,0.6991398317800055,24
2023-08-11,raw_pca_residual,raw_pca,raw_pca,14.0,2.6153791806491165,14.808015663314864,0.5475426382272425,24
2023-08-11,raw_pca_stabilized,raw_pca,raw_pca,14.0,2.6153791806491165,14.808015663314864,0.5475426382272425,24
2023-08-11,rmt_filtered_residual,rmt_filtered,rmt,1.0,2.6153791806491165,14.808015663314864,0.7395431700804593,24
2023-08-11,rmt_filtered_conservative,rmt_filtered,rmt,1.0,2.6153791806491165,14.808015663314864,0.7395431700804593,24
2023-08-14,sector_baseline,baseline,sector,0.0,0.0,0.0,0.8873322229003643,24
2023-08-14,raw_pca_residual,raw_pca,raw_pca,14.0,2.6153791806491165,14.596402306225068,0.5354749359773342,24
2023-08-14,raw_pca_stabilized,raw_pca,raw_pca,14.0,2.6153791806491165,14.596402306225068,0.5354749359773342,24
2023-08-14,rmt_filtered_residual,rmt_filtered,rmt,1.0,2.6153791806491165,14.596402306225068,0.8657814326645332,24
2023-08-14,rmt_filtered_conservative,rmt_filtered,rmt,1.0,2.6153791806491165,14.596402306225068,0.8657814326645332,24
2023-08-15,sector_baseline,baseline,sector,0.0,0.0,0.0,1.019010904245994,24
2023-08-15,raw_pca_residual,raw_pca,raw_pca,14.0,2.6153791806491165,14.355663576099388,0.6700914681625846,24
2023-08-15,raw_pca_stabilized,raw_pca,raw_pca,14.0,2.6153791806491165,14.355663576099388,0.6700914681625846,24
2023-08-15,rmt_filtered_residual,rmt_filtered,rmt,1.0,2.6153791806491165,14.355663576099388,1.039287145184969,24
2023-08-15,rmt_filtered_conservative,rmt_filtered,rmt,1.0,2.6153791806491165,14.355663576099388,1.039287145184969,24
2023-08-16,sector_baseline,baseline,sector,0.0,0.0,0.0,0.8510303329672343,24
2023-08-16,raw_pca_residual,raw_pca,raw_pca,14.0,2.6153791806491165,14.30501196020535,0.9983859735760753,24
2023-08-16,raw_pca_stabilized,raw_pca,raw_pca,14.0,2.6153791806491165,14.30501196020535,0.9983859735760753,24
2023-08-16,rmt_filtered_residual,rmt_filtered,rmt,1.0,2.6153791806491165,14.30501196020535,0.7423316657027907,24
2023-08-16,rmt_filtered_conservative,rmt_filtered,rmt,1.0,2.6153791806491165,14.30501196020535,0.7423316657027907,24
2023-08-17,sector_baseline,baseline,sector,0.0,0.0,0.0,0.8335697437157092,24
2023-08-17,raw_pca_residual,raw_pca,raw_pca,14.0,2.6153791806491165,14.729837921745291,0.5145129129581616,24
2023-08-17,raw_pca_stabilized,raw_pca,raw_pca,14.0,2.6153791806491165,14.729837921745291,0.5145129129581616,24
2023-08-17,rmt_filtered_residual,rmt_filtered,rmt,1.0,2.6153791806491165,14.729837921745291,0.7108217661002261,24
2023-08-17,rmt_filtered_conservative,rmt_filtered,rmt,1.0,2.6153791806491165,14.729837921745291,0.7108217661002261,24
2023-08-18,sector_baseline,baseline,sector,0.0,0.0,0.0,0.99688853157545,24
2023-08-18,raw_pca_residual,raw_pca,raw_pca,14.0,2.6153791806491165,14.715315616102016,0.56574883062686,24
2023-08-18,raw_pca_stabilized,raw_pca,raw_pca,14.0,2.6153791806491165,14.715315616102016,0.56574883062686,24
2023-08-18,rmt_filtered_residual,rmt_filtered,rmt,1.0,2.6153791806491165,14.715315616102016,1.01468408061976,24
2023-08-18,rmt_filtered_conservative,rmt_filtered,rmt,1.0,2.6153791806491165,14.715315616102016,1.01468408061976,24
2023-08-21,sector_baseline,baseline,sector,0.0,0.0,0.0,0.751305765599494,24
2023-08-21,raw_pca_residual,raw_pca,raw_pca,14.0,2.6153791806491165,14.663638468496822,1.0738459137468013,24
2023-08-21,raw_pca_stabilized,raw_pca,raw_pca,14.0,2.6153791806491165,14.663638468496822,1.0738459137468013,24
2023-08-21,rmt_filtered_residual,rmt_filtered,rmt,1.0,2.6153791806491165,14.663638468496822,0.7436131756884339,24
2023-08-21,rmt_filtered_conservative,rmt_filtered,rmt,1.0,2.6153791806491165,14.663638468496822,0.7436131756884339,24
2023-08-22,sector_baseline,baseline,sector,0.0,0.0,0.0,0.7323787649359437,24
2023-08-22,raw_pca_residual,raw_pca,raw_pca,14.0,2.6153791806491165,14.645676494010328,1.2002651238528539,24
2023-08-22,raw_pca_stabilized,raw_pca,raw_pca,14.0,2.6153791806491165,14.645676494010328,1.2002651238528539,24
2023-08-22,rmt_filtered_residual,rmt_filtered,rmt,1.0,2.6153791806491165,14.645676494010328,0.7745139323595502,24
2023-08-22,rmt_filtered_conservative,rmt_filtered,rmt,1.0,2.6153791806491165,14.645676494010328,0.7745139323595502,24
2023-08-23,sector_baseline,baseline,sector,0.0,0.0,0.0,0.8553849717158645,24
2023-08-23,raw_pca_residual,raw_pca,raw_pca,14.0,2.6153791806491165,14.694242983758544,0.9987646385501866,24
2023-08-23,raw_pca_stabilized,raw_pca,raw_pca,14.0,2.6153791806491165,14.694242983758544,0.9987646385501866,24
2023-08-23,rmt_filtered_residual,rmt_filtered,rmt,1.0,2.6153791806491165,14.694242983758544,0.7946297781686386,24
2023-08-23,rmt_filtered_conservative,rmt_filtered,rmt,1.0,2.6153791806491165,14.694242983758544,0.7946297781686386,24
2023-08-24,sector_baseline,baseline,sector,0.0,0.0,0.0,0.6252469863275195,24
2023-08-24,raw_pca_residual,raw_pca,raw_pca,14.0,2.6153791806491165,14.436048195862602,0.8224131071174474,24
2023-08-24,raw_pca_stabilized,raw_pca,raw_pca,14.0,2.6153791806491165,14.436048195862602,0.8224131071174474,24
2023-08-24,rmt_filtered_residual,rmt_filtered,rmt,1.0,2.6153791806491165,14.436048195862602,0.6576510737556713,24
2023-08-24,rmt_filtered_conservative,rmt_filtered,rmt,1.0,2.6153791806491165,14.436048195862602,0.6576510737556713,24
2023-08-25,sector_baseline,baseline,sector,0.0,0.0,0.0,0.675540800622275,24
2023-08-25,raw_pca_residual,raw_pca,raw_pca,14.0,2.6153791806491165,14.385956071534393,0.7137297250991068,24
2023-08-25,raw_pca_stabilized,raw_pca,raw_pca,14.0,2.6153791806491165,14.385956071534393,0.7137297250991068,24
2023-08-25,rmt_filtered_residual,rmt_filtered,rmt,1.0,2.6153791806491165,14.385956071534393,0.8643887004410171,24
2023-08-25,rmt_filtered_conservative,rmt_filtered,rmt,1.0,2.6153791806491165,14.385956071534393,0.8643887004410171,24
2023-08-28,sector_baseline,baseline,sector,0.0,0.0,0.0,0.6876253538300778,24
2023-08-28,raw_pca_residual,raw_pca,raw_pca,14.0,2.6153791806491165,14.432276829573828,1.0166599014159732,24
2023-08-28,raw_pca_stabilized,raw_pca,raw_pca,14.0,2.6153791806491165,14.432276829573828,1.0166599014159732,24
2023-08-28,rmt_filtered_residual,rmt_filtered,rmt,1.0,2.6153791806491165,14.432276829573828,0.6238257987400361,24
2023-08-28,rmt_filtered_conservative,rmt_filtered,rmt,1.0,2.6153791806491165,14.432276829573828,0.6238257987400361,24
2023-08-29,sector_baseline,baseline,sector,0.0,0.0,0.0,0.6322348538715546,24
2023-08-29,raw_pca_residual,raw_pca,raw_pca,14.0,2.6153791806491165,14.424952163410765,0.6358614330384231,24
2023-08-29,raw_pca_stabilized,raw_pca,raw_pca,14.0,2.6153791806491165,14.424952163410765,0.6358614330384231,24
2023-08-29,rmt_filtered_residual,rmt_filtered,rmt,1.0,2.6153791806491165,14.424952163410765,0.7049286550446814,24
2023-08-29,rmt_filtered_conservative,rmt_filtered,rmt,1.0,2.6153791806491165,14.424952163410765,0.7049286550446814,24
2023-08-30,sector_baseline,baseline,sector,0.0,0.0,0.0,0.9915555024513306,24
2023-08-30,raw_pca_residual,raw_pca,raw_pca,14.0,2.6153791806491165,14.356923853370938,0.675623446275528,24
2023-08-30,raw_pca_stabilized,raw_pca,raw_pca,14.0,2.6153791806491165,14.356923853370938,0.675623446275528,24
2023-08-30,rmt_filtered_residual,rmt_filtered,rmt,1.0,2.6153791806491165,14.356923853370938,0.921469702042188,24
2023-08-30,rmt_filtered_conservative,rmt_filtered,rmt,1.0,2.6153791806491165,14.356923853370938,0.921469702042188,24
2023-08-31,sector_baseline,baseline,sector,0.0,0.0,0.0,0.669431402746388,24
2023-08-31,raw_pca_residual,raw_pca,raw_pca,14.0,2.6153791806491165,14.591150498264302,0.5110572845270918,24
2023-08-31,raw_pca_stabilized,raw_pca,raw_pca,14.0,2.6153791806491165,14.591150498264302,0.5110572845270918,24
2023-08-31,rmt_filtered_residual,rmt_filtered,rmt,1.0,2.6153791806491165,14.591150498264302,0.7017505685382345,24
2023-08-31,rmt_filtered_conservative,rmt_filtered,rmt,1.0,2.6153791806491165,14.591150498264302,0.7017505685382345,24
2023-09-01,sector_baseline,baseline,sector,0.0,0.0,0.0,0.6539492668616677,24
2023-09-01,raw_pca_residual,raw_pca,raw_pca,14.0,2.6153791806491165,14.643903303989406,0.8121642706142497,24
2023-09-01,raw_pca_stabilized,raw_pca,raw_pca,14.0,2.6153791806491165,14.643903303989406,0.8121642706142497,24
2023-09-01,rmt_filtered_residual,rmt_filtered,rmt,1.0,2.6153791806491165,14.643903303989406,0.7500532981137372,24
2023-09-01,rmt_filtered_conservative,rmt_filtered,rmt,1.0,2.6153791806491165,14.643903303989406,0.7500532981137372,24
2023-09-04,sector_baseline,baseline,sector,0.0,0.0,0.0,0.7279870377527233,24
2023-09-04,raw_pca_residual,raw_pca,raw_pca,14.0,2.6153791806491165,14.588845769949936,0.9902730296641584,24
2023-09-04,raw_pca_stabilized,raw_pca,raw_pca,14.0,2.6153791806491165,14.588845769949936,0.9902730296641584,24
2023-09-04,rmt_filtered_residual,rmt_filtered,rmt,1.0,2.6153791806491165,14.588845769949936,0.6417130250765825,24
2023-09-04,rmt_filtered_conservative,rmt_filtered,rmt,1.0,2.6153791806491165,14.588845769949936,0.6417130250765825,24
2023-09-05,sector_baseline,baseline,sector,0.0,0.0,0.0,0.893807663003176,24
2023-09-05,raw_pca_residual,raw_pca,raw_pca,14.0,2.6153791806491165,14.783612190039998,0.9341009449257216,24
2023-09-05,raw_pca_stabilized,raw_pca,raw_pca,14.0,2.6153791806491165,14.783612190039998,0.9341009449257216,24
2023-09-05,rmt_filtered_residual,rmt_filtered,rmt,1.0,2.6153791806491165,14.783612190039998,0.9379245493537808,24
2023-09-05,rmt_filtered_conservative,rmt_filtered,rmt,1.0,2.6153791806491165,14.783612190039998,0.9379245493537808,24
2023-09-06,sector_baseline,baseline,sector,0.0,0.0,0.0,0.7103008033558047,24
2023-09-06,raw_pca_residual,raw_pca,raw_pca,14.0,2.6153791806491165,14.774551241239816,0.7097870937610469,24
2023-09-06,raw_pca_stabilized,raw_pca,raw_pca,14.0,2.6153791806491165,14.774551241239816,0.7097870937610469,24
2023-09-06,rmt_filtered_residual,rmt_filtered,rmt,1.0,2.6153791806491165,14.774551241239816,0.8564527849218365,24
2023-09-06,rmt_filtered_conservative,rmt_filtered,rmt,1.0,2.6153791806491165,14.774551241239816,0.8564527849218365,24
2023-09-07,sector_baseline,baseline,sector,0.0,0.0,0.0,0.743532102259195,24
2023-09-07,raw_pca_residual,raw_pca,raw_pca,14.0,2.6153791806491165,15.345654006030347,0.7607178687402852,24
2023-09-07,raw_pca_stabilized,raw_pca,raw_pca,14.0,2.6153791806491165,15.345654006030347,0.7607178687402852,24
2023-09-07,rmt_filtered_residual,rmt_filtered,rmt,1.0,2.6153791806491165,15.345654006030347,0.6360915166488293,24
2023-09-07,rmt_filtered_conservative,rmt_filtered,rmt,1.0,2.6153791806491165,15.345654006030347,0.6360915166488293,24
2023-09-08,sector_baseline,baseline,sector,0.0,0.0,0.0,0.9633308769759953,24
2023-09-08,raw_pca_residual,raw_pca,raw_pca,14.0,2.6153791806491165,15.221293118688857,0.6057141889756289,24
2023-09-08,raw_pca_stabilized,raw_pca,raw_pca,14.0,2.6153791806491165,15.221293118688857,0.6057141889756289,24
2023-09-08,rmt_filtered_residual,rmt_filtered,rmt,1.0,2.6153791806491165,15.221293118688857,0.9750812981510656,24
2023-09-08,rmt_filtered_conservative,rmt_filtered,rmt,1.0,2.6153791806491165,15.221293118688857,0.9750812981510656,24
2023-09-11,sector_baseline,baseline,sector,0.0,0.0,0.0,1.169472292766667,24
2023-09-11,raw_pca_residual,raw_pca,raw_pca,14.0,2.6153791806491165,15.088224181397306,0.7376304728420461,24
2023-09-11,raw_pca_stabilized,raw_pca,raw_pca,14.0,2.6153791806491165,15.088224181397306,0.7376304728420461,24
2023-09-11,rmt_filtered_residual,rmt_filtered,rmt,1.0,2.6153791806491165,15.088224181397306,1.152945199071002,24
2023-09-11,rmt_filtered_conservative,rmt_filtered,rmt,1.0,2.6153791806491165,15.088224181397306,1.152945199071002,24
2023-09-12,sector_baseline,baseline,sector,0.0,0.0,0.0,0.6201160021176547,24
2023-09-12,raw_pca_residual,raw_pca,raw_pca,14.0,2.6153791806491165,15.045220606299791,0.8038430619385197,24
2023-09-12,raw_pca_stabilized,raw_pca,raw_pca,14.0,2.6153791806491165,15.045220606299791,0.8038430619385197,24
2023-09-12,rmt_filtered_residual,rmt_filtered,rmt,1.0,2.6153791806491165,15.045220606299791,0.8265131331450807,24
2023-09-12,rmt_filtered_conservative,rmt_filtered,rmt,1.0,2.6153791806491165,15.045220606299791,0.8265131331450807,24
2023-09-13,sector_baseline,baseline,sector,0.0,0.0,0.0,0.6859991589322377,24
2023-09-13,raw_pca_residual,raw_pca,raw_pca,14.0,2.6153791806491165,15.03108169629525,0.8714673602387326,24
2023-09-13,raw_pca_stabilized,raw_pca,raw_pca,14.0,2.6153791806491165,15.03108169629525,0.8714673602387326,24
2023-09-13,rmt_filtered_residual,rmt_filtered,rmt,1.0,2.6153791806491165,15.03108169629525,0.7744606754939344,24
2023-09-13,rmt_filtered_conservative,rmt_filtered,rmt,1.0,2.6153791806491165,15.03108169629525,0.7744606754939344,24
2023-09-14,sector_baseline,baseline,sector,0.0,0.0,0.0,0.944095461879984,24
2023-09-14,raw_pca_residual,raw_pca,raw_pca,14.0,2.6153791806491165,15.077370318561163,0.9699289811345895,24
2023-09-14,raw_pca_stabilized,raw_pca,raw_pca,14.0,2.6153791806491165,15.077370318561163,0.9699289811345895,24
2023-09-14,rmt_filtered_residual,rmt_filtered,rmt,1.0,2.6153791806491165,15.077370318561163,0.8445838360560695,24
2023-09-14,rmt_filtered_conservative,rmt_filtered,rmt,1.0,2.6153791806491165,15.077370318561163,0.8445838360560695,24
2023-09-15,sector_baseline,baseline,sector,0.0,0.0,0.0,0.8616002125906039,24
2023-09-15,raw_pca_residual,raw_pca,raw_pca,14.0,2.6153791806491165,15.1939711759685,0.7162786253791246,24
2023-09-15,raw_pca_stabilized,raw_pca,raw_pca,14.0,2.6153791806491165,15.1939711759685,0.7162786253791246,24
2023-09-15,rmt_filtered_residual,rmt_filtered,rmt,1.0,2.6153791806491165,15.1939711759685,0.7111234682883164,24
2023-09-15,rmt_filtered_conservative,rmt_filtered,rmt,1.0,2.6153791806491165,15.1939711759685,0.7111234682883164,24
2023-09-18,sector_baseline,baseline,sector,0.0,0.0,0.0,0.802328612703514,24
2023-09-18,raw_pca_residual,raw_pca,raw_pca,14.0,2.6153791806491165,15.174292645554445,0.7508478705089688,24
2023-09-18,raw_pca_stabilized,raw_pca,raw_pca,14.0,2.6153791806491165,15.174292645554445,0.7508478705089688,24
2023-09-18,rmt_filtered_residual,rmt_filtered,rmt,1.0,2.6153791806491165,15.174292645554445,0.8834012382143298,24
2023-09-18,rmt_filtered_conservative,rmt_filtered,rmt,1.0,2.6153791806491165,15.174292645554445,0.8834012382143298,24
2023-09-19,sector_baseline,baseline,sector,0.0,0.0,0.0,0.791527962677829,24
2023-09-19,raw_pca_residual,raw_pca,raw_pca,14.0,2.6153791806491165,15.063286256813214,0.7891261449860378,24
2023-09-19,raw_pca_stabilized,raw_pca,raw_pca,14.0,2.6153791806491165,15.063286256813214,0.7891261449860378,24
2023-09-19,rmt_filtered_residual,rmt_filtered,rmt,1.0,2.6153791806491165,15.063286256813214,0.8627640272958299,24
2023-09-19,rmt_filtered_conservative,rmt_filtered,rmt,1.0,2.6153791806491165,15.063286256813214,0.8627640272958299,24
2023-09-20,sector_baseline,baseline,sector,0.0,0.0,0.0,0.8973823546043856,24
2023-09-20,raw_pca_residual,raw_pca,raw_pca,14.0,2.6153791806491165,14.76549096549108,0.9973400300107474,24
2023-09-20,raw_pca_stabilized,raw_pca,raw_pca,14.0,2.6153791806491165,14.76549096549108,0.9973400300107474,24
2023-09-20,rmt_filtered_residual,rmt_filtered,rmt,1.0,2.6153791806491165,14.76549096549108,0.8295849360209413,24
2023-09-20,rmt_filtered_conservative,rmt_filtered,rmt,1.0,2.6153791806491165,14.76549096549108,0.8295849360209413,24
2023-09-21,sector_baseline,baseline,sector,0.0,0.0,0.0,0.8659198154631528,24
2023-09-21,raw_pca_residual,raw_pca,raw_pca,14.0,2.6153791806491165,14.811443068788705,0.7898281284214254,24
2023-09-21,raw_pca_stabilized,raw_pca,raw_pca,14.0,2.6153791806491165,14.811443068788705,0.7898281284214254,24
2023-09-21,rmt_filtered_residual,rmt_filtered,rmt,1.0,2.6153791806491165,14.811443068788705,0.7429722594465088,24
2023-09-21,rmt_filtered_conservative,rmt_filtered,rmt,1.0,2.6153791806491165,14.811443068788705,0.7429722594465088,24
2023-09-22,sector_baseline,baseline,sector,0.0,0.0,0.0,0.8574950765848189,24
2023-09-22,raw_pca_residual,raw_pca,raw_pca,14.0,2.6153791806491165,14.888865983295872,0.6115609729549175,24
2023-09-22,raw_pca_stabilized,raw_pca,raw_pca,14.0,2.6153791806491165,14.888865983295872,0.6115609729549175,24
2023-09-22,rmt_filtered_residual,rmt_filtered,rmt,1.0,2.6153791806491165,14.888865983295872,0.8088629670947881,24
2023-09-22,rmt_filtered_conservative,rmt_filtered,rmt,1.0,2.6153791806491165,14.888865983295872,0.8088629670947881,24
2023-09-25,sector_baseline,baseline,sector,0.0,0.0,0.0,0.77375122928453,24
2023-09-25,raw_pca_residual,raw_pca,raw_pca,14.0,2.6153791806491165,15.189321052664798,0.6954127701741485,24
2023-09-25,raw_pca_stabilized,raw_pca,raw_pca,14.0,2.6153791806491165,15.189321052664798,0.6954127701741485,24
2023-09-25,rmt_filtered_residual,rmt_filtered,rmt,1.0,2.6153791806491165,15.189321052664798,0.7342559320670631,24
2023-09-25,rmt_filtered_conservative,rmt_filtered,rmt,1.0,2.6153791806491165,15.189321052664798,0.7342559320670631,24
2023-09-26,sector_baseline,baseline,sector,0.0,0.0,0.0,0.9692019665847801,24
2023-09-26,raw_pca_residual,raw_pca,raw_pca,14.0,2.6153791806491165,15.118057353738461,0.8023229529823696,24
2023-09-26,raw_pca_stabilized,raw_pca,raw_pca,14.0,2.6153791806491165,15.118057353738461,0.8023229529823696,24
2023-09-26,rmt_filtered_residual,rmt_filtered,rmt,1.0,2.6153791806491165,15.118057353738461,0.9041127291638075,24
2023-09-26,rmt_filtered_conservative,rmt_filtered,rmt,1.0,2.6153791806491165,15.118057353738461,0.9041127291638075,24
2023-09-27,sector_baseline,baseline,sector,0.0,0.0,0.0,0.880140459447944,24
2023-09-27,raw_pca_residual,raw_pca,raw_pca,14.0,2.6153791806491165,15.056836924723862,0.9062281196053746,24
2023-09-27,raw_pca_stabilized,raw_pca,raw_pca,14.0,2.6153791806491165,15.056836924723862,0.9062281196053746,24
2023-09-27,rmt_filtered_residual,rmt_filtered,rmt,1.0,2.6153791806491165,15.056836924723862,0.8807500428674322,24
2023-09-27,rmt_filtered_conservative,rmt_filtered,rmt,1.0,2.6153791806491165,15.056836924723862,0.8807500428674322,24
2023-09-28,sector_baseline,baseline,sector,0.0,0.0,0.0,0.8696378678644159,24
2023-09-28,raw_pca_residual,raw_pca,raw_pca,14.0,2.6153791806491165,15.062250594416586,1.0516693595292128,24
2023-09-28,raw_pca_stabilized,raw_pca,raw_pca,14.0,2.6153791806491165,15.062250594416586,1.0516693595292128,24
2023-09-28,rmt_filtered_residual,rmt_filtered,rmt,1.0,2.6153791806491165,15.062250594416586,0.7503421644183573,24
2023-09-28,rmt_filtered_conservative,rmt_filtered,rmt,1.0,2.6153791806491165,15.062250594416586,0.7503421644183573,24
2023-09-29,sector_baseline,baseline,sector,0.0,0.0,0.0,0.4961354411698072,24
2023-09-29,raw_pca_residual,raw_pca,raw_pca,14.0,2.6153791806491165,15.069523540303713,0.6568509656509977,24
2023-09-29,raw_pca_stabilized,raw_pca,raw_pca,14.0,2.6153791806491165,15.069523540303713,0.6568509656509977,24
2023-09-29,rmt_filtered_residual,rmt_filtered,rmt,1.0,2.6153791806491165,15.069523540303713,0.6387466706090325,24
2023-09-29,rmt_filtered_conservative,rmt_filtered,rmt,1.0,2.6153791806491165,15.069523540303713,0.6387466706090325,24
2023-10-02,sector_baseline,baseline,sector,0.0,0.0,0.0,0.8020776056895592,24
2023-10-02,raw_pca_residual,raw_pca,raw_pca,14.0,2.6153791806491165,14.681430454922895,1.029164304461854,24
2023-10-02,raw_pca_stabilized,raw_pca,raw_pca,14.0,2.6153791806491165,14.681430454922895,1.029164304461854,24
2023-10-02,rmt_filtered_residual,rmt_filtered,rmt,1.0,2.6153791806491165,14.681430454922895,0.8883595289805566,24
2023-10-02,rmt_filtered_conservative,rmt_filtered,rmt,1.0,2.6153791806491165,14.681430454922895,0.8883595289805566,24
2023-10-03,sector_baseline,baseline,sector,0.0,0.0,0.0,0.7526023026352985,24
2023-10-03,raw_pca_residual,raw_pca,raw_pca,14.0,2.6153791806491165,14.760032746014526,0.47691825180063674,24
2023-10-03,raw_pca_stabilized,raw_pca,raw_pca,14.0,2.6153791806491165,14.760032746014526,0.47691825180063674,24
2023-10-03,rmt_filtered_residual,rmt_filtered,rmt,1.0,2.6153791806491165,14.760032746014526,0.8008986980907539,24
2023-10-03,rmt_filtered_conservative,rmt_filtered,rmt,1.0,2.6153791806491165,14.760032746014526,0.8008986980907539,24
2023-10-04,sector_baseline,baseline,sector,0.0,0.0,0.0,0.9216761406221292,24
2023-10-04,raw_pca_residual,raw_pca,raw_pca,14.0,2.6153791806491165,14.655428054090288,0.8085621364458234,24
2023-10-04,raw_pca_stabilized,raw_pca,raw_pca,14.0,2.6153791806491165,14.655428054090288,0.8085621364458234,24
2023-10-04,rmt_filtered_residual,rmt_filtered,rmt,1.0,2.6153791806491165,14.655428054090288,0.8104011749072896,24
2023-10-04,rmt_filtered_conservative,rmt_filtered,rmt,1.0,2.6153791806491165,14.655428054090288,0.8104011749072896,24
2023-10-05,sector_baseline,baseline,sector,0.0,0.0,0.0,0.8363510417610472,24
2023-10-05,raw_pca_residual,raw_pca,raw_pca,14.0,2.6153791806491165,14.877441659315341,0.9610491017271836,24
2023-10-05,raw_pca_stabilized,raw_pca,raw_pca,14.0,2.6153791806491165,14.877441659315341,0.9610491017271836,24
2023-10-05,rmt_filtered_residual,rmt_filtered,rmt,1.0,2.6153791806491165,14.877441659315341,0.8165542912391862,24
2023-10-05,rmt_filtered_conservative,rmt_filtered,rmt,1.0,2.6153791806491165,14.877441659315341,0.8165542912391862,24
2023-10-06,sector_baseline,baseline,sector,0.0,0.0,0.0,0.5221278349014112,24
2023-10-06,raw_pca_residual,raw_pca,raw_pca,14.0,2.6153791806491165,14.77849810080261,0.594270039126581,24
2023-10-06,raw_pca_stabilized,raw_pca,raw_pca,14.0,2.6153791806491165,14.77849810080261,0.594270039126581,24
2023-10-06,rmt_filtered_residual,rmt_filtered,rmt,1.0,2.6153791806491165,14.77849810080261,0.7215551838361862,24
2023-10-06,rmt_filtered_conservative,rmt_filtered,rmt,1.0,2.6153791806491165,14.77849810080261,0.7215551838361862,24
2023-10-09,sector_baseline,baseline,sector,0.0,0.0,0.0,0.7116464509372765,24
2023-10-09,raw_pca_residual,raw_pca,raw_pca,14.0,2.6153791806491165,14.915242997008908,0.6181641403339099,24
2023-10-09,raw_pca_stabilized,raw_pca,raw_pca,14.0,2.6153791806491165,14.915242997008908,0.6181641403339099,24
2023-10-09,rmt_filtered_residual,rmt_filtered,rmt,1.0,2.6153791806491165,14.915242997008908,0.6631757034992046,24
2023-10-09,rmt_filtered_conservative,rmt_filtered,rmt,1.0,2.6153791806491165,14.915242997008908,0.6631757034992046,24
2023-10-10,sector_baseline,baseline,sector,0.0,0.0,0.0,0.8440751674034742,24
2023-10-10,raw_pca_residual,raw_pca,raw_pca,14.0,2.6153791806491165,15.056035976212039,0.6533890723425341,24
2023-10-10,raw_pca_stabilized,raw_pca,raw_pca,14.0,2.6153791806491165,15.056035976212039,0.6533890723425341,24
2023-10-10,rmt_filtered_residual,rmt_filtered,rmt,1.0,2.6153791806491165,15.056035976212039,0.7999876221207337,24
2023-10-10,rmt_filtered_conservative,rmt_filtered,rmt,1.0,2.6153791806491165,15.056035976212039,0.7999876221207337,24
2023-10-11,sector_baseline,baseline,sector,0.0,0.0,0.0,0.9479716837192081,24
2023-10-11,raw_pca_residual,raw_pca,raw_pca,14.0,2.6153791806491165,14.981508120175427,0.894804967470776,24
2023-10-11,raw_pca_stabilized,raw_pca,raw_pca,14.0,2.6153791806491165,14.981508120175427,0.894804967470776,24
2023-10-11,rmt_filtered_residual,rmt_filtered,rmt,1.0,2.6153791806491165,14.981508120175427,1.1137507771685575,24
2023-10-11,rmt_filtered_conservative,rmt_filtered,rmt,1.0,2.6153791806491165,14.981508120175427,1.1137507771685575,24
2023-10-12,sector_baseline,baseline,sector,0.0,0.0,0.0,0.6144313230775382,24
2023-10-12,raw_pca_residual,raw_pca,raw_pca,14.0,2.6153791806491165,14.688634261181177,0.4293793752413439,24
2023-10-12,raw_pca_stabilized,raw_pca,raw_pca,14.0,2.6153791806491165,14.688634261181177,0.4293793752413439,24
2023-10-12,rmt_filtered_residual,rmt_filtered,rmt,1.0,2.6153791806491165,14.688634261181177,0.5778588515566561,24
2023-10-12,rmt_filtered_conservative,rmt_filtered,rmt,1.0,2.6153791806491165,14.688634261181177,0.5778588515566561,24
2023-10-13,sector_baseline,baseline,sector,0.0,0.0,0.0,0.5000566708158148,24
2023-10-13,raw_pca_residual,raw_pca,raw_pca,14.0,2.6153791806491165,14.698632648348088,0.5605033216931616,24
2023-10-13,raw_pca_stabilized,raw_pca,raw_pca,14.0,2.6153791806491165,14.698632648348088,0.5605033216931616,24
2023-10-13,rmt_filtered_residual,rmt_filtered,rmt,1.0,2.6153791806491165,14.698632648348088,0.573026309757053,24
2023-10-13,rmt_filtered_conservative,rmt_filtered,rmt,1.0,2.6153791806491165,14.698632648348088,0.573026309757053,24
2023-10-16,sector_baseline,baseline,sector,0.0,0.0,0.0,0.7113246931655212,24
2023-10-16,raw_pca_residual,raw_pca,raw_pca,14.0,2.6153791806491165,14.705015665609992,0.7934678527471636,24
2023-10-16,raw_pca_stabilized,raw_pca,raw_pca,14.0,2.6153791806491165,14.705015665609992,0.7934678527471636,24
2023-10-16,rmt_filtered_residual,rmt_filtered,rmt,1.0,2.6153791806491165,14.705015665609992,0.6762111171760461,24
2023-10-16,rmt_filtered_conservative,rmt_filtered,rmt,1.0,2.6153791806491165,14.705015665609992,0.6762111171760461,24
2023-10-17,sector_baseline,baseline,sector,0.0,0.0,0.0,0.7951545719182319,24
2023-10-17,raw_pca_residual,raw_pca,raw_pca,14.0,2.6153791806491165,14.547903419857064,0.6574668710145944,24
2023-10-17,raw_pca_stabilized,raw_pca,raw_pca,14.0,2.6153791806491165,14.547903419857064,0.6574668710145944,24
2023-10-17,rmt_filtered_residual,rmt_filtered,rmt,1.0,2.6153791806491165,14.547903419857064,0.7927887660619958,24
2023-10-17,rmt_filtered_conservative,rmt_filtered,rmt,1.0,2.6153791806491165,14.547903419857064,0.7927887660619958,24
2023-10-18,sector_baseline,baseline,sector,0.0,0.0,0.0,0.8992570085150303,24
2023-10-18,raw_pca_residual,raw_pca,raw_pca,14.0,2.6153791806491165,14.386500783973146,0.6067331820589608,24
2023-10-18,raw_pca_stabilized,raw_pca,raw_pca,14.0,2.6153791806491165,14.386500783973146,0.6067331820589608,24
2023-10-18,rmt_filtered_residual,rmt_filtered,rmt,1.0,2.6153791806491165,14.386500783973146,0.931003073560314,24
2023-10-18,rmt_filtered_conservative,rmt_filtered,rmt,1.0,2.6153791806491165,14.386500783973146,0.931003073560314,24
2023-10-19,sector_baseline,baseline,sector,0.0,0.0,0.0,0.8622087217484834,24
2023-10-19,raw_pca_residual,raw_pca,raw_pca,14.0,2.6153791806491165,14.310900426395362,0.6471125167330474,24
2023-10-19,raw_pca_stabilized,raw_pca,raw_pca,14.0,2.6153791806491165,14.310900426395362,0.6471125167330474,24
2023-10-19,rmt_filtered_residual,rmt_filtered,rmt,1.0,2.6153791806491165,14.310900426395362,0.7088454661105438,24
2023-10-19,rmt_filtered_conservative,rmt_filtered,rmt,1.0,2.6153791806491165,14.310900426395362,0.7088454661105438,24
2023-10-20,sector_baseline,baseline,sector,0.0,0.0,0.0,0.7201661429721513,24
2023-10-20,raw_pca_residual,raw_pca,raw_pca,14.0,2.6153791806491165,14.402392867698131,0.8432322063163172,24
2023-10-20,raw_pca_stabilized,raw_pca,raw_pca,14.0,2.6153791806491165,14.402392867698131,0.8432322063163172,24
2023-10-20,rmt_filtered_residual,rmt_filtered,rmt,1.0,2.6153791806491165,14.402392867698131,0.6746323271209785,24
2023-10-20,rmt_filtered_conservative,rmt_filtered,rmt,1.0,2.6153791806491165,14.402392867698131,0.6746323271209785,24
2023-10-23,sector_baseline,baseline,sector,0.0,0.0,0.0,0.7852943015408925,24
2023-10-23,raw_pca_residual,raw_pca,raw_pca,14.0,2.6153791806491165,14.458916788015028,0.8692519697150388,24
2023-10-23,raw_pca_stabilized,raw_pca,raw_pca,14.0,2.6153791806491165,14.458916788015028,0.8692519697150388,24
2023-10-23,rmt_filtered_residual,rmt_filtered,rmt,1.0,2.6153791806491165,14.458916788015028,0.8981079398742019,24
2023-10-23,rmt_filtered_conservative,rmt_filtered,rmt,1.0,2.6153791806491165,14.458916788015028,0.8981079398742019,24
2023-10-24,sector_baseline,baseline,sector,0.0,0.0,0.0,0.7853623400752756,24
2023-10-24,raw_pca_residual,raw_pca,raw_pca,14.0,2.6153791806491165,14.348117513991596,0.6441265573235481,24
2023-10-24,raw_pca_stabilized,raw_pca,raw_pca,14.0,2.6153791806491165,14.348117513991596,0.6441265573235481,24
2023-10-24,rmt_filtered_residual,rmt_filtered,rmt,1.0,2.6153791806491165,14.348117513991596,0.7266320147053723,24
2023-10-24,rmt_filtered_conservative,rmt_filtered,rmt,1.0,2.6153791806491165,14.348117513991596,0.7266320147053723,24
2023-10-25,sector_baseline,baseline,sector,0.0,0.0,0.0,0.9614516171107895,24
2023-10-25,raw_pca_residual,raw_pca,raw_pca,14.0,2.6153791806491165,14.284392126259629,0.766052571176508,24
2023-10-25,raw_pca_stabilized,raw_pca,raw_pca,14.0,2.6153791806491165,14.284392126259629,0.766052571176508,24
2023-10-25,rmt_filtered_residual,rmt_filtered,rmt,1.0,2.6153791806491165,14.284392126259629,0.8796228630417011,24
2023-10-25,rmt_filtered_conservative,rmt_filtered,rmt,1.0,2.6153791806491165,14.284392126259629,0.8796228630417011,24
2023-10-26,sector_baseline,baseline,sector,0.0,0.0,0.0,0.5526398422442053,24
2023-10-26,raw_pca_residual,raw_pca,raw_pca,14.0,2.6153791806491165,14.226133500570679,0.7044698448719897,24
2023-10-26,raw_pca_stabilized,raw_pca,raw_pca,14.0,2.6153791806491165,14.226133500570679,0.7044698448719897,24
2023-10-26,rmt_filtered_residual,rmt_filtered,rmt,1.0,2.6153791806491165,14.226133500570679,0.7533058352259032,24
2023-10-26,rmt_filtered_conservative,rmt_filtered,rmt,1.0,2.6153791806491165,14.226133500570679,0.7533058352259032,24
2023-10-27,sector_baseline,baseline,sector,0.0,0.0,0.0,0.6890532443222636,24
2023-10-27,raw_pca_residual,raw_pca,raw_pca,14.0,2.6153791806491165,14.336045935876104,0.6066349889993882,24
2023-10-27,raw_pca_stabilized,raw_pca,raw_pca,14.0,2.6153791806491165,14.336045935876104,0.6066349889993882,24
2023-10-27,rmt_filtered_residual,rmt_filtered,rmt,1.0,2.6153791806491165,14.336045935876104,0.6691828108019454,24
2023-10-27,rmt_filtered_conservative,rmt_filtered,rmt,1.0,2.6153791806491165,14.336045935876104,0.6691828108019454,24
2023-10-30,sector_baseline,baseline,sector,0.0,0.0,0.0,0.9298029661319843,24
2023-10-30,raw_pca_residual,raw_pca,raw_pca,14.0,2.6153791806491165,14.286592010286254,0.929937328280061,24
2023-10-30,raw_pca_stabilized,raw_pca,raw_pca,14.0,2.6153791806491165,14.286592010286254,0.929937328280061,24
2023-10-30,rmt_filtered_residual,rmt_filtered,rmt,1.0,2.6153791806491165,14.286592010286254,0.8116318207211205,24
2023-10-30,rmt_filtered_conservative,rmt_filtered,rmt,1.0,2.6153791806491165,14.286592010286254,0.8116318207211205,24
2023-10-31,sector_baseline,baseline,sector,0.0,0.0,0.0,0.7515041595334245,24
2023-10-31,raw_pca_residual,raw_pca,raw_pca,14.0,2.6153791806491165,14.131587293908819,0.6350893688622824,24
2023-10-31,raw_pca_stabilized,raw_pca,raw_pca,14.0,2.6153791806491165,14.131587293908819,0.6350893688622824,24
2023-10-31,rmt_filtered_residual,rmt_filtered,rmt,1.0,2.6153791806491165,14.131587293908819,0.8270111514706792,24
2023-10-31,rmt_filtered_conservative,rmt_filtered,rmt,1.0,2.6153791806491165,14.131587293908819,0.8270111514706792,24
2023-11-01,sector_baseline,baseline,sector,0.0,0.0,0.0,1.0165221928625703,24
2023-11-01,raw_pca_residual,raw_pca,raw_pca,14.0,2.6153791806491165,14.327208912201256,0.8919066078664372,24
2023-11-01,raw_pca_stabilized,raw_pca,raw_pca,14.0,2.6153791806491165,14.327208912201256,0.8919066078664372,24
2023-11-01,rmt_filtered_residual,rmt_filtered,rmt,1.0,2.6153791806491165,14.327208912201256,1.0463802823652093,24
2023-11-01,rmt_filtered_conservative,rmt_filtered,rmt,1.0,2.6153791806491165,14.327208912201256,1.0463802823652093,24
2023-11-02,sector_baseline,baseline,sector,0.0,0.0,0.0,0.7930377517406365,24
2023-11-02,raw_pca_residual,raw_pca,raw_pca,14.0,2.6153791806491165,14.301029037375343,0.8344260059087892,24
2023-11-02,raw_pca_stabilized,raw_pca,raw_pca,14.0,2.6153791806491165,14.301029037375343,0.8344260059087892,24
2023-11-02,rmt_filtered_residual,rmt_filtered,rmt,1.0,2.6153791806491165,14.301029037375343,0.8780641479778769,24
2023-11-02,rmt_filtered_conservative,rmt_filtered,rmt,1.0,2.6153791806491165,14.301029037375343,0.8780641479778769,24
2023-11-03,sector_baseline,baseline,sector,0.0,0.0,0.0,0.9349749925338701,24
2023-11-03,raw_pca_residual,raw_pca,raw_pca,14.0,2.6153791806491165,14.22674601811629,1.0966075071292396,24
2023-11-03,raw_pca_stabilized,raw_pca,raw_pca,14.0,2.6153791806491165,14.22674601811629,1.0966075071292396,24
2023-11-03,rmt_filtered_residual,rmt_filtered,rmt,1.0,2.6153791806491165,14.22674601811629,0.9025579297041072,24
2023-11-03,rmt_filtered_conservative,rmt_filtered,rmt,1.0,2.6153791806491165,14.22674601811629,0.9025579297041072,24
2023-11-06,sector_baseline,baseline,sector,0.0,0.0,0.0,0.8077302693825876,24
2023-11-06,raw_pca_residual,raw_pca,raw_pca,14.0,2.6153791806491165,14.29939675614002,0.8841055854992502,24
2023-11-06,raw_pca_stabilized,raw_pca,raw_pca,14.0,2.6153791806491165,14.29939675614002,0.8841055854992502,24
2023-11-06,rmt_filtered_residual,rmt_filtered,rmt,1.0,2.6153791806491165,14.29939675614002,0.7236551180972196,24
2023-11-06,rmt_filtered_conservative,rmt_filtered,rmt,1.0,2.6153791806491165,14.29939675614002,0.7236551180972196,24
2023-11-07,sector_baseline,baseline,sector,0.0,0.0,0.0,0.7962222201187427,24
2023-11-07,raw_pca_residual,raw_pca,raw_pca,14.0,2.6153791806491165,14.25777869424473,0.8866636801608637,24
2023-11-07,raw_pca_stabilized,raw_pca,raw_pca,14.0,2.6153791806491165,14.25777869424473,0.8866636801608637,24
2023-11-07,rmt_filtered_residual,rmt_filtered,rmt,1.0,2.6153791806491165,14.25777869424473,0.6590898685162744,24
2023-11-07,rmt_filtered_conservative,rmt_filtered,rmt,1.0,2.6153791806491165,14.25777869424473,0.6590898685162744,24
2023-11-08,sector_baseline,baseline,sector,0.0,0.0,0.0,0.794866328851786,24
2023-11-08,raw_pca_residual,raw_pca,raw_pca,14.0,2.6153791806491165,14.240266173936604,0.9265975016071648,24
2023-11-08,raw_pca_stabilized,raw_pca,raw_pca,14.0,2.6153791806491165,14.240266173936604,0.9265975016071648,24
2023-11-08,rmt_filtered_residual,rmt_filtered,rmt,1.0,2.6153791806491165,14.240266173936604,0.7175870035129172,24
2023-11-08,rmt_filtered_conservative,rmt_filtered,rmt,1.0,2.6153791806491165,14.240266173936604,0.7175870035129172,24
2023-11-09,sector_baseline,baseline,sector,0.0,0.0,0.0,1.0800287107861333,24
2023-11-09,raw_pca_residual,raw_pca,raw_pca,14.0,2.6153791806491165,14.187201055493858,0.9085109057275987,24
2023-11-09,raw_pca_stabilized,raw_pca,raw_pca,14.0,2.6153791806491165,14.187201055493858,0.9085109057275987,24
2023-11-09,rmt_filtered_residual,rmt_filtered,rmt,1.0,2.6153791806491165,14.187201055493858,1.1041390415854575,24
2023-11-09,rmt_filtered_conservative,rmt_filtered,rmt,1.0,2.6153791806491165,14.187201055493858,1.1041390415854575,24
2023-11-10,sector_baseline,baseline,sector,0.0,0.0,0.0,0.7162838416389024,24
2023-11-10,raw_pca_residual,raw_pca,raw_pca,14.0,2.6153791806491165,14.410499802627077,0.8604624727980591,24
2023-11-10,raw_pca_stabilized,raw_pca,raw_pca,14.0,2.6153791806491165,14.410499802627077,0.8604624727980591,24
2023-11-10,rmt_filtered_residual,rmt_filtered,rmt,1.0,2.6153791806491165,14.410499802627077,0.699374603126496,24
2023-11-10,rmt_filtered_conservative,rmt_filtered,rmt,1.0,2.6153791806491165,14.410499802627077,0.699374603126496,24
2023-11-13,sector_baseline,baseline,sector,0.0,0.0,0.0,0.8169364951323529,24
2023-11-13,raw_pca_residual,raw_pca,raw_pca,14.0,2.6153791806491165,14.711468928018547,0.7760311625289654,24
2023-11-13,raw_pca_stabilized,raw_pca,raw_pca,14.0,2.6153791806491165,14.711468928018547,0.7760311625289654,24
2023-11-13,rmt_filtered_residual,rmt_filtered,rmt,1.0,2.6153791806491165,14.711468928018547,0.756951174752294,24
2023-11-13,rmt_filtered_conservative,rmt_filtered,rmt,1.0,2.6153791806491165,14.711468928018547,0.756951174752294,24
2023-11-14,sector_baseline,baseline,sector,0.0,0.0,0.0,0.7702464924476696,24
2023-11-14,raw_pca_residual,raw_pca,raw_pca,14.0,2.6153791806491165,14.15849960279008,1.0833683818028206,24
2023-11-14,raw_pca_stabilized,raw_pca,raw_pca,14.0,2.6153791806491165,14.15849960279008,1.0833683818028206,24
2023-11-14,rmt_filtered_residual,rmt_filtered,rmt,1.0,2.6153791806491165,14.15849960279008,0.8803237885433814,24
2023-11-14,rmt_filtered_conservative,rmt_filtered,rmt,1.0,2.6153791806491165,14.15849960279008,0.8803237885433814,24
2023-11-15,sector_baseline,baseline,sector,0.0,0.0,0.0,0.7008936306002532,24
2023-11-15,raw_pca_residual,raw_pca,raw_pca,14.0,2.6153791806491165,14.397761061742012,0.812093118671316,24
2023-11-15,raw_pca_stabilized,raw_pca,raw_pca,14.0,2.6153791806491165,14.397761061742012,0.812093118671316,24
2023-11-15,rmt_filtered_residual,rmt_filtered,rmt,1.0,2.6153791806491165,14.397761061742012,0.6336550401946783,24
2023-11-15,rmt_filtered_conservative,rmt_filtered,rmt,1.0,2.6153791806491165,14.397761061742012,0.6336550401946783,24
2023-11-16,sector_baseline,baseline,sector,0.0,0.0,0.0,0.7018972733429862,24
2023-11-16,raw_pca_residual,raw_pca,raw_pca,14.0,2.6153791806491165,14.407541235412511,1.1008119958243812,24
2023-11-16,raw_pca_stabilized,raw_pca,raw_pca,14.0,2.6153791806491165,14.407541235412511,1.1008119958243812,24
2023-11-16,rmt_filtered_residual,rmt_filtered,rmt,1.0,2.6153791806491165,14.407541235412511,0.8650029428406832,24
2023-11-16,rmt_filtered_conservative,rmt_filtered,rmt,1.0,2.6153791806491165,14.407541235412511,0.8650029428406832,24
2023-11-17,sector_baseline,baseline,sector,0.0,0.0,0.0,0.6647026178196579,24
2023-11-17,raw_pca_residual,raw_pca,raw_pca,14.0,2.6153791806491165,14.440702504295103,0.8388249333974042,24
2023-11-17,raw_pca_stabilized,raw_pca,raw_pca,14.0,2.6153791806491165,14.440702504295103,0.8388249333974042,24
2023-11-17,rmt_filtered_residual,rmt_filtered,rmt,1.0,2.6153791806491165,14.440702504295103,0.7167401680057238,24
2023-11-17,rmt_filtered_conservative,rmt_filtered,rmt,1.0,2.6153791806491165,14.440702504295103,0.7167401680057238,24
2023-11-20,sector_baseline,baseline,sector,0.0,0.0,0.0,0.7196445969492768,24
2023-11-20,raw_pca_residual,raw_pca,raw_pca,14.0,2.6153791806491165,14.629840685211928,0.8606711873222027,24
2023-11-20,raw_pca_stabilized,raw_pca,raw_pca,14.0,2.6153791806491165,14.629840685211928,0.8606711873222027,24
2023-11-20,rmt_filtered_residual,rmt_filtered,rmt,1.0,2.6153791806491165,14.629840685211928,0.7934950478998797,24
2023-11-20,rmt_filtered_conservative,rmt_filtered,rmt,1.0,2.6153791806491165,14.629840685211928,0.7934950478998797,24
2023-11-21,sector_baseline,baseline,sector,0.0,0.0,0.0,0.7686225237844587,24
2023-11-21,raw_pca_residual,raw_pca,raw_pca,14.0,2.6153791806491165,14.608709408918022,0.7852967387044446,24
2023-11-21,raw_pca_stabilized,raw_pca,raw_pca,14.0,2.6153791806491165,14.608709408918022,0.7852967387044446,24
2023-11-21,rmt_filtered_residual,rmt_filtered,rmt,1.0,2.6153791806491165,14.608709408918022,0.6522064251025285,24
2023-11-21,rmt_filtered_conservative,rmt_filtered,rmt,1.0,2.6153791806491165,14.608709408918022,0.6522064251025285,24
2023-11-22,sector_baseline,baseline,sector,0.0,0.0,0.0,0.8389914943466558,24
2023-11-22,raw_pca_residual,raw_pca,raw_pca,14.0,2.6153791806491165,14.616236952236545,0.7147862493671457,24
2023-11-22,raw_pca_stabilized,raw_pca,raw_pca,14.0,2.6153791806491165,14.616236952236545,0.7147862493671457,24
2023-11-22,rmt_filtered_residual,rmt_filtered,rmt,1.0,2.6153791806491165,14.616236952236545,0.9491859149140796,24
2023-11-22,rmt_filtered_conservative,rmt_filtered,rmt,1.0,2.6153791806491165,14.616236952236545,0.9491859149140796,24
2023-11-23,sector_baseline,baseline,sector,0.0,0.0,0.0,0.9086458910629931,24
2023-11-23,raw_pca_residual,raw_pca,raw_pca,14.0,2.6153791806491165,14.570938495038998,1.0396264397310508,24
2023-11-23,raw_pca_stabilized,raw_pca,raw_pca,14.0,2.6153791806491165,14.570938495038998,1.0396264397310508,24
2023-11-23,rmt_filtered_residual,rmt_filtered,rmt,1.0,2.6153791806491165,14.570938495038998,0.9211594329652092,24
2023-11-23,rmt_filtered_conservative,rmt_filtered,rmt,1.0,2.6153791806491165,14.570938495038998,0.9211594329652092,24
2023-11-24,sector_baseline,baseline,sector,0.0,0.0,0.0,0.7159548276052887,24
2023-11-24,raw_pca_residual,raw_pca,raw_pca,14.0,2.6153791806491165,14.431333089984772,0.5658887329298309,24
2023-11-24,raw_pca_stabilized,raw_pca,raw_pca,14.0,2.6153791806491165,14.431333089984772,0.5658887329298309,24
2023-11-24,rmt_filtered_residual,rmt_filtered,rmt,1.0,2.6153791806491165,14.431333089984772,0.8514113989173464,24
2023-11-24,rmt_filtered_conservative,rmt_filtered,rmt,1.0,2.6153791806491165,14.431333089984772,0.8514113989173464,24
2023-11-27,sector_baseline,baseline,sector,0.0,0.0,0.0,0.8690380411786371,24
2023-11-27,raw_pca_residual,raw_pca,raw_pca,14.0,2.6153791806491165,14.469398137221024,0.8657239743215149,24
2023-11-27,raw_pca_stabilized,raw_pca,raw_pca,14.0,2.6153791806491165,14.469398137221024,0.8657239743215149,24
2023-11-27,rmt_filtered_residual,rmt_filtered,rmt,1.0,2.6153791806491165,14.469398137221024,0.7097917587461046,24
2023-11-27,rmt_filtered_conservative,rmt_filtered,rmt,1.0,2.6153791806491165,14.469398137221024,0.7097917587461046,24
2023-11-28,sector_baseline,baseline,sector,0.0,0.0,0.0,0.9412323702630134,24
2023-11-28,raw_pca_residual,raw_pca,raw_pca,14.0,2.6153791806491165,14.183470043185725,0.8032839906635744,24
2023-11-28,raw_pca_stabilized,raw_pca,raw_pca,14.0,2.6153791806491165,14.183470043185725,0.8032839906635744,24
2023-11-28,rmt_filtered_residual,rmt_filtered,rmt,1.0,2.6153791806491165,14.183470043185725,1.02863940745582,24
2023-11-28,rmt_filtered_conservative,rmt_filtered,rmt,1.0,2.6153791806491165,14.183470043185725,1.02863940745582,24
2023-11-29,sector_baseline,baseline,sector,0.0,0.0,0.0,0.9585881254418376,24
2023-11-29,raw_pca_residual,raw_pca,raw_pca,14.0,2.6153791806491165,14.10371994219319,0.6263336973300215,24
2023-11-29,raw_pca_stabilized,raw_pca,raw_pca,14.0,2.6153791806491165,14.10371994219319,0.6263336973300215,24
2023-11-29,rmt_filtered_residual,rmt_filtered,rmt,1.0,2.6153791806491165,14.10371994219319,0.9356503624386295,24
2023-11-29,rmt_filtered_conservative,rmt_filtered,rmt,1.0,2.6153791806491165,14.10371994219319,0.9356503624386295,24
2023-11-30,sector_baseline,baseline,sector,0.0,0.0,0.0,0.9044967235396633,24
2023-11-30,raw_pca_residual,raw_pca,raw_pca,14.0,2.6153791806491165,13.92887373810396,0.6283839080843883,24
2023-11-30,raw_pca_stabilized,raw_pca,raw_pca,14.0,2.6153791806491165,13.92887373810396,0.6283839080843883,24
2023-11-30,rmt_filtered_residual,rmt_filtered,rmt,1.0,2.6153791806491165,13.92887373810396,1.0142527559342878,24
2023-11-30,rmt_filtered_conservative,rmt_filtered,rmt,1.0,2.6153791806491165,13.92887373810396,1.0142527559342878,24
2023-12-01,sector_baseline,baseline,sector,0.0,0.0,0.0,0.7844484638282246,24
2023-12-01,raw_pca_residual,raw_pca,raw_pca,14.0,2.6153791806491165,13.78385338201988,0.5842711138552649,24
2023-12-01,raw_pca_stabilized,raw_pca,raw_pca,14.0,2.6153791806491165,13.78385338201988,0.5842711138552649,24
2023-12-01,rmt_filtered_residual,rmt_filtered,rmt,1.0,2.6153791806491165,13.78385338201988,0.8509463203767256,24
2023-12-01,rmt_filtered_conservative,rmt_filtered,rmt,1.0,2.6153791806491165,13.78385338201988,0.8509463203767256,24
2023-12-04,sector_baseline,baseline,sector,0.0,0.0,0.0,1.111835106648735,24
2023-12-04,raw_pca_residual,raw_pca,raw_pca,14.0,2.6153791806491165,13.821725046676132,1.0353729975189976,24
2023-12-04,raw_pca_stabilized,raw_pca,raw_pca,14.0,2.6153791806491165,13.821725046676132,1.0353729975189976,24
2023-12-04,rmt_filtered_residual,rmt_filtered,rmt,1.0,2.6153791806491165,13.821725046676132,1.0636638293607368,24
2023-12-04,rmt_filtered_conservative,rmt_filtered,rmt,1.0,2.6153791806491165,13.821725046676132,1.0636638293607368,24
2023-12-05,sector_baseline,baseline,sector,0.0,0.0,0.0,0.711364119547202,24
2023-12-05,raw_pca_residual,raw_pca,raw_pca,14.0,2.6153791806491165,12.912995082194655,0.7402125038587282,24
2023-12-05,raw_pca_stabilized,raw_pca,raw_pca,14.0,2.6153791806491165,12.912995082194655,0.7402125038587282,24
2023-12-05,rmt_filtered_residual,rmt_filtered,rmt,1.0,2.6153791806491165,12.912995082194655,0.870667025726353,24
2023-12-05,rmt_filtered_conservative,rmt_filtered,rmt,1.0,2.6153791806491165,12.912995082194655,0.870667025726353,24
2023-12-06,sector_baseline,baseline,sector,0.0,0.0,0.0,1.0977265083642305,24
2023-12-06,raw_pca_residual,raw_pca,raw_pca,14.0,2.6153791806491165,12.621103787583642,0.9191740223052441,24
2023-12-06,raw_pca_stabilized,raw_pca,raw_pca,14.0,2.6153791806491165,12.621103787583642,0.9191740223052441,24
2023-12-06,rmt_filtered_residual,rmt_filtered,rmt,1.0,2.6153791806491165,12.621103787583642,1.028714262295338,24
2023-12-06,rmt_filtered_conservative,rmt_filtered,rmt,1.0,2.6153791806491165,12.621103787583642,1.028714262295338,24
2023-12-07,sector_baseline,baseline,sector,0.0,0.0,0.0,0.8877932288823812,24
2023-12-07,raw_pca_residual,raw_pca,raw_pca,14.0,2.6153791806491165,12.333252172661881,0.772184466774334,24
2023-12-07,raw_pca_stabilized,raw_pca,raw_pca,14.0,2.6153791806491165,12.333252172661881,0.772184466774334,24
2023-12-07,rmt_filtered_residual,rmt_filtered,rmt,1.0,2.6153791806491165,12.333252172661881,0.8764981437176284,24
2023-12-07,rmt_filtered_conservative,rmt_filtered,rmt,1.0,2.6153791806491165,12.333252172661881,0.8764981437176284,24
2023-12-08,sector_baseline,baseline,sector,0.0,0.0,0.0,0.7616752996448458,24
2023-12-08,raw_pca_residual,raw_pca,raw_pca,14.0,2.6153791806491165,12.536780310723072,0.9646904268577084,24
2023-12-08,raw_pca_stabilized,raw_pca,raw_pca,14.0,2.6153791806491165,12.536780310723072,0.9646904268577084,24
2023-12-08,rmt_filtered_residual,rmt_filtered,rmt,1.0,2.6153791806491165,12.536780310723072,0.7189758087774968,24
2023-12-08,rmt_filtered_conservative,rmt_filtered,rmt,1.0,2.6153791806491165,12.536780310723072,0.7189758087774968,24
2023-12-11,sector_baseline,baseline,sector,0.0,0.0,0.0,0.5576244006704744,24
2023-12-11,raw_pca_residual,raw_pca,raw_pca,14.0,2.6153791806491165,12.709736362327027,0.821833440936187,24
2023-12-11,raw_pca_stabilized,raw_pca,raw_pca,14.0,2.6153791806491165,12.709736362327027,0.821833440936187,24
2023-12-11,rmt_filtered_residual,rmt_filtered,rmt,1.0,2.6153791806491165,12.709736362327027,0.6331706188096813,24
2023-12-11,rmt_filtered_conservative,rmt_filtered,rmt,1.0,2.6153791806491165,12.709736362327027,0.6331706188096813,24
2023-12-12,sector_baseline,baseline,sector,0.0,0.0,0.0,0.7644209776325139,24
2023-12-12,raw_pca_residual,raw_pca,raw_pca,14.0,2.6153791806491165,12.810095376647606,1.0078998182528576,24
2023-12-12,raw_pca_stabilized,raw_pca,raw_pca,14.0,2.6153791806491165,12.810095376647606,1.0078998182528576,24
2023-12-12,rmt_filtered_residual,rmt_filtered,rmt,1.0,2.6153791806491165,12.810095376647606,0.6445074670987511,24
2023-12-12,rmt_filtered_conservative,rmt_filtered,rmt,1.0,2.6153791806491165,12.810095376647606,0.6445074670987511,24
2023-12-13,sector_baseline,baseline,sector,0.0,0.0,0.0,0.8181005728394535,24
2023-12-13,raw_pca_residual,raw_pca,raw_pca,14.0,2.6153791806491165,12.782121506892123,0.90048213394017,24
2023-12-13,raw_pca_stabilized,raw_pca,raw_pca,14.0,2.6153791806491165,12.782121506892123,0.90048213394017,24
2023-12-13,rmt_filtered_residual,rmt_filtered,rmt,1.0,2.6153791806491165,12.782121506892123,0.7656329707666595,24
2023-12-13,rmt_filtered_conservative,rmt_filtered,rmt,1.0,2.6153791806491165,12.782121506892123,0.7656329707666595,24
2023-12-14,sector_baseline,baseline,sector,0.0,0.0,0.0,0.860661591565437,24
2023-12-14,raw_pca_residual,raw_pca,raw_pca,14.0,2.6153791806491165,13.05908419995354,0.7065460151608084,24
2023-12-14,raw_pca_stabilized,raw_pca,raw_pca,14.0,2.6153791806491165,13.05908419995354,0.7065460151608084,24
2023-12-14,rmt_filtered_residual,rmt_filtered,rmt,1.0,2.6153791806491165,13.05908419995354,0.7327350709529866,24
2023-12-14,rmt_filtered_conservative,rmt_filtered,rmt,1.0,2.6153791806491165,13.05908419995354,0.7327350709529866,24
2023-12-15,sector_baseline,baseline,sector,0.0,0.0,0.0,0.7849747507720828,24
2023-12-15,raw_pca_residual,raw_pca,raw_pca,14.0,2.6153791806491165,13.673473605458264,0.9748165289201766,24
2023-12-15,raw_pca_stabilized,raw_pca,raw_pca,14.0,2.6153791806491165,13.673473605458264,0.9748165289201766,24
2023-12-15,rmt_filtered_residual,rmt_filtered,rmt,1.0,2.6153791806491165,13.673473605458264,0.689400506122011,24
2023-12-15,rmt_filtered_conservative,rmt_filtered,rmt,1.0,2.6153791806491165,13.673473605458264,0.689400506122011,24
2023-12-18,sector_baseline,baseline,sector,0.0,0.0,0.0,0.8526201280061372,24
2023-12-18,raw_pca_residual,raw_pca,raw_pca,14.0,2.6153791806491165,13.648932207039584,0.6464702580512709,24
2023-12-18,raw_pca_stabilized,raw_pca,raw_pca,14.0,2.6153791806491165,13.648932207039584,0.6464702580512709,24
2023-12-18,rmt_filtered_residual,rmt_filtered,rmt,1.0,2.6153791806491165,13.648932207039584,0.7936702340974038,24
2023-12-18,rmt_filtered_conservative,rmt_filtered,rmt,1.0,2.6153791806491165,13.648932207039584,0.7936702340974038,24
2023-12-19,sector_baseline,baseline,sector,0.0,0.0,0.0,0.958682992278091,24
2023-12-19,raw_pca_residual,raw_pca,raw_pca,14.0,2.6153791806491165,13.677032028021985,0.6627224522182952,24
2023-12-19,raw_pca_stabilized,raw_pca,raw_pca,14.0,2.6153791806491165,13.677032028021985,0.6627224522182952,24
2023-12-19,rmt_filtered_residual,rmt_filtered,rmt,1.0,2.6153791806491165,13.677032028021985,0.9692073665254576,24
2023-12-19,rmt_filtered_conservative,rmt_filtered,rmt,1.0,2.6153791806491165,13.677032028021985,0.9692073665254576,24
2023-12-20,sector_baseline,baseline,sector,0.0,0.0,0.0,0.6844231670728361,24
2023-12-20,raw_pca_residual,raw_pca,raw_pca,14.0,2.6153791806491165,13.675800289128103,0.5546288285124069,24
2023-12-20,raw_pca_stabilized,raw_pca,raw_pca,14.0,2.6153791806491165,13.675800289128103,0.5546288285124069,24
2023-12-20,rmt_filtered_residual,rmt_filtered,rmt,1.0,2.6153791806491165,13.675800289128103,0.7120913775415104,24
2023-12-20,rmt_filtered_conservative,rmt_filtered,rmt,1.0,2.6153791806491165,13.675800289128103,0.7120913775415104,24
2023-12-21,sector_baseline,baseline,sector,0.0,0.0,0.0,0.6951395177994675,24
2023-12-21,raw_pca_residual,raw_pca,raw_pca,14.0,2.6153791806491165,13.43232813109214,0.7107279381700137,24
2023-12-21,raw_pca_stabilized,raw_pca,raw_pca,14.0,2.6153791806491165,13.43232813109214,0.7107279381700137,24
2023-12-21,rmt_filtered_residual,rmt_filtered,rmt,1.0,2.6153791806491165,13.43232813109214,0.6708382433467178,24
2023-12-21,rmt_filtered_conservative,rmt_filtered,rmt,1.0,2.6153791806491165,13.43232813109214,0.6708382433467178,24
2023-12-22,sector_baseline,baseline,sector,0.0,0.0,0.0,0.8691212158478057,24
2023-12-22,raw_pca_residual,raw_pca,raw_pca,14.0,2.6153791806491165,13.475926013390739,0.6670066379040627,24
2023-12-22,raw_pca_stabilized,raw_pca,raw_pca,14.0,2.6153791806491165,13.475926013390739,0.6670066379040627,24
2023-12-22,rmt_filtered_residual,rmt_filtered,rmt,1.0,2.6153791806491165,13.475926013390739,0.7919594335077506,24
2023-12-22,rmt_filtered_conservative,rmt_filtered,rmt,1.0,2.6153791806491165,13.475926013390739,0.7919594335077506,24
2023-12-25,sector_baseline,baseline,sector,0.0,0.0,0.0,0.8187526251606533,24
2023-12-25,raw_pca_residual,raw_pca,raw_pca,14.0,2.6153791806491165,13.614998355067282,0.8083696604719418,24
2023-12-25,raw_pca_stabilized,raw_pca,raw_pca,14.0,2.6153791806491165,13.614998355067282,0.8083696604719418,24
2023-12-25,rmt_filtered_residual,rmt_filtered,rmt,1.0,2.6153791806491165,13.614998355067282,0.9536530585762409,24
2023-12-25,rmt_filtered_conservative,rmt_filtered,rmt,1.0,2.6153791806491165,13.614998355067282,0.9536530585762409,24
2023-12-26,sector_baseline,baseline,sector,0.0,0.0,0.0,0.701847664669122,24
2023-12-26,raw_pca_residual,raw_pca,raw_pca,14.0,2.6153791806491165,13.865042999013165,0.6984489172167917,24
2023-12-26,raw_pca_stabilized,raw_pca,raw_pca,14.0,2.6153791806491165,13.865042999013165,0.6984489172167917,24
2023-12-26,rmt_filtered_residual,rmt_filtered,rmt,1.0,2.6153791806491165,13.865042999013165,0.6773206118771761,24
2023-12-26,rmt_filtered_conservative,rmt_filtered,rmt,1.0,2.6153791806491165,13.865042999013165,0.6773206118771761,24
2023-12-27,sector_baseline,baseline,sector,0.0,0.0,0.0,0.6709228728715023,24
2023-12-27,raw_pca_residual,raw_pca,raw_pca,14.0,2.6153791806491165,13.782635923091574,0.8969928964945577,24
2023-12-27,raw_pca_stabilized,raw_pca,raw_pca,14.0,2.6153791806491165,13.782635923091574,0.8969928964945577,24
2023-12-27,rmt_filtered_residual,rmt_filtered,rmt,1.0,2.6153791806491165,13.782635923091574,0.8637178568385808,24
2023-12-27,rmt_filtered_conservative,rmt_filtered,rmt,1.0,2.6153791806491165,13.782635923091574,0.8637178568385808,24
2023-12-28,sector_baseline,baseline,sector,0.0,0.0,0.0,0.6556197823178002,24
2023-12-28,raw_pca_residual,raw_pca,raw_pca,14.0,2.6153791806491165,14.042899578609878,0.8563717829123748,24
2023-12-28,raw_pca_stabilized,raw_pca,raw_pca,14.0,2.6153791806491165,14.042899578609878,0.8563717829123748,24
2023-12-28,rmt_filtered_residual,rmt_filtered,rmt,1.0,2.6153791806491165,14.042899578609878,0.6082580839226949,24
2023-12-28,rmt_filtered_conservative,rmt_filtered,rmt,1.0,2.6153791806491165,14.042899578609878,0.6082580839226949,24
2023-12-29,sector_baseline,baseline,sector,0.0,0.0,0.0,0.8491161205895065,24
2023-12-29,raw_pca_residual,raw_pca,raw_pca,14.0,2.6153791806491165,14.683982310148576,0.9558674119034958,24
2023-12-29,raw_pca_stabilized,raw_pca,raw_pca,14.0,2.6153791806491165,14.683982310148576,0.9558674119034958,24
2023-12-29,rmt_filtered_residual,rmt_filtered,rmt,1.0,2.6153791806491165,14.683982310148576,0.7505087371273551,24
2023-12-29,rmt_filtered_conservative,rmt_filtered,rmt,1.0,2.6153791806491165,14.683982310148576,0.7505087371273551,24
2024-01-01,sector_baseline,baseline,sector,0.0,0.0,0.0,0.9325486102718523,24
2024-01-01,raw_pca_residual,raw_pca,raw_pca,14.0,2.6153791806491165,14.41049320959253,0.9235038350529111,24
2024-01-01,raw_pca_stabilized,raw_pca,raw_pca,14.0,2.6153791806491165,14.41049320959253,0.9235038350529111,24
2024-01-01,rmt_filtered_residual,rmt_filtered,rmt,1.0,2.6153791806491165,14.41049320959253,1.0911077275870553,24
2024-01-01,rmt_filtered_conservative,rmt_filtered,rmt,1.0,2.6153791806491165,14.41049320959253,1.0911077275870553,24
2024-01-02,sector_baseline,baseline,sector,0.0,0.0,0.0,0.6814002745965673,24
2024-01-02,raw_pca_residual,raw_pca,raw_pca,14.0,2.6153791806491165,14.232078270955597,0.7514632819017653,24
2024-01-02,raw_pca_stabilized,raw_pca,raw_pca,14.0,2.6153791806491165,14.232078270955597,0.7514632819017653,24
2024-01-02,rmt_filtered_residual,rmt_filtered,rmt,1.0,2.6153791806491165,14.232078270955597,0.817616017815192,24
2024-01-02,rmt_filtered_conservative,rmt_filtered,rmt,1.0,2.6153791806491165,14.232078270955597,0.817616017815192,24
2024-01-03,sector_baseline,baseline,sector,0.0,0.0,0.0,0.4838681050727513,24
2024-01-03,raw_pca_residual,raw_pca,raw_pca,14.0,2.6153791806491165,14.42619414695876,0.5664390629202054,24
2024-01-03,raw_pca_stabilized,raw_pca,raw_pca,14.0,2.6153791806491165,14.42619414695876,0.5664390629202054,24
2024-01-03,rmt_filtered_residual,rmt_filtered,rmt,1.0,2.6153791806491165,14.42619414695876,0.47961289050490324,24
2024-01-03,rmt_filtered_conservative,rmt_filtered,rmt,1.0,2.6153791806491165,14.42619414695876,0.47961289050490324,24
2024-01-04,sector_baseline,baseline,sector,0.0,0.0,0.0,0.7984579335728768,24
2024-01-04,raw_pca_residual,raw_pca,raw_pca,14.0,2.6153791806491165,14.491308706628983,0.962844208046758,24
2024-01-04,raw_pca_stabilized,raw_pca,raw_pca,14.0,2.6153791806491165,14.491308706628983,0.962844208046758,24
2024-01-04,rmt_filtered_residual,rmt_filtered,rmt,1.0,2.6153791806491165,14.491308706628983,0.8210127690082233,24
2024-01-04,rmt_filtered_conservative,rmt_filtered,rmt,1.0,2.6153791806491165,14.491308706628983,0.8210127690082233,24
2024-01-05,sector_baseline,baseline,sector,0.0,0.0,0.0,0.9684281338028962,24
2024-01-05,raw_pca_residual,raw_pca,raw_pca,14.0,2.6153791806491165,14.258655992121245,0.8155642757931387,24
2024-01-05,raw_pca_stabilized,raw_pca,raw_pca,14.0,2.6153791806491165,14.258655992121245,0.8155642757931387,24
2024-01-05,rmt_filtered_residual,rmt_filtered,rmt,1.0,2.6153791806491165,14.258655992121245,0.8689164651555199,24
2024-01-05,rmt_filtered_conservative,rmt_filtered,rmt,1.0,2.6153791806491165,14.258655992121245,0.8689164651555199,24
2024-01-08,sector_baseline,baseline,sector,0.0,0.0,0.0,0.6903525394546998,24
2024-01-08,raw_pca_residual,raw_pca,raw_pca,14.0,2.6153791806491165,14.389440697862351,1.144841016987801,24
2024-01-08,raw_pca_stabilized,raw_pca,raw_pca,14.0,2.6153791806491165,14.389440697862351,1.144841016987801,24
2024-01-08,rmt_filtered_residual,rmt_filtered,rmt,1.0,2.6153791806491165,14.389440697862351,0.7343064600012883,24
2024-01-08,rmt_filtered_conservative,rmt_filtered,rmt,1.0,2.6153791806491165,14.389440697862351,0.7343064600012883,24
2024-01-09,sector_baseline,baseline,sector,0.0,0.0,0.0,0.8787919848625991,24
2024-01-09,raw_pca_residual,raw_pca,raw_pca,14.0,2.6153791806491165,14.932812134490263,0.6692241917737469,24
2024-01-09,raw_pca_stabilized,raw_pca,raw_pca,14.0,2.6153791806491165,14.932812134490263,0.6692241917737469,24
2024-01-09,rmt_filtered_residual,rmt_filtered,rmt,1.0,2.6153791806491165,14.932812134490263,0.7781848144553075,24
2024-01-09,rmt_filtered_conservative,rmt_filtered,rmt,1.0,2.6153791806491165,14.932812134490263,0.7781848144553075,24
2024-01-10,sector_baseline,baseline,sector,0.0,0.0,0.0,0.7678023097587854,24
2024-01-10,raw_pca_residual,raw_pca,raw_pca,14.0,2.6153791806491165,14.909904030884862,1.0858313112309876,24
2024-01-10,raw_pca_stabilized,raw_pca,raw_pca,14.0,2.6153791806491165,14.909904030884862,1.0858313112309876,24
2024-01-10,rmt_filtered_residual,rmt_filtered,rmt,1.0,2.6153791806491165,14.909904030884862,0.7006307535536286,24
2024-01-10,rmt_filtered_conservative,rmt_filtered,rmt,1.0,2.6153791806491165,14.909904030884862,0.7006307535536286,24
2024-01-11,sector_baseline,baseline,sector,0.0,0.0,0.0,0.7069482069064543,24
2024-01-11,raw_pca_residual,raw_pca,raw_pca,14.0,2.6153791806491165,14.908537085896006,0.5302094672564538,24
2024-01-11,raw_pca_stabilized,raw_pca,raw_pca,14.0,2.6153791806491165,14.908537085896006,0.5302094672564538,24
2024-01-11,rmt_filtered_residual,rmt_filtered,rmt,1.0,2.6153791806491165,14.908537085896006,0.6788054778204379,24
2024-01-11,rmt_filtered_conservative,rmt_filtered,rmt,1.0,2.6153791806491165,14.908537085896006,0.6788054778204379,24
2024-01-12,sector_baseline,baseline,sector,0.0,0.0,0.0,0.7405214787280855,24
2024-01-12,raw_pca_residual,raw_pca,raw_pca,14.0,2.6153791806491165,14.669416608885212,1.2152555776818212,24
2024-01-12,raw_pca_stabilized,raw_pca,raw_pca,14.0,2.6153791806491165,14.669416608885212,1.2152555776818212,24
2024-01-12,rmt_filtered_residual,rmt_filtered,rmt,1.0,2.6153791806491165,14.669416608885212,0.8235149383356482,24
2024-01-12,rmt_filtered_conservative,rmt_filtered,rmt,1.0,2.6153791806491165,14.669416608885212,0.8235149383356482,24
2024-01-15,sector_baseline,baseline,sector,0.0,0.0,0.0,0.7267687483674926,24
2024-01-15,raw_pca_residual,raw_pca,raw_pca,14.0,2.6153791806491165,14.727850829665135,0.7309023122051485,24
2024-01-15,raw_pca_stabilized,raw_pca,raw_pca,14.0,2.6153791806491165,14.727850829665135,0.7309023122051485,24
2024-01-15,rmt_filtered_residual,rmt_filtered,rmt,1.0,2.6153791806491165,14.727850829665135,0.8005064872186001,24
2024-01-15,rmt_filtered_conservative,rmt_filtered,rmt,1.0,2.6153791806491165,14.727850829665135,0.8005064872186001,24
2024-01-16,sector_baseline,baseline,sector,0.0,0.0,0.0,0.4640483976971715,24
2024-01-16,raw_pca_residual,raw_pca,raw_pca,14.0,2.6153791806491165,14.765931442443433,0.9271020300465816,24
2024-01-16,raw_pca_stabilized,raw_pca,raw_pca,14.0,2.6153791806491165,14.765931442443433,0.9271020300465816,24
2024-01-16,rmt_filtered_residual,rmt_filtered,rmt,1.0,2.6153791806491165,14.765931442443433,0.6155922909786814,24
2024-01-16,rmt_filtered_conservative,rmt_filtered,rmt,1.0,2.6153791806491165,14.765931442443433,0.6155922909786814,24
2024-01-17,sector_baseline,baseline,sector,0.0,0.0,0.0,0.9694684311128116,24
2024-01-17,raw_pca_residual,raw_pca,raw_pca,14.0,2.6153791806491165,15.16374114451394,0.802045107740247,24
2024-01-17,raw_pca_stabilized,raw_pca,raw_pca,14.0,2.6153791806491165,15.16374114451394,0.802045107740247,24
2024-01-17,rmt_filtered_residual,rmt_filtered,rmt,1.0,2.6153791806491165,15.16374114451394,1.0027526462076481,24
2024-01-17,rmt_filtered_conservative,rmt_filtered,rmt,1.0,2.6153791806491165,15.16374114451394,1.0027526462076481,24
2024-01-18,sector_baseline,baseline,sector,0.0,0.0,0.0,0.7764247543909577,24
2024-01-18,raw_pca_residual,raw_pca,raw_pca,14.0,2.6153791806491165,15.105346558646076,0.6243358246261129,24
2024-01-18,raw_pca_stabilized,raw_pca,raw_pca,14.0,2.6153791806491165,15.105346558646076,0.6243358246261129,24
2024-01-18,rmt_filtered_residual,rmt_filtered,rmt,1.0,2.6153791806491165,15.105346558646076,0.7081035375379786,24
2024-01-18,rmt_filtered_conservative,rmt_filtered,rmt,1.0,2.6153791806491165,15.105346558646076,0.7081035375379786,24
2024-01-19,sector_baseline,baseline,sector,0.0,0.0,0.0,0.8693560354040665,24
2024-01-19,raw_pca_residual,raw_pca,raw_pca,14.0,2.6153791806491165,15.062754509724185,0.5598454147232608,24
2024-01-19,raw_pca_stabilized,raw_pca,raw_pca,14.0,2.6153791806491165,15.062754509724185,0.5598454147232608,24
2024-01-19,rmt_filtered_residual,rmt_filtered,rmt,1.0,2.6153791806491165,15.062754509724185,0.8698223254205434,24
2024-01-19,rmt_filtered_conservative,rmt_filtered,rmt,1.0,2.6153791806491165,15.062754509724185,0.8698223254205434,24
2024-01-22,sector_baseline,baseline,sector,0.0,0.0,0.0,0.9308117510771096,24
2024-01-22,raw_pca_residual,raw_pca,raw_pca,14.0,2.6153791806491165,15.112173502741875,0.6905750998329747,24
2024-01-22,raw_pca_stabilized,raw_pca,raw_pca,14.0,2.6153791806491165,15.112173502741875,0.6905750998329747,24
2024-01-22,rmt_filtered_residual,rmt_filtered,rmt,1.0,2.6153791806491165,15.112173502741875,0.8918246035863294,24
2024-01-22,rmt_filtered_conservative,rmt_filtered,rmt,1.0,2.6153791806491165,15.112173502741875,0.8918246035863294,24
2024-01-23,sector_baseline,baseline,sector,0.0,0.0,0.0,0.5363126041301082,24
2024-01-23,raw_pca_residual,raw_pca,raw_pca,14.0,2.6153791806491165,15.125603972162422,0.5864900016037512,24
2024-01-23,raw_pca_stabilized,raw_pca,raw_pca,14.0,2.6153791806491165,15.125603972162422,0.5864900016037512,24
2024-01-23,rmt_filtered_residual,rmt_filtered,rmt,1.0,2.6153791806491165,15.125603972162422,0.7628672037591713,24
2024-01-23,rmt_filtered_conservative,rmt_filtered,rmt,1.0,2.6153791806491165,15.125603972162422,0.7628672037591713,24
2024-01-24,sector_baseline,baseline,sector,0.0,0.0,0.0,0.6519983992148993,24
2024-01-24,raw_pca_residual,raw_pca,raw_pca,14.0,2.6153791806491165,15.042447710453368,0.8456565970415854,24
2024-01-24,raw_pca_stabilized,raw_pca,raw_pca,14.0,2.6153791806491165,15.042447710453368,0.8456565970415854,24
2024-01-24,rmt_filtered_residual,rmt_filtered,rmt,1.0,2.6153791806491165,15.042447710453368,0.7221132301940472,24
2024-01-24,rmt_filtered_conservative,rmt_filtered,rmt,1.0,2.6153791806491165,15.042447710453368,0.7221132301940472,24
2024-01-25,sector_baseline,baseline,sector,0.0,0.0,0.0,0.7528777771587207,24
2024-01-25,raw_pca_residual,raw_pca,raw_pca,14.0,2.6153791806491165,15.23008398390105,0.6968015439130536,24
2024-01-25,raw_pca_stabilized,raw_pca,raw_pca,14.0,2.6153791806491165,15.23008398390105,0.6968015439130536,24
2024-01-25,rmt_filtered_residual,rmt_filtered,rmt,1.0,2.6153791806491165,15.23008398390105,0.8555413597040196,24
2024-01-25,rmt_filtered_conservative,rmt_filtered,rmt,1.0,2.6153791806491165,15.23008398390105,0.8555413597040196,24
2024-01-26,sector_baseline,baseline,sector,0.0,0.0,0.0,0.8988717244836941,24
2024-01-26,raw_pca_residual,raw_pca,raw_pca,14.0,2.6153791806491165,15.247228089716366,0.9612828357415678,24
2024-01-26,raw_pca_stabilized,raw_pca,raw_pca,14.0,2.6153791806491165,15.247228089716366,0.9612828357415678,24
2024-01-26,rmt_filtered_residual,rmt_filtered,rmt,1.0,2.6153791806491165,15.247228089716366,0.8330509988521974,24
2024-01-26,rmt_filtered_conservative,rmt_filtered,rmt,1.0,2.6153791806491165,15.247228089716366,0.8330509988521974,24
2024-01-29,sector_baseline,baseline,sector,0.0,0.0,0.0,0.9195125203098357,24
2024-01-29,raw_pca_residual,raw_pca,raw_pca,14.0,2.6153791806491165,14.873397917747154,0.6060571117785988,24
2024-01-29,raw_pca_stabilized,raw_pca,raw_pca,14.0,2.6153791806491165,14.873397917747154,0.6060571117785988,24
2024-01-29,rmt_filtered_residual,rmt_filtered,rmt,1.0,2.6153791806491165,14.873397917747154,1.0637329120127612,24
2024-01-29,rmt_filtered_conservative,rmt_filtered,rmt,1.0,2.6153791806491165,14.873397917747154,1.0637329120127612,24
2024-01-30,sector_baseline,baseline,sector,0.0,0.0,0.0,1.0182991477798335,24
2024-01-30,raw_pca_residual,raw_pca,raw_pca,14.0,2.6153791806491165,14.881282865814036,0.9514165349802882,24
2024-01-30,raw_pca_stabilized,raw_pca,raw_pca,14.0,2.6153791806491165,14.881282865814036,0.9514165349802882,24
2024-01-30,rmt_filtered_residual,rmt_filtered,rmt,1.0,2.6153791806491165,14.881282865814036,0.8318827660833551,24
2024-01-30,rmt_filtered_conservative,rmt_filtered,rmt,1.0,2.6153791806491165,14.881282865814036,0.8318827660833551,24
2024-01-31,sector_baseline,baseline,sector,0.0,0.0,0.0,0.8382401729012274,24
2024-01-31,raw_pca_residual,raw_pca,raw_pca,14.0,2.6153791806491165,14.86939415191798,0.8091712881078265,24
2024-01-31,raw_pca_stabilized,raw_pca,raw_pca,14.0,2.6153791806491165,14.86939415191798,0.8091712881078265,24
2024-01-31,rmt_filtered_residual,rmt_filtered,rmt,1.0,2.6153791806491165,14.86939415191798,0.7733418288289723,24
2024-01-31,rmt_filtered_conservative,rmt_filtered,rmt,1.0,2.6153791806491165,14.86939415191798,0.7733418288289723,24
2024-02-01,sector_baseline,baseline,sector,0.0,0.0,0.0,0.9874682987544174,24
2024-02-01,raw_pca_residual,raw_pca,raw_pca,14.0,2.6153791806491165,14.86834296447535,0.8900038034721637,24
2024-02-01,raw_pca_stabilized,raw_pca,raw_pca,14.0,2.6153791806491165,14.86834296447535,0.8900038034721637,24
2024-02-01,rmt_filtered_residual,rmt_filtered,rmt,1.0,2.6153791806491165,14.86834296447535,1.019301539730769,24
2024-02-01,rmt_filtered_conservative,rmt_filtered,rmt,1.0,2.6153791806491165,14.86834296447535,1.019301539730769,24
2024-02-02,sector_baseline,baseline,sector,0.0,0.0,0.0,0.7170892205126549,24
2024-02-02,raw_pca_residual,raw_pca,raw_pca,14.0,2.6153791806491165,14.910029662812905,0.45481319017247807,24
2024-02-02,raw_pca_stabilized,raw_pca,raw_pca,14.0,2.6153791806491165,14.910029662812905,0.45481319017247807,24
2024-02-02,rmt_filtered_residual,rmt_filtered,rmt,1.0,2.6153791806491165,14.910029662812905,0.6420975783305761,24
2024-02-02,rmt_filtered_conservative,rmt_filtered,rmt,1.0,2.6153791806491165,14.910029662812905,0.6420975783305761,24
2024-02-05,sector_baseline,baseline,sector,0.0,0.0,0.0,0.8639988496169155,24
2024-02-05,raw_pca_residual,raw_pca,raw_pca,14.0,2.6153791806491165,14.987007590580841,1.0114580927269625,24
2024-02-05,raw_pca_stabilized,raw_pca,raw_pca,14.0,2.6153791806491165,14.987007590580841,1.0114580927269625,24
2024-02-05,rmt_filtered_residual,rmt_filtered,rmt,1.0,2.6153791806491165,14.987007590580841,0.7577220894840265,24
2024-02-05,rmt_filtered_conservative,rmt_filtered,rmt,1.0,2.6153791806491165,14.987007590580841,0.7577220894840265,24
2024-02-06,sector_baseline,baseline,sector,0.0,0.0,0.0,0.9552881395067333,24
2024-02-06,raw_pca_residual,raw_pca,raw_pca,14.0,2.6153791806491165,15.076871813389353,1.1315592578562603,24
2024-02-06,raw_pca_stabilized,raw_pca,raw_pca,14.0,2.6153791806491165,15.076871813389353,1.1315592578562603,24
2024-02-06,rmt_filtered_residual,rmt_filtered,rmt,1.0,2.6153791806491165,15.076871813389353,0.8639991447996008,24
2024-02-06,rmt_filtered_conservative,rmt_filtered,rmt,1.0,2.6153791806491165,15.076871813389353,0.8639991447996008,24
2024-02-07,sector_baseline,baseline,sector,0.0,0.0,0.0,0.843095205370496,24
2024-02-07,raw_pca_residual,raw_pca,raw_pca,14.0,2.6153791806491165,15.215918624068417,0.731416485654934,24
2024-02-07,raw_pca_stabilized,raw_pca,raw_pca,14.0,2.6153791806491165,15.215918624068417,0.731416485654934,24
2024-02-07,rmt_filtered_residual,rmt_filtered,rmt,1.0,2.6153791806491165,15.215918624068417,0.8760069789161532,24
2024-02-07,rmt_filtered_conservative,rmt_filtered,rmt,1.0,2.6153791806491165,15.215918624068417,0.8760069789161532,24
2024-02-08,sector_baseline,baseline,sector,0.0,0.0,0.0,0.7704150765665373,24
2024-02-08,raw_pca_residual,raw_pca,raw_pca,14.0,2.6153791806491165,14.96055810861416,1.043382517439059,24
2024-02-08,raw_pca_stabilized,raw_pca,raw_pca,14.0,2.6153791806491165,14.96055810861416,1.043382517439059,24
2024-02-08,rmt_filtered_residual,rmt_filtered,rmt,1.0,2.6153791806491165,14.96055810861416,0.8282639761004885,24
2024-02-08,rmt_filtered_conservative,rmt_filtered,rmt,1.0,2.6153791806491165,14.96055810861416,0.8282639761004885,24
2024-02-09,sector_baseline,baseline,sector,0.0,0.0,0.0,0.760159320574073,24
2024-02-09,raw_pca_residual,raw_pca,raw_pca,14.0,2.6153791806491165,15.391534315960804,0.7536513658688411,24
2024-02-09,raw_pca_stabilized,raw_pca,raw_pca,14.0,2.6153791806491165,15.391534315960804,0.7536513658688411,24
2024-02-09,rmt_filtered_residual,rmt_filtered,rmt,1.0,2.6153791806491165,15.391534315960804,0.6713568436615537,24
2024-02-09,rmt_filtered_conservative,rmt_filtered,rmt,1.0,2.6153791806491165,15.391534315960804,0.6713568436615537,24
2024-02-12,sector_baseline,baseline,sector,0.0,0.0,0.0,0.8014693291807534,24
2024-02-12,raw_pca_residual,raw_pca,raw_pca,14.0,2.6153791806491165,15.226264284585238,0.7441891854572119,24
2024-02-12,raw_pca_stabilized,raw_pca,raw_pca,14.0,2.6153791806491165,15.226264284585238,0.7441891854572119,24
2024-02-12,rmt_filtered_residual,rmt_filtered,rmt,1.0,2.6153791806491165,15.226264284585238,0.7897186874908727,24
2024-02-12,rmt_filtered_conservative,rmt_filtered,rmt,1.0,2.6153791806491165,15.226264284585238,0.7897186874908727,24
2024-02-13,sector_baseline,baseline,sector,0.0,0.0,0.0,0.8946326610587322,24
2024-02-13,raw_pca_residual,raw_pca,raw_pca,14.0,2.6153791806491165,15.21479038504375,1.0118960522252483,24
2024-02-13,raw_pca_stabilized,raw_pca,raw_pca,14.0,2.6153791806491165,15.21479038504375,1.0118960522252483,24
2024-02-13,rmt_filtered_residual,rmt_filtered,rmt,1.0,2.6153791806491165,15.21479038504375,0.8881033461573115,24
2024-02-13,rmt_filtered_conservative,rmt_filtered,rmt,1.0,2.6153791806491165,15.21479038504375,0.8881033461573115,24
2024-02-14,sector_baseline,baseline,sector,0.0,0.0,0.0,1.006071507685566,24
2024-02-14,raw_pca_residual,raw_pca,raw_pca,14.0,2.6153791806491165,15.32307562276963,0.6943467113485907,24
2024-02-14,raw_pca_stabilized,raw_pca,raw_pca,14.0,2.6153791806491165,15.32307562276963,0.6943467113485907,24
2024-02-14,rmt_filtered_residual,rmt_filtered,rmt,1.0,2.6153791806491165,15.32307562276963,0.9289045419305753,24
2024-02-14,rmt_filtered_conservative,rmt_filtered,rmt,1.0,2.6153791806491165,15.32307562276963,0.9289045419305753,24
2024-02-15,sector_baseline,baseline,sector,0.0,0.0,0.0,0.8425873400633946,24
2024-02-15,raw_pca_residual,raw_pca,raw_pca,14.0,2.6153791806491165,15.231880994057342,1.064207529901452,24
2024-02-15,raw_pca_stabilized,raw_pca,raw_pca,14.0,2.6153791806491165,15.231880994057342,1.064207529901452,24
2024-02-15,rmt_filtered_residual,rmt_filtered,rmt,1.0,2.6153791806491165,15.231880994057342,0.7782523222955285,24
2024-02-15,rmt_filtered_conservative,rmt_filtered,rmt,1.0,2.6153791806491165,15.231880994057342,0.7782523222955285,24
2024-02-16,sector_baseline,baseline,sector,0.0,0.0,0.0,0.8032238486856415,24
2024-02-16,raw_pca_residual,raw_pca,raw_pca,14.0,2.6153791806491165,15.208339188553047,0.9192443318385825,24
2024-02-16,raw_pca_stabilized,raw_pca,raw_pca,14.0,2.6153791806491165,15.208339188553047,0.9192443318385825,24
2024-02-16,rmt_filtered_residual,rmt_filtered,rmt,1.0,2.6153791806491165,15.208339188553047,0.8329556523635585,24
2024-02-16,rmt_filtered_conservative,rmt_filtered,rmt,1.0,2.6153791806491165,15.208339188553047,0.8329556523635585,24
2024-02-19,sector_baseline,baseline,sector,0.0,0.0,0.0,0.9103962688689191,24
2024-02-19,raw_pca_residual,raw_pca,raw_pca,14.0,2.6153791806491165,15.338441049177018,0.9959106802976695,24
2024-02-19,raw_pca_stabilized,raw_pca,raw_pca,14.0,2.6153791806491165,15.338441049177018,0.9959106802976695,24
2024-02-19,rmt_filtered_residual,rmt_filtered,rmt,1.0,2.6153791806491165,15.338441049177018,0.8114541695303527,24
2024-02-19,rmt_filtered_conservative,rmt_filtered,rmt,1.0,2.6153791806491165,15.338441049177018,0.8114541695303527,24
2024-02-20,sector_baseline,baseline,sector,0.0,0.0,0.0,0.7204353758893252,24
2024-02-20,raw_pca_residual,raw_pca,raw_pca,14.0,2.6153791806491165,15.33255378722631,0.7303041426451514,24
2024-02-20,raw_pca_stabilized,raw_pca,raw_pca,14.0,2.6153791806491165,15.33255378722631,0.7303041426451514,24
2024-02-20,rmt_filtered_residual,rmt_filtered,rmt,1.0,2.6153791806491165,15.33255378722631,0.9523532729296299,24
2024-02-20,rmt_filtered_conservative,rmt_filtered,rmt,1.0,2.6153791806491165,15.33255378722631,0.9523532729296299,24
2024-02-21,sector_baseline,baseline,sector,0.0,0.0,0.0,0.6783421180816366,24
2024-02-21,raw_pca_residual,raw_pca,raw_pca,14.0,2.6153791806491165,15.500666297489392,0.4818426864079563,24
2024-02-21,raw_pca_stabilized,raw_pca,raw_pca,14.0,2.6153791806491165,15.500666297489392,0.4818426864079563,24
2024-02-21,rmt_filtered_residual,rmt_filtered,rmt,1.0,2.6153791806491165,15.500666297489392,0.6876898945718902,24
2024-02-21,rmt_filtered_conservative,rmt_filtered,rmt,1.0,2.6153791806491165,15.500666297489392,0.6876898945718902,24
2024-02-22,sector_baseline,baseline,sector,0.0,0.0,0.0,0.754057912382171,24
2024-02-22,raw_pca_residual,raw_pca,raw_pca,14.0,2.6153791806491165,15.5603435789008,0.8637376398245177,24
2024-02-22,raw_pca_stabilized,raw_pca,raw_pca,14.0,2.6153791806491165,15.5603435789008,0.8637376398245177,24
2024-02-22,rmt_filtered_residual,rmt_filtered,rmt,1.0,2.6153791806491165,15.5603435789008,0.8056587837061139,24
2024-02-22,rmt_filtered_conservative,rmt_filtered,rmt,1.0,2.6153791806491165,15.5603435789008,0.8056587837061139,24
2024-02-23,sector_baseline,baseline,sector,0.0,0.0,0.0,0.7992464394611071,24
2024-02-23,raw_pca_residual,raw_pca,raw_pca,14.0,2.6153791806491165,15.57795829622087,0.736206406051401,24
2024-02-23,raw_pca_stabilized,raw_pca,raw_pca,14.0,2.6153791806491165,15.57795829622087,0.736206406051401,24
2024-02-23,rmt_filtered_residual,rmt_filtered,rmt,1.0,2.6153791806491165,15.57795829622087,0.8750578806136556,24
2024-02-23,rmt_filtered_conservative,rmt_filtered,rmt,1.0,2.6153791806491165,15.57795829622087,0.8750578806136556,24
2024-02-26,sector_baseline,baseline,sector,0.0,0.0,0.0,0.7365469323113208,24
2024-02-26,raw_pca_residual,raw_pca,raw_pca,14.0,2.6153791806491165,15.613183903992317,0.7431820263315773,24
2024-02-26,raw_pca_stabilized,raw_pca,raw_pca,14.0,2.6153791806491165,15.613183903992317,0.7431820263315773,24
2024-02-26,rmt_filtered_residual,rmt_filtered,rmt,1.0,2.6153791806491165,15.613183903992317,0.7774634365067404,24
2024-02-26,rmt_filtered_conservative,rmt_filtered,rmt,1.0,2.6153791806491165,15.613183903992317,0.7774634365067404,24
2024-02-27,sector_baseline,baseline,sector,0.0,0.0,0.0,0.8665294238462767,24
2024-02-27,raw_pca_residual,raw_pca,raw_pca,14.0,2.6153791806491165,15.676172150422289,0.6538022844384869,24
2024-02-27,raw_pca_stabilized,raw_pca,raw_pca,14.0,2.6153791806491165,15.676172150422289,0.6538022844384869,24
2024-02-27,rmt_filtered_residual,rmt_filtered,rmt,1.0,2.6153791806491165,15.676172150422289,0.811605788884421,24
2024-02-27,rmt_filtered_conservative,rmt_filtered,rmt,1.0,2.6153791806491165,15.676172150422289,0.811605788884421,24
2024-02-28,sector_baseline,baseline,sector,0.0,0.0,0.0,0.8761160320408767,24
2024-02-28,raw_pca_residual,raw_pca,raw_pca,14.0,2.6153791806491165,15.87798150406892,0.5997050854108906,24
2024-02-28,raw_pca_stabilized,raw_pca,raw_pca,14.0,2.6153791806491165,15.87798150406892,0.5997050854108906,24
2024-02-28,rmt_filtered_residual,rmt_filtered,rmt,1.0,2.6153791806491165,15.87798150406892,0.7962990698436664,24
2024-02-28,rmt_filtered_conservative,rmt_filtered,rmt,1.0,2.6153791806491165,15.87798150406892,0.7962990698436664,24
2024-02-29,sector_baseline,baseline,sector,0.0,0.0,0.0,0.6961050307310875,24
2024-02-29,raw_pca_residual,raw_pca,raw_pca,14.0,2.6153791806491165,15.903708789612377,0.9352432816373523,24
2024-02-29,raw_pca_stabilized,raw_pca,raw_pca,14.0,2.6153791806491165,15.903708789612377,0.9352432816373523,24
2024-02-29,rmt_filtered_residual,rmt_filtered,rmt,1.0,2.6153791806491165,15.903708789612377,0.6532190420303848,24
2024-02-29,rmt_filtered_conservative,rmt_filtered,rmt,1.0,2.6153791806491165,15.903708789612377,0.6532190420303848,24
2024-03-01,sector_baseline,baseline,sector,0.0,0.0,0.0,0.843840878510916,24
2024-03-01,raw_pca_residual,raw_pca,raw_pca,14.0,2.6153791806491165,15.935542615159937,0.6510701374479017,24
2024-03-01,raw_pca_stabilized,raw_pca,raw_pca,14.0,2.6153791806491165,15.935542615159937,0.6510701374479017,24
2024-03-01,rmt_filtered_residual,rmt_filtered,rmt,1.0,2.6153791806491165,15.935542615159937,0.8431458878670895,24
2024-03-01,rmt_filtered_conservative,rmt_filtered,rmt,1.0,2.6153791806491165,15.935542615159937,0.8431458878670895,24
2024-03-04,sector_baseline,baseline,sector,0.0,0.0,0.0,0.7767860979317248,24
2024-03-04,raw_pca_residual,raw_pca,raw_pca,14.0,2.6153791806491165,15.995040772401145,1.057005554730023,24
2024-03-04,raw_pca_stabilized,raw_pca,raw_pca,14.0,2.6153791806491165,15.995040772401145,1.057005554730023,24
2024-03-04,rmt_filtered_residual,rmt_filtered,rmt,1.0,2.6153791806491165,15.995040772401145,0.8019431265720244,24
2024-03-04,rmt_filtered_conservative,rmt_filtered,rmt,1.0,2.6153791806491165,15.995040772401145,0.8019431265720244,24
2024-03-05,sector_baseline,baseline,sector,0.0,0.0,0.0,0.7017554157717805,24
2024-03-05,raw_pca_residual,raw_pca,raw_pca,14.0,2.6153791806491165,16.243281354765365,0.5761658125778107,24
2024-03-05,raw_pca_stabilized,raw_pca,raw_pca,14.0,2.6153791806491165,16.243281354765365,0.5761658125778107,24
2024-03-05,rmt_filtered_residual,rmt_filtered,rmt,1.0,2.6153791806491165,16.243281354765365,0.7617039196524628,24
2024-03-05,rmt_filtered_conservative,rmt_filtered,rmt,1.0,2.6153791806491165,16.243281354765365,0.7617039196524628,24
2024-03-06,sector_baseline,baseline,sector,0.0,0.0,0.0,1.1262928402676653,24
2024-03-06,raw_pca_residual,raw_pca,raw_pca,14.0,2.6153791806491165,16.306573966341343,1.238473037967907,24
2024-03-06,raw_pca_stabilized,raw_pca,raw_pca,14.0,2.6153791806491165,16.306573966341343,1.238473037967907,24
2024-03-06,rmt_filtered_residual,rmt_filtered,rmt,1.0,2.6153791806491165,16.306573966341343,0.9533365594775164,24
2024-03-06,rmt_filtered_conservative,rmt_filtered,rmt,1.0,2.6153791806491165,16.306573966341343,0.9533365594775164,24
2024-03-07,sector_baseline,baseline,sector,0.0,0.0,0.0,1.0629222695363596,24
2024-03-07,raw_pca_residual,raw_pca,raw_pca,14.0,2.6153791806491165,16.133627747878414,0.5678332705546126,24
2024-03-07,raw_pca_stabilized,raw_pca,raw_pca,14.0,2.6153791806491165,16.133627747878414,0.5678332705546126,24
2024-03-07,rmt_filtered_residual,rmt_filtered,rmt,1.0,2.6153791806491165,16.133627747878414,1.0420702182942583,24
2024-03-07,rmt_filtered_conservative,rmt_filtered,rmt,1.0,2.6153791806491165,16.133627747878414,1.0420702182942583,24
2024-03-08,sector_baseline,baseline,sector,0.0,0.0,0.0,0.7948703437521552,24
2024-03-08,raw_pca_residual,raw_pca,raw_pca,14.0,2.6153791806491165,16.048089914364617,0.9001763966020166,24
2024-03-08,raw_pca_stabilized,raw_pca,raw_pca,14.0,2.6153791806491165,16.048089914364617,0.9001763966020166,24
2024-03-08,rmt_filtered_residual,rmt_filtered,rmt,1.0,2.6153791806491165,16.048089914364617,0.7612044945570595,24
2024-03-08,rmt_filtered_conservative,rmt_filtered,rmt,1.0,2.6153791806491165,16.048089914364617,0.7612044945570595,24
2024-03-11,sector_baseline,baseline,sector,0.0,0.0,0.0,0.7978251815480618,24
2024-03-11,raw_pca_residual,raw_pca,raw_pca,14.0,2.6153791806491165,16.047255567582155,1.2527266307820908,24
2024-03-11,raw_pca_stabilized,raw_pca,raw_pca,14.0,2.6153791806491165,16.047255567582155,1.2527266307820908,24
2024-03-11,rmt_filtered_residual,rmt_filtered,rmt,1.0,2.6153791806491165,16.047255567582155,0.7957951505235998,24
2024-03-11,rmt_filtered_conservative,rmt_filtered,rmt,1.0,2.6153791806491165,16.047255567582155,0.7957951505235998,24
2024-03-12,sector_baseline,baseline,sector,0.0,0.0,0.0,0.9044356248431275,24
2024-03-12,raw_pca_residual,raw_pca,raw_pca,14.0,2.6153791806491165,15.971787717027382,1.0309268598156613,24
2024-03-12,raw_pca_stabilized,raw_pca,raw_pca,14.0,2.6153791806491165,15.971787717027382,1.0309268598156613,24
2024-03-12,rmt_filtered_residual,rmt_filtered,rmt,1.0,2.6153791806491165,15.971787717027382,0.8591780622082754,24
2024-03-12,rmt_filtered_conservative,rmt_filtered,rmt,1.0,2.6153791806491165,15.971787717027382,0.8591780622082754,24
2024-03-13,sector_baseline,baseline,sector,0.0,0.0,0.0,0.5914671458987778,24
2024-03-13,raw_pca_residual,raw_pca,raw_pca,14.0,2.6153791806491165,15.755270106848107,0.5638228409719234,24
2024-03-13,raw_pca_stabilized,raw_pca,raw_pca,14.0,2.6153791806491165,15.755270106848107,0.5638228409719234,24
2024-03-13,rmt_filtered_residual,rmt_filtered,rmt,1.0,2.6153791806491165,15.755270106848107,0.5803620124869392,24
2024-03-13,rmt_filtered_conservative,rmt_filtered,rmt,1.0,2.6153791806491165,15.755270106848107,0.5803620124869392,24
2024-03-14,sector_baseline,baseline,sector,0.0,0.0,0.0,0.7419541855519481,24
2024-03-14,raw_pca_residual,raw_pca,raw_pca,14.0,2.6153791806491165,15.86475386737058,0.6938458680017582,24
2024-03-14,raw_pca_stabilized,raw_pca,raw_pca,14.0,2.6153791806491165,15.86475386737058,0.6938458680017582,24
2024-03-14,rmt_filtered_residual,rmt_filtered,rmt,1.0,2.6153791806491165,15.86475386737058,0.8125183496783602,24
2024-03-14,rmt_filtered_conservative,rmt_filtered,rmt,1.0,2.6153791806491165,15.86475386737058,0.8125183496783602,24
2024-03-15,sector_baseline,baseline,sector,0.0,0.0,0.0,0.8162174070160862,24
2024-03-15,raw_pca_residual,raw_pca,raw_pca,14.0,2.6153791806491165,15.860005846422824,1.0162225964830427,24
2024-03-15,raw_pca_stabilized,raw_pca,raw_pca,14.0,2.6153791806491165,15.860005846422824,1.0162225964830427,24
2024-03-15,rmt_filtered_residual,rmt_filtered,rmt,1.0,2.6153791806491165,15.860005846422824,0.8130418202224804,24
2024-03-15,rmt_filtered_conservative,rmt_filtered,rmt,1.0,2.6153791806491165,15.860005846422824,0.8130418202224804,24
2024-03-18,sector_baseline,baseline,sector,0.0,0.0,0.0,0.6873739651859424,24
2024-03-18,raw_pca_residual,raw_pca,raw_pca,14.0,2.6153791806491165,15.843457918272405,0.8118813874700622,24
2024-03-18,raw_pca_stabilized,raw_pca,raw_pca,14.0,2.6153791806491165,15.843457918272405,0.8118813874700622,24
2024-03-18,rmt_filtered_residual,rmt_filtered,rmt,1.0,2.6153791806491165,15.843457918272405,0.7167995273542221,24
2024-03-18,rmt_filtered_conservative,rmt_filtered,rmt,1.0,2.6153791806491165,15.843457918272405,0.7167995273542221,24
2024-03-19,sector_baseline,baseline,sector,0.0,0.0,0.0,0.4118272866414971,24
2024-03-19,raw_pca_residual,raw_pca,raw_pca,14.0,2.6153791806491165,15.808131532642514,0.5387327750758736,24
2024-03-19,raw_pca_stabilized,raw_pca,raw_pca,14.0,2.6153791806491165,15.808131532642514,0.5387327750758736,24
2024-03-19,rmt_filtered_residual,rmt_filtered,rmt,1.0,2.6153791806491165,15.808131532642514,0.4642905291617651,24
2024-03-19,rmt_filtered_conservative,rmt_filtered,rmt,1.0,2.6153791806491165,15.808131532642514,0.4642905291617651,24
2024-03-20,sector_baseline,baseline,sector,0.0,0.0,0.0,0.7202129466058471,24
2024-03-20,raw_pca_residual,raw_pca,raw_pca,14.0,2.6153791806491165,15.987957252132183,0.9137784263594103,24
2024-03-20,raw_pca_stabilized,raw_pca,raw_pca,14.0,2.6153791806491165,15.987957252132183,0.9137784263594103,24
2024-03-20,rmt_filtered_residual,rmt_filtered,rmt,1.0,2.6153791806491165,15.987957252132183,0.8212981053574233,24
2024-03-20,rmt_filtered_conservative,rmt_filtered,rmt,1.0,2.6153791806491165,15.987957252132183,0.8212981053574233,24
2024-03-21,sector_baseline,baseline,sector,0.0,0.0,0.0,0.5645765942030104,24
2024-03-21,raw_pca_residual,raw_pca,raw_pca,14.0,2.6153791806491165,16.01121772266425,0.6862645870121762,24
2024-03-21,raw_pca_stabilized,raw_pca,raw_pca,14.0,2.6153791806491165,16.01121772266425,0.6862645870121762,24
2024-03-21,rmt_filtered_residual,rmt_filtered,rmt,1.0,2.6153791806491165,16.01121772266425,0.6932710262708078,24
2024-03-21,rmt_filtered_conservative,rmt_filtered,rmt,1.0,2.6153791806491165,16.01121772266425,0.6932710262708078,24
2024-03-22,sector_baseline,baseline,sector,0.0,0.0,0.0,0.6907020659156279,24
2024-03-22,raw_pca_residual,raw_pca,raw_pca,14.0,2.6153791806491165,16.07363831776315,0.7278317984804756,24
2024-03-22,raw_pca_stabilized,raw_pca,raw_pca,14.0,2.6153791806491165,16.07363831776315,0.7278317984804756,24
2024-03-22,rmt_filtered_residual,rmt_filtered,rmt,1.0,2.6153791806491165,16.07363831776315,0.7888874627601611,24
2024-03-22,rmt_filtered_conservative,rmt_filtered,rmt,1.0,2.6153791806491165,16.07363831776315,0.7888874627601611,24
2024-03-25,sector_baseline,baseline,sector,0.0,0.0,0.0,0.9018978540048838,24
2024-03-25,raw_pca_residual,raw_pca,raw_pca,14.0,2.6153791806491165,16.0973611539417,0.7704607086959178,24
2024-03-25,raw_pca_stabilized,raw_pca,raw_pca,14.0,2.6153791806491165,16.0973611539417,0.7704607086959178,24
2024-03-25,rmt_filtered_residual,rmt_filtered,rmt,1.0,2.6153791806491165,16.0973611539417,0.8912754767020487,24
2024-03-25,rmt_filtered_conservative,rmt_filtered,rmt,1.0,2.6153791806491165,16.0973611539417,0.8912754767020487,24
2024-03-26,sector_baseline,baseline,sector,0.0,0.0,0.0,0.762212829958136,24
2024-03-26,raw_pca_residual,raw_pca,raw_pca,14.0,2.6153791806491165,16.023607438304687,0.9308325977329446,24
2024-03-26,raw_pca_stabilized,raw_pca,raw_pca,14.0,2.6153791806491165,16.023607438304687,0.9308325977329446,24
2024-03-26,rmt_filtered_residual,rmt_filtered,rmt,1.0,2.6153791806491165,16.023607438304687,0.8076760600250202,24
2024-03-26,rmt_filtered_conservative,rmt_filtered,rmt,1.0,2.6153791806491165,16.023607438304687,0.8076760600250202,24
2024-03-27,sector_baseline,baseline,sector,0.0,0.0,0.0,0.5951274722065459,24
2024-03-27,raw_pca_residual,raw_pca,raw_pca,14.0,2.6153791806491165,15.651413545141791,0.5226943083991034,24
2024-03-27,raw_pca_stabilized,raw_pca,raw_pca,14.0,2.6153791806491165,15.651413545141791,0.5226943083991034,24
2024-03-27,rmt_filtered_residual,rmt_filtered,rmt,1.0,2.6153791806491165,15.651413545141791,0.6562533473351807,24
2024-03-27,rmt_filtered_conservative,rmt_filtered,rmt,1.0,2.6153791806491165,15.651413545141791,0.6562533473351807,24
2024-03-28,sector_baseline,baseline,sector,0.0,0.0,0.0,1.0992830395600228,24
2024-03-28,raw_pca_residual,raw_pca,raw_pca,14.0,2.6153791806491165,15.76951674160303,1.2818097972620164,24
2024-03-28,raw_pca_stabilized,raw_pca,raw_pca,14.0,2.6153791806491165,15.76951674160303,1.2818097972620164,24
2024-03-28,rmt_filtered_residual,rmt_filtered,rmt,1.0,2.6153791806491165,15.76951674160303,0.9588305012376962,24
2024-03-28,rmt_filtered_conservative,rmt_filtered,rmt,1.0,2.6153791806491165,15.76951674160303,0.9588305012376962,24
2024-03-29,sector_baseline,baseline,sector,0.0,0.0,0.0,0.8391229014784156,24
2024-03-29,raw_pca_residual,raw_pca,raw_pca,14.0,2.6153791806491165,15.795630761457835,0.7499003645394845,24
2024-03-29,raw_pca_stabilized,raw_pca,raw_pca,14.0,2.6153791806491165,15.795630761457835,0.7499003645394845,24
2024-03-29,rmt_filtered_residual,rmt_filtered,rmt,1.0,2.6153791806491165,15.795630761457835,0.8261922747537437,24
2024-03-29,rmt_filtered_conservative,rmt_filtered,rmt,1.0,2.6153791806491165,15.795630761457835,0.8261922747537437,24
2024-04-01,sector_baseline,baseline,sector,0.0,0.0,0.0,0.706701815057193,24
2024-04-01,raw_pca_residual,raw_pca,raw_pca,14.0,2.6153791806491165,15.702557571416444,0.9910484022558231,24
2024-04-01,raw_pca_stabilized,raw_pca,raw_pca,14.0,2.6153791806491165,15.702557571416444,0.9910484022558231,24
2024-04-01,rmt_filtered_residual,rmt_filtered,rmt,1.0,2.6153791806491165,15.702557571416444,0.7864312623629451,24
2024-04-01,rmt_filtered_conservative,rmt_filtered,rmt,1.0,2.6153791806491165,15.702557571416444,0.7864312623629451,24
2024-04-02,sector_baseline,baseline,sector,0.0,0.0,0.0,1.000324454776938,24
2024-04-02,raw_pca_residual,raw_pca,raw_pca,14.0,2.6153791806491165,15.680319581621896,0.5511669796946372,24
2024-04-02,raw_pca_stabilized,raw_pca,raw_pca,14.0,2.6153791806491165,15.680319581621896,0.5511669796946372,24
2024-04-02,rmt_filtered_residual,rmt_filtered,rmt,1.0,2.6153791806491165,15.680319581621896,0.9055188353870621,24
2024-04-02,rmt_filtered_conservative,rmt_filtered,rmt,1.0,2.6153791806491165,15.680319581621896,0.9055188353870621,24
2024-04-03,sector_baseline,baseline,sector,0.0,0.0,0.0,0.8774633921941821,24
2024-04-03,raw_pca_residual,raw_pca,raw_pca,14.0,2.6153791806491165,15.73858642746017,0.8383679491631826,24
2024-04-03,raw_pca_stabilized,raw_pca,raw_pca,14.0,2.6153791806491165,15.73858642746017,0.8383679491631826,24
2024-04-03,rmt_filtered_residual,rmt_filtered,rmt,1.0,2.6153791806491165,15.73858642746017,0.8755791959894049,24
2024-04-03,rmt_filtered_conservative,rmt_filtered,rmt,1.0,2.6153791806491165,15.73858642746017,0.8755791959894049,24
2024-04-04,sector_baseline,baseline,sector,0.0,0.0,0.0,0.7704959694653639,24
2024-04-04,raw_pca_residual,raw_pca,raw_pca,14.0,2.6153791806491165,15.71507185357358,0.9227577432596658,24
2024-04-04,raw_pca_stabilized,raw_pca,raw_pca,14.0,2.6153791806491165,15.71507185357358,0.9227577432596658,24
2024-04-04,rmt_filtered_residual,rmt_filtered,rmt,1.0,2.6153791806491165,15.71507185357358,0.8652038465344202,24
2024-04-04,rmt_filtered_conservative,rmt_filtered,rmt,1.0,2.6153791806491165,15.71507185357358,0.8652038465344202,24
2024-04-05,sector_baseline,baseline,sector,0.0,0.0,0.0,0.7919911532320025,24
2024-04-05,raw_pca_residual,raw_pca,raw_pca,14.0,2.6153791806491165,15.254076473902701,0.9799024980390277,24
2024-04-05,raw_pca_stabilized,raw_pca,raw_pca,14.0,2.6153791806491165,15.254076473902701,0.9799024980390277,24
2024-04-05,rmt_filtered_residual,rmt_filtered,rmt,1.0,2.6153791806491165,15.254076473902701,0.8324649180961261,24
2024-04-05,rmt_filtered_conservative,rmt_filtered,rmt,1.0,2.6153791806491165,15.254076473902701,0.8324649180961261,24
2024-04-08,sector_baseline,baseline,sector,0.0,0.0,0.0,0.9725908890277052,24
2024-04-08,raw_pca_residual,raw_pca,raw_pca,14.0,2.6153791806491165,15.254759274293377,1.129425754356213,24
2024-04-08,raw_pca_stabilized,raw_pca,raw_pca,14.0,2.6153791806491165,15.254759274293377,1.129425754356213,24
2024-04-08,rmt_filtered_residual,rmt_filtered,rmt,1.0,2.6153791806491165,15.254759274293377,0.8902024944594934,24
2024-04-08,rmt_filtered_conservative,rmt_filtered,rmt,1.0,2.6153791806491165,15.254759274293377,0.8902024944594934,24
2024-04-09,sector_baseline,baseline,sector,0.0,0.0,0.0,0.8841864084443373,24
2024-04-09,raw_pca_residual,raw_pca,raw_pca,14.0,2.6153791806491165,15.249831144734712,0.9403605291972742,24
2024-04-09,raw_pca_stabilized,raw_pca,raw_pca,14.0,2.6153791806491165,15.249831144734712,0.9403605291972742,24
2024-04-09,rmt_filtered_residual,rmt_filtered,rmt,1.0,2.6153791806491165,15.249831144734712,0.9097117733704255,24
2024-04-09,rmt_filtered_conservative,rmt_filtered,rmt,1.0,2.6153791806491165,15.249831144734712,0.9097117733704255,24
2024-04-10,sector_baseline,baseline,sector,0.0,0.0,0.0,0.8995132927647488,24
2024-04-10,raw_pca_residual,raw_pca,raw_pca,14.0,2.6153791806491165,15.222052862843007,0.7354218072798696,24
2024-04-10,raw_pca_stabilized,raw_pca,raw_pca,14.0,2.6153791806491165,15.222052862843007,0.7354218072798696,24
2024-04-10,rmt_filtered_residual,rmt_filtered,rmt,1.0,2.6153791806491165,15.222052862843007,0.8346197545486346,24
2024-04-10,rmt_filtered_conservative,rmt_filtered,rmt,1.0,2.6153791806491165,15.222052862843007,0.8346197545486346,24
2024-04-11,sector_baseline,baseline,sector,0.0,0.0,0.0,0.6861254733699745,24
2024-04-11,raw_pca_residual,raw_pca,raw_pca,14.0,2.6153791806491165,15.21496314493632,0.8759569900880204,24
2024-04-11,raw_pca_stabilized,raw_pca,raw_pca,14.0,2.6153791806491165,15.21496314493632,0.8759569900880204,24
2024-04-11,rmt_filtered_residual,rmt_filtered,rmt,1.0,2.6153791806491165,15.21496314493632,0.6498378735834532,24
2024-04-11,rmt_filtered_conservative,rmt_filtered,rmt,1.0,2.6153791806491165,15.21496314493632,0.6498378735834532,24
2024-04-12,sector_baseline,baseline,sector,0.0,0.0,0.0,1.0393428131242046,24
2024-04-12,raw_pca_residual,raw_pca,raw_pca,14.0,2.6153791806491165,15.2171508199842,0.4859425301848271,24
2024-04-12,raw_pca_stabilized,raw_pca,raw_pca,14.0,2.6153791806491165,15.2171508199842,0.4859425301848271,24
2024-04-12,rmt_filtered_residual,rmt_filtered,rmt,1.0,2.6153791806491165,15.2171508199842,0.9674717156766354,24
2024-04-12,rmt_filtered_conservative,rmt_filtered,rmt,1.0,2.6153791806491165,15.2171508199842,0.9674717156766354,24
2024-04-15,sector_baseline,baseline,sector,0.0,0.0,0.0,0.424527344277047,24
2024-04-15,raw_pca_residual,raw_pca,raw_pca,14.0,2.6153791806491165,14.803806787785998,0.8322945811729241,24
2024-04-15,raw_pca_stabilized,raw_pca,raw_pca,14.0,2.6153791806491165,14.803806787785998,0.8322945811729241,24
2024-04-15,rmt_filtered_residual,rmt_filtered,rmt,1.0,2.6153791806491165,14.803806787785998,0.5356992457088158,24
2024-04-15,rmt_filtered_conservative,rmt_filtered,rmt,1.0,2.6153791806491165,14.803806787785998,0.5356992457088158,24
2024-04-16,sector_baseline,baseline,sector,0.0,0.0,0.0,0.788349832952116,24
2024-04-16,raw_pca_residual,raw_pca,raw_pca,14.0,2.6153791806491165,14.858633686128588,0.9112244313386252,24
2024-04-16,raw_pca_stabilized,raw_pca,raw_pca,14.0,2.6153791806491165,14.858633686128588,0.9112244313386252,24
2024-04-16,rmt_filtered_residual,rmt_filtered,rmt,1.0,2.6153791806491165,14.858633686128588,0.7192149095603629,24
2024-04-16,rmt_filtered_conservative,rmt_filtered,rmt,1.0,2.6153791806491165,14.858633686128588,0.7192149095603629,24
2024-04-17,sector_baseline,baseline,sector,0.0,0.0,0.0,0.6364352189075082,24
2024-04-17,raw_pca_residual,raw_pca,raw_pca,14.0,2.6153791806491165,14.77736718094042,0.8752205327365369,24
2024-04-17,raw_pca_stabilized,raw_pca,raw_pca,14.0,2.6153791806491165,14.77736718094042,0.8752205327365369,24
2024-04-17,rmt_filtered_residual,rmt_filtered,rmt,1.0,2.6153791806491165,14.77736718094042,0.7172419652050307,24
2024-04-17,rmt_filtered_conservative,rmt_filtered,rmt,1.0,2.6153791806491165,14.77736718094042,0.7172419652050307,24
2024-04-18,sector_baseline,baseline,sector,0.0,0.0,0.0,0.8355311969831295,24
2024-04-18,raw_pca_residual,raw_pca,raw_pca,14.0,2.6153791806491165,14.708027401141297,0.6969382820896382,24
2024-04-18,raw_pca_stabilized,raw_pca,raw_pca,14.0,2.6153791806491165,14.708027401141297,0.6969382820896382,24
2024-04-18,rmt_filtered_residual,rmt_filtered,rmt,1.0,2.6153791806491165,14.708027401141297,0.8040181069929698,24
2024-04-18,rmt_filtered_conservative,rmt_filtered,rmt,1.0,2.6153791806491165,14.708027401141297,0.8040181069929698,24
2024-04-19,sector_baseline,baseline,sector,0.0,0.0,0.0,0.7132480961104536,24
2024-04-19,raw_pca_residual,raw_pca,raw_pca,14.0,2.6153791806491165,14.740942014450694,0.7934661646550167,24
2024-04-19,raw_pca_stabilized,raw_pca,raw_pca,14.0,2.6153791806491165,14.740942014450694,0.7934661646550167,24
2024-04-19,rmt_filtered_residual,rmt_filtered,rmt,1.0,2.6153791806491165,14.740942014450694,0.7264118464193442,24
2024-04-19,rmt_filtered_conservative,rmt_filtered,rmt,1.0,2.6153791806491165,14.740942014450694,0.7264118464193442,24
2024-04-22,sector_baseline,baseline,sector,0.0,0.0,0.0,0.7375693778571378,24
2024-04-22,raw_pca_residual,raw_pca,raw_pca,14.0,2.6153791806491165,15.056327833306034,0.9619400410683708,24
2024-04-22,raw_pca_stabilized,raw_pca,raw_pca,14.0,2.6153791806491165,15.056327833306034,0.9619400410683708,24
2024-04-22,rmt_filtered_residual,rmt_filtered,rmt,1.0,2.6153791806491165,15.056327833306034,0.8099818917460909,24
2024-04-22,rmt_filtered_conservative,rmt_filtered,rmt,1.0,2.6153791806491165,15.056327833306034,0.8099818917460909,24
2024-04-23,sector_baseline,baseline,sector,0.0,0.0,0.0,0.7632602565777283,24
2024-04-23,raw_pca_residual,raw_pca,raw_pca,14.0,2.6153791806491165,15.085189701689906,0.9158665672713072,24
2024-04-23,raw_pca_stabilized,raw_pca,raw_pca,14.0,2.6153791806491165,15.085189701689906,0.9158665672713072,24
2024-04-23,rmt_filtered_residual,rmt_filtered,rmt,1.0,2.6153791806491165,15.085189701689906,0.8324379002173456,24
2024-04-23,rmt_filtered_conservative,rmt_filtered,rmt,1.0,2.6153791806491165,15.085189701689906,0.8324379002173456,24
2024-04-24,sector_baseline,baseline,sector,0.0,0.0,0.0,0.7419433927056879,24
2024-04-24,raw_pca_residual,raw_pca,raw_pca,14.0,2.6153791806491165,15.168564071133742,0.7556311704635088,24
2024-04-24,raw_pca_stabilized,raw_pca,raw_pca,14.0,2.6153791806491165,15.168564071133742,0.7556311704635088,24
2024-04-24,rmt_filtered_residual,rmt_filtered,rmt,1.0,2.6153791806491165,15.168564071133742,0.7252617248254015,24
2024-04-24,rmt_filtered_conservative,rmt_filtered,rmt,1.0,2.6153791806491165,15.168564071133742,0.7252617248254015,24
2024-04-25,sector_baseline,baseline,sector,0.0,0.0,0.0,0.7306936354133656,24
2024-04-25,raw_pca_residual,raw_pca,raw_pca,14.0,2.6153791806491165,15.318224985379596,0.7663647614613934,24
2024-04-25,raw_pca_stabilized,raw_pca,raw_pca,14.0,2.6153791806491165,15.318224985379596,0.7663647614613934,24
2024-04-25,rmt_filtered_residual,rmt_filtered,rmt,1.0,2.6153791806491165,15.318224985379596,0.8546408545987781,24
2024-04-25,rmt_filtered_conservative,rmt_filtered,rmt,1.0,2.6153791806491165,15.318224985379596,0.8546408545987781,24
2024-04-26,sector_baseline,baseline,sector,0.0,0.0,0.0,0.8412514704616548,24
2024-04-26,raw_pca_residual,raw_pca,raw_pca,14.0,2.6153791806491165,15.44368690868268,0.8616151923616341,24
2024-04-26,raw_pca_stabilized,raw_pca,raw_pca,14.0,2.6153791806491165,15.44368690868268,0.8616151923616341,24
2024-04-26,rmt_filtered_residual,rmt_filtered,rmt,1.0,2.6153791806491165,15.44368690868268,0.8886259922640246,24
2024-04-26,rmt_filtered_conservative,rmt_filtered,rmt,1.0,2.6153791806491165,15.44368690868268,0.8886259922640246,24
2024-04-29,sector_baseline,baseline,sector,0.0,0.0,0.0,0.9974084830568547,24
2024-04-29,raw_pca_residual,raw_pca,raw_pca,14.0,2.6153791806491165,15.3999500845859,1.237060434528902,24
2024-04-29,raw_pca_stabilized,raw_pca,raw_pca,14.0,2.6153791806491165,15.3999500845859,1.237060434528902,24
2024-04-29,rmt_filtered_residual,rmt_filtered,rmt,1.0,2.6153791806491165,15.3999500845859,1.0452988027445203,24
2024-04-29,rmt_filtered_conservative,rmt_filtered,rmt,1.0,2.6153791806491165,15.3999500845859,1.0452988027445203,24
2024-04-30,sector_baseline,baseline,sector,0.0,0.0,0.0,0.7582398684782108,24
2024-04-30,raw_pca_residual,raw_pca,raw_pca,14.0,2.6153791806491165,15.504070294774529,0.9310975107134585,24
2024-04-30,raw_pca_stabilized,raw_pca,raw_pca,14.0,2.6153791806491165,15.504070294774529,0.9310975107134585,24
2024-04-30,rmt_filtered_residual,rmt_filtered,rmt,1.0,2.6153791806491165,15.504070294774529,0.8258793248628112,24
2024-04-30,rmt_filtered_conservative,rmt_filtered,rmt,1.0,2.6153791806491165,15.504070294774529,0.8258793248628112,24
2024-05-01,sector_baseline,baseline,sector,0.0,0.0,0.0,0.8393619553333203,24
2024-05-01,raw_pca_residual,raw_pca,raw_pca,14.0,2.6153791806491165,15.53629949165826,0.9818257483136709,24
2024-05-01,raw_pca_stabilized,raw_pca,raw_pca,14.0,2.6153791806491165,15.53629949165826,0.9818257483136709,24
2024-05-01,rmt_filtered_residual,rmt_filtered,rmt,1.0,2.6153791806491165,15.53629949165826,0.9285534810425998,24
2024-05-01,rmt_filtered_conservative,rmt_filtered,rmt,1.0,2.6153791806491165,15.53629949165826,0.9285534810425998,24
2024-05-02,sector_baseline,baseline,sector,0.0,0.0,0.0,0.8255629655030979,24
2024-05-02,raw_pca_residual,raw_pca,raw_pca,14.0,2.6153791806491165,15.702454478590129,0.9133786441774543,24
2024-05-02,raw_pca_stabilized,raw_pca,raw_pca,14.0,2.6153791806491165,15.702454478590129,0.9133786441774543,24
2024-05-02,rmt_filtered_residual,rmt_filtered,rmt,1.0,2.6153791806491165,15.702454478590129,0.8465204098435013,24
2024-05-02,rmt_filtered_conservative,rmt_filtered,rmt,1.0,2.6153791806491165,15.702454478590129,0.8465204098435013,24
2024-05-03,sector_baseline,baseline,sector,0.0,0.0,0.0,0.8135328712390321,24
2024-05-03,raw_pca_residual,raw_pca,raw_pca,14.0,2.6153791806491165,15.792336618156193,0.9621781784648439,24
2024-05-03,raw_pca_stabilized,raw_pca,raw_pca,14.0,2.6153791806491165,15.792336618156193,0.9621781784648439,24
2024-05-03,rmt_filtered_residual,rmt_filtered,rmt,1.0,2.6153791806491165,15.792336618156193,0.7874488319358958,24
2024-05-03,rmt_filtered_conservative,rmt_filtered,rmt,1.0,2.6153791806491165,15.792336618156193,0.7874488319358958,24
2024-05-06,sector_baseline,baseline,sector,0.0,0.0,0.0,0.9114042188845008,24
2024-05-06,raw_pca_residual,raw_pca,raw_pca,14.0,2.6153791806491165,15.923193520310328,0.6230033739250237,24
2024-05-06,raw_pca_stabilized,raw_pca,raw_pca,14.0,2.6153791806491165,15.923193520310328,0.6230033739250237,24
2024-05-06,rmt_filtered_residual,rmt_filtered,rmt,1.0,2.6153791806491165,15.923193520310328,0.8823177380432078,24
2024-05-06,rmt_filtered_conservative,rmt_filtered,rmt,1.0,2.6153791806491165,15.923193520310328,0.8823177380432078,24
2024-05-07,sector_baseline,baseline,sector,0.0,0.0,0.0,0.8256208336087046,24
2024-05-07,raw_pca_residual,raw_pca,raw_pca,14.0,2.6153791806491165,15.939726117168876,0.782545222220473,24
2024-05-07,raw_pca_stabilized,raw_pca,raw_pca,14.0,2.6153791806491165,15.939726117168876,0.782545222220473,24
2024-05-07,rmt_filtered_residual,rmt_filtered,rmt,1.0,2.6153791806491165,15.939726117168876,0.9721291850418643,24
2024-05-07,rmt_filtered_conservative,rmt_filtered,rmt,1.0,2.6153791806491165,15.939726117168876,0.9721291850418643,24
2024-05-08,sector_baseline,baseline,sector,0.0,0.0,0.0,0.7531368185102293,24
2024-05-08,raw_pca_residual,raw_pca,raw_pca,14.0,2.6153791806491165,15.680312652199104,0.6416082192855895,24
2024-05-08,raw_pca_stabilized,raw_pca,raw_pca,14.0,2.6153791806491165,15.680312652199104,0.6416082192855895,24
2024-05-08,rmt_filtered_residual,rmt_filtered,rmt,1.0,2.6153791806491165,15.680312652199104,0.6833949541400209,24
2024-05-08,rmt_filtered_conservative,rmt_filtered,rmt,1.0,2.6153791806491165,15.680312652199104,0.6833949541400209,24
2024-05-09,sector_baseline,baseline,sector,0.0,0.0,0.0,0.7788894465214602,24
2024-05-09,raw_pca_residual,raw_pca,raw_pca,14.0,2.6153791806491165,15.686536629068746,0.9405603617923818,24
2024-05-09,raw_pca_stabilized,raw_pca,raw_pca,14.0,2.6153791806491165,15.686536629068746,0.9405603617923818,24
2024-05-09,rmt_filtered_residual,rmt_filtered,rmt,1.0,2.6153791806491165,15.686536629068746,0.7324608610875076,24
2024-05-09,rmt_filtered_conservative,rmt_filtered,rmt,1.0,2.6153791806491165,15.686536629068746,0.7324608610875076,24
2024-05-10,sector_baseline,baseline,sector,0.0,0.0,0.0,0.7602447728584124,24
2024-05-10,raw_pca_residual,raw_pca,raw_pca,14.0,2.6153791806491165,15.711894092114395,0.9069088361581835,24
2024-05-10,raw_pca_stabilized,raw_pca,raw_pca,14.0,2.6153791806491165,15.711894092114395,0.9069088361581835,24
2024-05-10,rmt_filtered_residual,rmt_filtered,rmt,1.0,2.6153791806491165,15.711894092114395,0.6204857426492056,24
2024-05-10,rmt_filtered_conservative,rmt_filtered,rmt,1.0,2.6153791806491165,15.711894092114395,0.6204857426492056,24
2024-05-13,sector_baseline,baseline,sector,0.0,0.0,0.0,0.8070368717921532,24
2024-05-13,raw_pca_residual,raw_pca,raw_pca,14.0,2.6153791806491165,15.548637895500537,0.8221366310568049,24
2024-05-13,raw_pca_stabilized,raw_pca,raw_pca,14.0,2.6153791806491165,15.548637895500537,0.8221366310568049,24
2024-05-13,rmt_filtered_residual,rmt_filtered,rmt,1.0,2.6153791806491165,15.548637895500537,0.797516099505099,24
2024-05-13,rmt_filtered_conservative,rmt_filtered,rmt,1.0,2.6153791806491165,15.548637895500537,0.797516099505099,24
2024-05-14,sector_baseline,baseline,sector,0.0,0.0,0.0,0.9527643681326189,24
2024-05-14,raw_pca_residual,raw_pca,raw_pca,14.0,2.6153791806491165,15.417316636560809,0.766957179582895,24
2024-05-14,raw_pca_stabilized,raw_pca,raw_pca,14.0,2.6153791806491165,15.417316636560809,0.766957179582895,24
2024-05-14,rmt_filtered_residual,rmt_filtered,rmt,1.0,2.6153791806491165,15.417316636560809,0.8971131125266353,24
2024-05-14,rmt_filtered_conservative,rmt_filtered,rmt,1.0,2.6153791806491165,15.417316636560809,0.8971131125266353,24
2024-05-15,sector_baseline,baseline,sector,0.0,0.0,0.0,0.9427850097649451,24
2024-05-15,raw_pca_residual,raw_pca,raw_pca,14.0,2.6153791806491165,15.397013918442235,1.2617095992790486,24
2024-05-15,raw_pca_stabilized,raw_pca,raw_pca,14.0,2.6153791806491165,15.397013918442235,1.2617095992790486,24
2024-05-15,rmt_filtered_residual,rmt_filtered,rmt,1.0,2.6153791806491165,15.397013918442235,0.9061657496111007,24
2024-05-15,rmt_filtered_conservative,rmt_filtered,rmt,1.0,2.6153791806491165,15.397013918442235,0.9061657496111007,24
2024-05-16,sector_baseline,baseline,sector,0.0,0.0,0.0,0.811936006590173,24
2024-05-16,raw_pca_residual,raw_pca,raw_pca,14.0,2.6153791806491165,15.311931335106655,0.7945111682072771,24
2024-05-16,raw_pca_stabilized,raw_pca,raw_pca,14.0,2.6153791806491165,15.311931335106655,0.7945111682072771,24
2024-05-16,rmt_filtered_residual,rmt_filtered,rmt,1.0,2.6153791806491165,15.311931335106655,0.7633388612431659,24
2024-05-16,rmt_filtered_conservative,rmt_filtered,rmt,1.0,2.6153791806491165,15.311931335106655,0.7633388612431659,24
2024-05-17,sector_baseline,baseline,sector,0.0,0.0,0.0,0.7198638591890661,24
2024-05-17,raw_pca_residual,raw_pca,raw_pca,14.0,2.6153791806491165,15.435692111591067,0.6525695692069395,24
2024-05-17,raw_pca_stabilized,raw_pca,raw_pca,14.0,2.6153791806491165,15.435692111591067,0.6525695692069395,24
2024-05-17,rmt_filtered_residual,rmt_filtered,rmt,1.0,2.6153791806491165,15.435692111591067,0.7494588312827277,24
2024-05-17,rmt_filtered_conservative,rmt_filtered,rmt,1.0,2.6153791806491165,15.435692111591067,0.7494588312827277,24
2024-05-20,sector_baseline,baseline,sector,0.0,0.0,0.0,0.7210782913198829,24
2024-05-20,raw_pca_residual,raw_pca,raw_pca,14.0,2.6153791806491165,15.397369623059198,0.8819467565596765,24
2024-05-20,raw_pca_stabilized,raw_pca,raw_pca,14.0,2.6153791806491165,15.397369623059198,0.8819467565596765,24
2024-05-20,rmt_filtered_residual,rmt_filtered,rmt,1.0,2.6153791806491165,15.397369623059198,0.7684584812087322,24
2024-05-20,rmt_filtered_conservative,rmt_filtered,rmt,1.0,2.6153791806491165,15.397369623059198,0.7684584812087322,24
2024-05-21,sector_baseline,baseline,sector,0.0,0.0,0.0,0.7609870404390602,24
2024-05-21,raw_pca_residual,raw_pca,raw_pca,14.0,2.6153791806491165,15.477466821976146,0.8421478670170944,24
2024-05-21,raw_pca_stabilized,raw_pca,raw_pca,14.0,2.6153791806491165,15.477466821976146,0.8421478670170944,24
2024-05-21,rmt_filtered_residual,rmt_filtered,rmt,1.0,2.6153791806491165,15.477466821976146,0.7110258027323949,24
2024-05-21,rmt_filtered_conservative,rmt_filtered,rmt,1.0,2.6153791806491165,15.477466821976146,0.7110258027323949,24
2024-05-22,sector_baseline,baseline,sector,0.0,0.0,0.0,0.811387535879608,24
2024-05-22,raw_pca_residual,raw_pca,raw_pca,14.0,2.6153791806491165,15.492289383134995,0.8197357777062614,24
2024-05-22,raw_pca_stabilized,raw_pca,raw_pca,14.0,2.6153791806491165,15.492289383134995,0.8197357777062614,24
2024-05-22,rmt_filtered_residual,rmt_filtered,rmt,1.0,2.6153791806491165,15.492289383134995,0.8719672614237322,24
2024-05-22,rmt_filtered_conservative,rmt_filtered,rmt,1.0,2.6153791806491165,15.492289383134995,0.8719672614237322,24
2024-05-23,sector_baseline,baseline,sector,0.0,0.0,0.0,0.5778879837513392,24
2024-05-23,raw_pca_residual,raw_pca,raw_pca,14.0,2.6153791806491165,15.66585213594192,0.7410632933614346,24
2024-05-23,raw_pca_stabilized,raw_pca,raw_pca,14.0,2.6153791806491165,15.66585213594192,0.7410632933614346,24
2024-05-23,rmt_filtered_residual,rmt_filtered,rmt,1.0,2.6153791806491165,15.66585213594192,0.6494100889986293,24
2024-05-23,rmt_filtered_conservative,rmt_filtered,rmt,1.0,2.6153791806491165,15.66585213594192,0.6494100889986293,24
2024-05-24,sector_baseline,baseline,sector,0.0,0.0,0.0,0.9397989557326459,24
2024-05-24,raw_pca_residual,raw_pca,raw_pca,14.0,2.6153791806491165,15.667710902276065,0.4875518497948928,24
2024-05-24,raw_pca_stabilized,raw_pca,raw_pca,14.0,2.6153791806491165,15.667710902276065,0.4875518497948928,24
2024-05-24,rmt_filtered_residual,rmt_filtered,rmt,1.0,2.6153791806491165,15.667710902276065,1.0286980778841557,24
2024-05-24,rmt_filtered_conservative,rmt_filtered,rmt,1.0,2.6153791806491165,15.667710902276065,1.0286980778841557,24
2024-05-27,sector_baseline,baseline,sector,0.0,0.0,0.0,0.8149650141292799,24
2024-05-27,raw_pca_residual,raw_pca,raw_pca,14.0,2.6153791806491165,15.34481248345662,0.7071782741942139,24
2024-05-27,raw_pca_stabilized,raw_pca,raw_pca,14.0,2.6153791806491165,15.34481248345662,0.7071782741942139,24
2024-05-27,rmt_filtered_residual,rmt_filtered,rmt,1.0,2.6153791806491165,15.34481248345662,0.760710498149202,24
2024-05-27,rmt_filtered_conservative,rmt_filtered,rmt,1.0,2.6153791806491165,15.34481248345662,0.760710498149202,24
2024-05-28,sector_baseline,baseline,sector,0.0,0.0,0.0,0.8466921215390846,24
2024-05-28,raw_pca_residual,raw_pca,raw_pca,14.0,2.6153791806491165,15.787991521908593,0.46090977721980025,24
2024-05-28,raw_pca_stabilized,raw_pca,raw_pca,14.0,2.6153791806491165,15.787991521908593,0.46090977721980025,24
2024-05-28,rmt_filtered_residual,rmt_filtered,rmt,1.0,2.6153791806491165,15.787991521908593,0.8645507496873758,24
2024-05-28,rmt_filtered_conservative,rmt_filtered,rmt,1.0,2.6153791806491165,15.787991521908593,0.8645507496873758,24
2024-05-29,sector_baseline,baseline,sector,0.0,0.0,0.0,0.7710113030919081,24
2024-05-29,raw_pca_residual,raw_pca,raw_pca,14.0,2.6153791806491165,15.838061081315907,0.7985530203616773,24
2024-05-29,raw_pca_stabilized,raw_pca,raw_pca,14.0,2.6153791806491165,15.838061081315907,0.7985530203616773,24
2024-05-29,rmt_filtered_residual,rmt_filtered,rmt,1.0,2.6153791806491165,15.838061081315907,0.7879614268669709,24
2024-05-29,rmt_filtered_conservative,rmt_filtered,rmt,1.0,2.6153791806491165,15.838061081315907,0.7879614268669709,24
2024-05-30,sector_baseline,baseline,sector,0.0,0.0,0.0,0.8910488785423333,24
2024-05-30,raw_pca_residual,raw_pca,raw_pca,14.0,2.6153791806491165,16.07389565029444,0.9498463208526292,24
2024-05-30,raw_pca_stabilized,raw_pca,raw_pca,14.0,2.6153791806491165,16.07389565029444,0.9498463208526292,24
2024-05-30,rmt_filtered_residual,rmt_filtered,rmt,1.0,2.6153791806491165,16.07389565029444,0.8469124632781918,24
2024-05-30,rmt_filtered_conservative,rmt_filtered,rmt,1.0,2.6153791806491165,16.07389565029444,0.8469124632781918,24
2024-05-31,sector_baseline,baseline,sector,0.0,0.0,0.0,0.9318366015485041,24
2024-05-31,raw_pca_residual,raw_pca,raw_pca,14.0,2.6153791806491165,15.732992869966656,0.8040059485468566,24
2024-05-31,raw_pca_stabilized,raw_pca,raw_pca,14.0,2.6153791806491165,15.732992869966656,0.8040059485468566,24
2024-05-31,rmt_filtered_residual,rmt_filtered,rmt,1.0,2.6153791806491165,15.732992869966656,0.9323245838372859,24
2024-05-31,rmt_filtered_conservative,rmt_filtered,rmt,1.0,2.6153791806491165,15.732992869966656,0.9323245838372859,24
2024-06-03,sector_baseline,baseline,sector,0.0,0.0,0.0,0.793774223510019,24
2024-06-03,raw_pca_residual,raw_pca,raw_pca,14.0,2.6153791806491165,15.560881444568906,0.876134370337884,24
2024-06-03,raw_pca_stabilized,raw_pca,raw_pca,14.0,2.6153791806491165,15.560881444568906,0.876134370337884,24
2024-06-03,rmt_filtered_residual,rmt_filtered,rmt,1.0,2.6153791806491165,15.560881444568906,0.7355936078916244,24
2024-06-03,rmt_filtered_conservative,rmt_filtered,rmt,1.0,2.6153791806491165,15.560881444568906,0.7355936078916244,24
2024-06-04,sector_baseline,baseline,sector,0.0,0.0,0.0,0.8425291304608432,24
2024-06-04,raw_pca_residual,raw_pca,raw_pca,14.0,2.6153791806491165,15.60330958985886,0.540937365907414,24
2024-06-04,raw_pca_stabilized,raw_pca,raw_pca,14.0,2.6153791806491165,15.60330958985886,0.540937365907414,24
2024-06-04,rmt_filtered_residual,rmt_filtered,rmt,1.0,2.6153791806491165,15.60330958985886,0.9249577901591248,24
2024-06-04,rmt_filtered_conservative,rmt_filtered,rmt,1.0,2.6153791806491165,15.60330958985886,0.9249577901591248,24
2024-06-05,sector_baseline,baseline,sector,0.0,0.0,0.0,0.8389531015744914,24
2024-06-05,raw_pca_residual,raw_pca,raw_pca,14.0,2.6153791806491165,15.793958458992098,0.5519599056808506,24
2024-06-05,raw_pca_stabilized,raw_pca,raw_pca,14.0,2.6153791806491165,15.793958458992098,0.5519599056808506,24
2024-06-05,rmt_filtered_residual,rmt_filtered,rmt,1.0,2.6153791806491165,15.793958458992098,0.8903640804225535,24
2024-06-05,rmt_filtered_conservative,rmt_filtered,rmt,1.0,2.6153791806491165,15.793958458992098,0.8903640804225535,24
2024-06-06,sector_baseline,baseline,sector,0.0,0.0,0.0,1.0075280106908096,24
2024-06-06,raw_pca_residual,raw_pca,raw_pca,14.0,2.6153791806491165,15.849182373860028,1.017695507272142,24
2024-06-06,raw_pca_stabilized,raw_pca,raw_pca,14.0,2.6153791806491165,15.849182373860028,1.017695507272142,24
2024-06-06,rmt_filtered_residual,rmt_filtered,rmt,1.0,2.6153791806491165,15.849182373860028,0.9293050396467962,24
2024-06-06,rmt_filtered_conservative,rmt_filtered,rmt,1.0,2.6153791806491165,15.849182373860028,0.9293050396467962,24
2024-06-07,sector_baseline,baseline,sector,0.0,0.0,0.0,0.7576879786682896,24
2024-06-07,raw_pca_residual,raw_pca,raw_pca,14.0,2.6153791806491165,16.578089327988465,0.7123484812552837,24
2024-06-07,raw_pca_stabilized,raw_pca,raw_pca,14.0,2.6153791806491165,16.578089327988465,0.7123484812552837,24
2024-06-07,rmt_filtered_residual,rmt_filtered,rmt,1.0,2.6153791806491165,16.578089327988465,0.7078670226011664,24
2024-06-07,rmt_filtered_conservative,rmt_filtered,rmt,1.0,2.6153791806491165,16.578089327988465,0.7078670226011664,24
2024-06-10,sector_baseline,baseline,sector,0.0,0.0,0.0,0.7116500399993164,24
2024-06-10,raw_pca_residual,raw_pca,raw_pca,14.0,2.6153791806491165,16.52501429034359,0.6794312171700376,24
2024-06-10,raw_pca_stabilized,raw_pca,raw_pca,14.0,2.6153791806491165,16.52501429034359,0.6794312171700376,24
2024-06-10,rmt_filtered_residual,rmt_filtered,rmt,1.0,2.6153791806491165,16.52501429034359,0.7340953702945452,24
2024-06-10,rmt_filtered_conservative,rmt_filtered,rmt,1.0,2.6153791806491165,16.52501429034359,0.7340953702945452,24
2024-06-11,sector_baseline,baseline,sector,0.0,0.0,0.0,0.6761620789624603,24
2024-06-11,raw_pca_residual,raw_pca,raw_pca,14.0,2.6153791806491165,16.531217478717824,0.649118367776989,24
2024-06-11,raw_pca_stabilized,raw_pca,raw_pca,14.0,2.6153791806491165,16.531217478717824,0.649118367776989,24
2024-06-11,rmt_filtered_residual,rmt_filtered,rmt,1.0,2.6153791806491165,16.531217478717824,0.6647081095891599,24
2024-06-11,rmt_filtered_conservative,rmt_filtered,rmt,1.0,2.6153791806491165,16.531217478717824,0.6647081095891599,24
2024-06-12,sector_baseline,baseline,sector,0.0,0.0,0.0,0.9563518811303909,24
2024-06-12,raw_pca_residual,raw_pca,raw_pca,14.0,2.6153791806491165,16.544181644516016,0.9836764250181579,24
2024-06-12,raw_pca_stabilized,raw_pca,raw_pca,14.0,2.6153791806491165,16.544181644516016,0.9836764250181579,24
2024-06-12,rmt_filtered_residual,rmt_filtered,rmt,1.0,2.6153791806491165,16.544181644516016,0.8669620980895333,24
2024-06-12,rmt_filtered_conservative,rmt_filtered,rmt,1.0,2.6153791806491165,16.544181644516016,0.8669620980895333,24
2024-06-13,sector_baseline,baseline,sector,0.0,0.0,0.0,0.6980279736772577,24
2024-06-13,raw_pca_residual,raw_pca,raw_pca,14.0,2.6153791806491165,16.87212188870606,0.5575137138135481,24
2024-06-13,raw_pca_stabilized,raw_pca,raw_pca,14.0,2.6153791806491165,16.87212188870606,0.5575137138135481,24
2024-06-13,rmt_filtered_residual,rmt_filtered,rmt,1.0,2.6153791806491165,16.87212188870606,0.6092514820285048,24
2024-06-13,rmt_filtered_conservative,rmt_filtered,rmt,1.0,2.6153791806491165,16.87212188870606,0.6092514820285048,24
2024-06-14,sector_baseline,baseline,sector,0.0,0.0,0.0,0.8908715870835747,24
2024-06-14,raw_pca_residual,raw_pca,raw_pca,14.0,2.6153791806491165,16.71975548109858,0.6728984053565196,24
2024-06-14,raw_pca_stabilized,raw_pca,raw_pca,14.0,2.6153791806491165,16.71975548109858,0.6728984053565196,24
2024-06-14,rmt_filtered_residual,rmt_filtered,rmt,1.0,2.6153791806491165,16.71975548109858,0.9359916906206086,24
2024-06-14,rmt_filtered_conservative,rmt_filtered,rmt,1.0,2.6153791806491165,16.71975548109858,0.9359916906206086,24
2024-06-17,sector_baseline,baseline,sector,0.0,0.0,0.0,0.7270092270656242,24
2024-06-17,raw_pca_residual,raw_pca,raw_pca,14.0,2.6153791806491165,16.76587372627721,0.8001357494532059,24
2024-06-17,raw_pca_stabilized,raw_pca,raw_pca,14.0,2.6153791806491165,16.76587372627721,0.8001357494532059,24
2024-06-17,rmt_filtered_residual,rmt_filtered,rmt,1.0,2.6153791806491165,16.76587372627721,0.8435078591363676,24
2024-06-17,rmt_filtered_conservative,rmt_filtered,rmt,1.0,2.6153791806491165,16.76587372627721,0.8435078591363676,24
2024-06-18,sector_baseline,baseline,sector,0.0,0.0,0.0,0.5856634574889416,24
2024-06-18,raw_pca_residual,raw_pca,raw_pca,14.0,2.6153791806491165,16.88208610422729,0.8192734788677044,24
2024-06-18,raw_pca_stabilized,raw_pca,raw_pca,14.0,2.6153791806491165,16.88208610422729,0.8192734788677044,24
2024-06-18,rmt_filtered_residual,rmt_filtered,rmt,1.0,2.6153791806491165,16.88208610422729,0.782275099819392,24
2024-06-18,rmt_filtered_conservative,rmt_filtered,rmt,1.0,2.6153791806491165,16.88208610422729,0.782275099819392,24
2024-06-19,sector_baseline,baseline,sector,0.0,0.0,0.0,0.6919115877706691,24
2024-06-19,raw_pca_residual,raw_pca,raw_pca,14.0,2.6153791806491165,16.691657783383384,1.007417050470639,24
2024-06-19,raw_pca_stabilized,raw_pca,raw_pca,14.0,2.6153791806491165,16.691657783383384,1.007417050470639,24
2024-06-19,rmt_filtered_residual,rmt_filtered,rmt,1.0,2.6153791806491165,16.691657783383384,0.9002623114695357,24
2024-06-19,rmt_filtered_conservative,rmt_filtered,rmt,1.0,2.6153791806491165,16.691657783383384,0.9002623114695357,24
2024-06-20,sector_baseline,baseline,sector,0.0,0.0,0.0,0.8919560615699872,24
2024-06-20,raw_pca_residual,raw_pca,raw_pca,14.0,2.6153791806491165,16.690676102539616,0.6317852511481464,24
2024-06-20,raw_pca_stabilized,raw_pca,raw_pca,14.0,2.6153791806491165,16.690676102539616,0.6317852511481464,24
2024-06-20,rmt_filtered_residual,rmt_filtered,rmt,1.0,2.6153791806491165,16.690676102539616,0.8058205067025005,24
2024-06-20,rmt_filtered_conservative,rmt_filtered,rmt,1.0,2.6153791806491165,16.690676102539616,0.8058205067025005,24
2024-06-21,sector_baseline,baseline,sector,0.0,0.0,0.0,0.7364594831266608,24
2024-06-21,raw_pca_residual,raw_pca,raw_pca,14.0,2.6153791806491165,16.695827915963203,0.7746098189466105,24
2024-06-21,raw_pca_stabilized,raw_pca,raw_pca,14.0,2.6153791806491165,16.695827915963203,0.7746098189466105,24
2024-06-21,rmt_filtered_residual,rmt_filtered,rmt,1.0,2.6153791806491165,16.695827915963203,0.6571393906126569,24
2024-06-21,rmt_filtered_conservative,rmt_filtered,rmt,1.0,2.6153791806491165,16.695827915963203,0.6571393906126569,24
2024-06-24,sector_baseline,baseline,sector,0.0,0.0,0.0,0.9384613918005257,24
2024-06-24,raw_pca_residual,raw_pca,raw_pca,14.0,2.6153791806491165,16.63285195012523,0.8949612209126654,24
2024-06-24,raw_pca_stabilized,raw_pca,raw_pca,14.0,2.6153791806491165,16.63285195012523,0.8949612209126654,24
2024-06-24,rmt_filtered_residual,rmt_filtered,rmt,1.0,2.6153791806491165,16.63285195012523,0.8572836394326884,24
2024-06-24,rmt_filtered_conservative,rmt_filtered,rmt,1.0,2.6153791806491165,16.63285195012523,0.8572836394326884,24
2024-06-25,sector_baseline,baseline,sector,0.0,0.0,0.0,0.8195796351035196,24
2024-06-25,raw_pca_residual,raw_pca,raw_pca,14.0,2.6153791806491165,16.63914489805737,0.6342824041852787,24
2024-06-25,raw_pca_stabilized,raw_pca,raw_pca,14.0,2.6153791806491165,16.63914489805737,0.6342824041852787,24
2024-06-25,rmt_filtered_residual,rmt_filtered,rmt,1.0,2.6153791806491165,16.63914489805737,0.9383659109929973,24
2024-06-25,rmt_filtered_conservative,rmt_filtered,rmt,1.0,2.6153791806491165,16.63914489805737,0.9383659109929973,24
2024-06-26,sector_baseline,baseline,sector,0.0,0.0,0.0,0.8332876262364758,24
2024-06-26,raw_pca_residual,raw_pca,raw_pca,14.0,2.6153791806491165,16.58114818558489,0.7111908373491778,24
2024-06-26,raw_pca_stabilized,raw_pca,raw_pca,14.0,2.6153791806491165,16.58114818558489,0.7111908373491778,24
2024-06-26,rmt_filtered_residual,rmt_filtered,rmt,1.0,2.6153791806491165,16.58114818558489,0.852611042620507,24
2024-06-26,rmt_filtered_conservative,rmt_filtered,rmt,1.0,2.6153791806491165,16.58114818558489,0.852611042620507,24
2024-06-27,sector_baseline,baseline,sector,0.0,0.0,0.0,0.7930991715020014,24
2024-06-27,raw_pca_residual,raw_pca,raw_pca,14.0,2.6153791806491165,16.493665457996,1.0232185832160938,24
2024-06-27,raw_pca_stabilized,raw_pca,raw_pca,14.0,2.6153791806491165,16.493665457996,1.0232185832160938,24
2024-06-27,rmt_filtered_residual,rmt_filtered,rmt,1.0,2.6153791806491165,16.493665457996,0.876749822092331,24
2024-06-27,rmt_filtered_conservative,rmt_filtered,rmt,1.0,2.6153791806491165,16.493665457996,0.876749822092331,24
2024-06-28,sector_baseline,baseline,sector,0.0,0.0,0.0,0.7902938924390733,24
2024-06-28,raw_pca_residual,raw_pca,raw_pca,14.0,2.6153791806491165,16.401685607140518,0.8902566778181552,24
2024-06-28,raw_pca_stabilized,raw_pca,raw_pca,14.0,2.6153791806491165,16.401685607140518,0.8902566778181552,24
2024-06-28,rmt_filtered_residual,rmt_filtered,rmt,1.0,2.6153791806491165,16.401685607140518,0.8013008640747336,24
2024-06-28,rmt_filtered_conservative,rmt_filtered,rmt,1.0,2.6153791806491165,16.401685607140518,0.8013008640747336,24
2024-07-01,sector_baseline,baseline,sector,0.0,0.0,0.0,0.7319992719517696,24
2024-07-01,raw_pca_residual,raw_pca,raw_pca,14.0,2.6153791806491165,16.37799107244208,1.1657501415849252,24
2024-07-01,raw_pca_stabilized,raw_pca,raw_pca,14.0,2.6153791806491165,16.37799107244208,1.1657501415849252,24
2024-07-01,rmt_filtered_residual,rmt_filtered,rmt,1.0,2.6153791806491165,16.37799107244208,0.7307835728054757,24
2024-07-01,rmt_filtered_conservative,rmt_filtered,rmt,1.0,2.6153791806491165,16.37799107244208,0.7307835728054757,24
2024-07-02,sector_baseline,baseline,sector,0.0,0.0,0.0,0.7079010327720564,24
2024-07-02,raw_pca_residual,raw_pca,raw_pca,14.0,2.6153791806491165,16.416375633525426,0.8094897087110443,24
2024-07-02,raw_pca_stabilized,raw_pca,raw_pca,14.0,2.6153791806491165,16.416375633525426,0.8094897087110443,24
2024-07-02,rmt_filtered_residual,rmt_filtered,rmt,1.0,2.6153791806491165,16.416375633525426,0.6800939279118268,24
2024-07-02,rmt_filtered_conservative,rmt_filtered,rmt,1.0,2.6153791806491165,16.416375633525426,0.6800939279118268,24
2024-07-03,sector_baseline,baseline,sector,0.0,0.0,0.0,0.8775311271430198,24
2024-07-03,raw_pca_residual,raw_pca,raw_pca,14.0,2.6153791806491165,16.307189419541693,0.8800382941015278,24
2024-07-03,raw_pca_stabilized,raw_pca,raw_pca,14.0,2.6153791806491165,16.307189419541693,0.8800382941015278,24
2024-07-03,rmt_filtered_residual,rmt_filtered,rmt,1.0,2.6153791806491165,16.307189419541693,0.9727075273767741,24
2024-07-03,rmt_filtered_conservative,rmt_filtered,rmt,1.0,2.6153791806491165,16.307189419541693,0.9727075273767741,24
2024-07-04,sector_baseline,baseline,sector,0.0,0.0,0.0,0.6396678052411265,24
2024-07-04,raw_pca_residual,raw_pca,raw_pca,14.0,2.6153791806491165,16.33645237753844,0.6456492567807764,24
2024-07-04,raw_pca_stabilized,raw_pca,raw_pca,14.0,2.6153791806491165,16.33645237753844,0.6456492567807764,24
2024-07-04,rmt_filtered_residual,rmt_filtered,rmt,1.0,2.6153791806491165,16.33645237753844,0.598843269572522,24
2024-07-04,rmt_filtered_conservative,rmt_filtered,rmt,1.0,2.6153791806491165,16.33645237753844,0.598843269572522,24
2024-07-05,sector_baseline,baseline,sector,0.0,0.0,0.0,0.80688607055004,24
2024-07-05,raw_pca_residual,raw_pca,raw_pca,14.0,2.6153791806491165,16.386604730537574,0.7531821302204703,24
2024-07-05,raw_pca_stabilized,raw_pca,raw_pca,14.0,2.6153791806491165,16.386604730537574,0.7531821302204703,24
2024-07-05,rmt_filtered_residual,rmt_filtered,rmt,1.0,2.6153791806491165,16.386604730537574,0.7254637913082614,24
2024-07-05,rmt_filtered_conservative,rmt_filtered,rmt,1.0,2.6153791806491165,16.386604730537574,0.7254637913082614,24
2024-07-08,sector_baseline,baseline,sector,0.0,0.0,0.0,0.8175015693246692,24
2024-07-08,raw_pca_residual,raw_pca,raw_pca,14.0,2.6153791806491165,16.447129286437765,0.5935110091776639,24
2024-07-08,raw_pca_stabilized,raw_pca,raw_pca,14.0,2.6153791806491165,16.447129286437765,0.5935110091776639,24
2024-07-08,rmt_filtered_residual,rmt_filtered,rmt,1.0,2.6153791806491165,16.447129286437765,0.7818623390307647,24
2024-07-08,rmt_filtered_conservative,rmt_filtered,rmt,1.0,2.6153791806491165,16.447129286437765,0.7818623390307647,24
2024-07-09,sector_baseline,baseline,sector,0.0,0.0,0.0,0.7885547764527455,24
2024-07-09,raw_pca_residual,raw_pca,raw_pca,14.0,2.6153791806491165,16.40513291161451,0.9009249585909261,24
2024-07-09,raw_pca_stabilized,raw_pca,raw_pca,14.0,2.6153791806491165,16.40513291161451,0.9009249585909261,24
2024-07-09,rmt_filtered_residual,rmt_filtered,rmt,1.0,2.6153791806491165,16.40513291161451,0.8267067191673642,24
2024-07-09,rmt_filtered_conservative,rmt_filtered,rmt,1.0,2.6153791806491165,16.40513291161451,0.8267067191673642,24
2024-07-10,sector_baseline,baseline,sector,0.0,0.0,0.0,0.4869638869392756,24
2024-07-10,raw_pca_residual,raw_pca,raw_pca,14.0,2.6153791806491165,16.36023675951729,0.6567687987154432,24
2024-07-10,raw_pca_stabilized,raw_pca,raw_pca,14.0,2.6153791806491165,16.36023675951729,0.6567687987154432,24
2024-07-10,rmt_filtered_residual,rmt_filtered,rmt,1.0,2.6153791806491165,16.36023675951729,0.728272007100209,24
2024-07-10,rmt_filtered_conservative,rmt_filtered,rmt,1.0,2.6153791806491165,16.36023675951729,0.728272007100209,24
2024-07-11,sector_baseline,baseline,sector,0.0,0.0,0.0,0.957017443443028,24
2024-07-11,raw_pca_residual,raw_pca,raw_pca,14.0,2.6153791806491165,16.274996229277942,0.8121165980020439,24
2024-07-11,raw_pca_stabilized,raw_pca,raw_pca,14.0,2.6153791806491165,16.274996229277942,0.8121165980020439,24
2024-07-11,rmt_filtered_residual,rmt_filtered,rmt,1.0,2.6153791806491165,16.274996229277942,0.8965773905271889,24
2024-07-11,rmt_filtered_conservative,rmt_filtered,rmt,1.0,2.6153791806491165,16.274996229277942,0.8965773905271889,24
2024-07-12,sector_baseline,baseline,sector,0.0,0.0,0.0,0.558936794918064,24
2024-07-12,raw_pca_residual,raw_pca,raw_pca,14.0,2.6153791806491165,16.204919697807874,0.5614058565218816,24
2024-07-12,raw_pca_stabilized,raw_pca,raw_pca,14.0,2.6153791806491165,16.204919697807874,0.5614058565218816,24
2024-07-12,rmt_filtered_residual,rmt_filtered,rmt,1.0,2.6153791806491165,16.204919697807874,0.6755763218821768,24
2024-07-12,rmt_filtered_conservative,rmt_filtered,rmt,1.0,2.6153791806491165,16.204919697807874,0.6755763218821768,24
2024-07-15,sector_baseline,baseline,sector,0.0,0.0,0.0,0.8459215195004641,24
2024-07-15,raw_pca_residual,raw_pca,raw_pca,14.0,2.6153791806491165,16.229948657455903,0.9974120934727336,24
2024-07-15,raw_pca_stabilized,raw_pca,raw_pca,14.0,2.6153791806491165,16.229948657455903,0.9974120934727336,24
2024-07-15,rmt_filtered_residual,rmt_filtered,rmt,1.0,2.6153791806491165,16.229948657455903,0.6918507494072408,24
2024-07-15,rmt_filtered_conservative,rmt_filtered,rmt,1.0,2.6153791806491165,16.229948657455903,0.6918507494072408,24
2024-07-16,sector_baseline,baseline,sector,0.0,0.0,0.0,0.7349636841505571,24
2024-07-16,raw_pca_residual,raw_pca,raw_pca,14.0,2.6153791806491165,16.320348076334273,0.5712500123650298,24
2024-07-16,raw_pca_stabilized,raw_pca,raw_pca,14.0,2.6153791806491165,16.320348076334273,0.5712500123650298,24
2024-07-16,rmt_filtered_residual,rmt_filtered,rmt,1.0,2.6153791806491165,16.320348076334273,0.6439794095646888,24
2024-07-16,rmt_filtered_conservative,rmt_filtered,rmt,1.0,2.6153791806491165,16.320348076334273,0.6439794095646888,24
2024-07-17,sector_baseline,baseline,sector,0.0,0.0,0.0,0.849518731308965,24
2024-07-17,raw_pca_residual,raw_pca,raw_pca,14.0,2.6153791806491165,16.313179609431284,1.016390788815815,24
2024-07-17,raw_pca_stabilized,raw_pca,raw_pca,14.0,2.6153791806491165,16.313179609431284,1.016390788815815,24
2024-07-17,rmt_filtered_residual,rmt_filtered,rmt,1.0,2.6153791806491165,16.313179609431284,0.7700855461691608,24
2024-07-17,rmt_filtered_conservative,rmt_filtered,rmt,1.0,2.6153791806491165,16.313179609431284,0.7700855461691608,24
2024-07-18,sector_baseline,baseline,sector,0.0,0.0,0.0,1.063320051475338,24
2024-07-18,raw_pca_residual,raw_pca,raw_pca,14.0,2.6153791806491165,16.08065303073909,0.8016210748377844,24
2024-07-18,raw_pca_stabilized,raw_pca,raw_pca,14.0,2.6153791806491165,16.08065303073909,0.8016210748377844,24
2024-07-18,rmt_filtered_residual,rmt_filtered,rmt,1.0,2.6153791806491165,16.08065303073909,1.0125856251460148,24
2024-07-18,rmt_filtered_conservative,rmt_filtered,rmt,1.0,2.6153791806491165,16.08065303073909,1.0125856251460148,24
2024-07-19,sector_baseline,baseline,sector,0.0,0.0,0.0,0.8109270033752848,24
2024-07-19,raw_pca_residual,raw_pca,raw_pca,14.0,2.6153791806491165,16.05874456487479,0.6849485600214736,24
2024-07-19,raw_pca_stabilized,raw_pca,raw_pca,14.0,2.6153791806491165,16.05874456487479,0.6849485600214736,24
2024-07-19,rmt_filtered_residual,rmt_filtered,rmt,1.0,2.6153791806491165,16.05874456487479,0.7846203409410993,24
2024-07-19,rmt_filtered_conservative,rmt_filtered,rmt,1.0,2.6153791806491165,16.05874456487479,0.7846203409410993,24
2024-07-22,sector_baseline,baseline,sector,0.0,0.0,0.0,0.940341745316104,24
2024-07-22,raw_pca_residual,raw_pca,raw_pca,14.0,2.6153791806491165,15.988849635264316,0.7069062270597136,24
2024-07-22,raw_pca_stabilized,raw_pca,raw_pca,14.0,2.6153791806491165,15.988849635264316,0.7069062270597136,24
2024-07-22,rmt_filtered_residual,rmt_filtered,rmt,1.0,2.6153791806491165,15.988849635264316,0.8620020683499602,24
2024-07-22,rmt_filtered_conservative,rmt_filtered,rmt,1.0,2.6153791806491165,15.988849635264316,0.8620020683499602,24
2024-07-23,sector_baseline,baseline,sector,0.0,0.0,0.0,0.8414218448656445,24
2024-07-23,raw_pca_residual,raw_pca,raw_pca,14.0,2.6153791806491165,15.954683722394542,1.0874297413982736,24
2024-07-23,raw_pca_stabilized,raw_pca,raw_pca,14.0,2.6153791806491165,15.954683722394542,1.0874297413982736,24
2024-07-23,rmt_filtered_residual,rmt_filtered,rmt,1.0,2.6153791806491165,15.954683722394542,0.8121040002621486,24
2024-07-23,rmt_filtered_conservative,rmt_filtered,rmt,1.0,2.6153791806491165,15.954683722394542,0.8121040002621486,24
2024-07-24,sector_baseline,baseline,sector,0.0,0.0,0.0,0.7919283850604378,24
2024-07-24,raw_pca_residual,raw_pca,raw_pca,14.0,2.6153791806491165,15.89461940052607,1.0045147813429198,24
2024-07-24,raw_pca_stabilized,raw_pca,raw_pca,14.0,2.6153791806491165,15.89461940052607,1.0045147813429198,24
2024-07-24,rmt_filtered_residual,rmt_filtered,rmt,1.0,2.6153791806491165,15.89461940052607,0.7781114489714417,24
2024-07-24,rmt_filtered_conservative,rmt_filtered,rmt,1.0,2.6153791806491165,15.89461940052607,0.7781114489714417,24
2024-07-25,sector_baseline,baseline,sector,0.0,0.0,0.0,0.7382835905593118,24
2024-07-25,raw_pca_residual,raw_pca,raw_pca,14.0,2.6153791806491165,15.9372135870777,0.6428656886209527,24
2024-07-25,raw_pca_stabilized,raw_pca,raw_pca,14.0,2.6153791806491165,15.9372135870777,0.6428656886209527,24
2024-07-25,rmt_filtered_residual,rmt_filtered,rmt,1.0,2.6153791806491165,15.9372135870777,0.6734807637430041,24
2024-07-25,rmt_filtered_conservative,rmt_filtered,rmt,1.0,2.6153791806491165,15.9372135870777,0.6734807637430041,24
2024-07-26,sector_baseline,baseline,sector,0.0,0.0,0.0,0.8022489649879746,24
2024-07-26,raw_pca_residual,raw_pca,raw_pca,14.0,2.6153791806491165,15.80759727028141,0.7276360589469218,24
2024-07-26,raw_pca_stabilized,raw_pca,raw_pca,14.0,2.6153791806491165,15.80759727028141,0.7276360589469218,24
2024-07-26,rmt_filtered_residual,rmt_filtered,rmt,1.0,2.6153791806491165,15.80759727028141,0.8559323065394286,24
2024-07-26,rmt_filtered_conservative,rmt_filtered,rmt,1.0,2.6153791806491165,15.80759727028141,0.8559323065394286,24
2024-07-29,sector_baseline,baseline,sector,0.0,0.0,0.0,0.7616101405555192,24
2024-07-29,raw_pca_residual,raw_pca,raw_pca,14.0,2.6153791806491165,15.803867061171491,0.7920559607280339,24
2024-07-29,raw_pca_stabilized,raw_pca,raw_pca,14.0,2.6153791806491165,15.803867061171491,0.7920559607280339,24
2024-07-29,rmt_filtered_residual,rmt_filtered,rmt,1.0,2.6153791806491165,15.803867061171491,0.7664183584186235,24
2024-07-29,rmt_filtered_conservative,rmt_filtered,rmt,1.0,2.6153791806491165,15.803867061171491,0.7664183584186235,24
2024-07-30,sector_baseline,baseline,sector,0.0,0.0,0.0,0.9706341349782449,24
2024-07-30,raw_pca_residual,raw_pca,raw_pca,14.0,2.6153791806491165,15.445909021223466,0.7537709301511354,24
2024-07-30,raw_pca_stabilized,raw_pca,raw_pca,14.0,2.6153791806491165,15.445909021223466,0.7537709301511354,24
2024-07-30,rmt_filtered_residual,rmt_filtered,rmt,1.0,2.6153791806491165,15.445909021223466,1.0192736155930215,24
2024-07-30,rmt_filtered_conservative,rmt_filtered,rmt,1.0,2.6153791806491165,15.445909021223466,1.0192736155930215,24
2024-07-31,sector_baseline,baseline,sector,0.0,0.0,0.0,0.7541904329656027,24
2024-07-31,raw_pca_residual,raw_pca,raw_pca,14.0,2.6153791806491165,15.303966611560147,0.4899732364204457,24
2024-07-31,raw_pca_stabilized,raw_pca,raw_pca,14.0,2.6153791806491165,15.303966611560147,0.4899732364204457,24
2024-07-31,rmt_filtered_residual,rmt_filtered,rmt,1.0,2.6153791806491165,15.303966611560147,0.9196775519357541,24
2024-07-31,rmt_filtered_conservative,rmt_filtered,rmt,1.0,2.6153791806491165,15.303966611560147,0.9196775519357541,24
2024-08-01,sector_baseline,baseline,sector,0.0,0.0,0.0,0.8031974983444833,24
2024-08-01,raw_pca_residual,raw_pca,raw_pca,14.0,2.6153791806491165,14.82221862378458,0.9039866520200074,24
2024-08-01,raw_pca_stabilized,raw_pca,raw_pca,14.0,2.6153791806491165,14.82221862378458,0.9039866520200074,24
2024-08-01,rmt_filtered_residual,rmt_filtered,rmt,1.0,2.6153791806491165,14.82221862378458,0.8643566138625468,24
2024-08-01,rmt_filtered_conservative,rmt_filtered,rmt,1.0,2.6153791806491165,14.82221862378458,0.8643566138625468,24
2024-08-02,sector_baseline,baseline,sector,0.0,0.0,0.0,1.203379364539659,24
2024-08-02,raw_pca_residual,raw_pca,raw_pca,14.0,2.6153791806491165,14.715186358901162,0.3849406812558369,24
2024-08-02,raw_pca_stabilized,raw_pca,raw_pca,14.0,2.6153791806491165,14.715186358901162,0.3849406812558369,24
2024-08-02,rmt_filtered_residual,rmt_filtered,rmt,1.0,2.6153791806491165,14.715186358901162,1.0561432719520691,24
2024-08-02,rmt_filtered_conservative,rmt_filtered,rmt,1.0,2.6153791806491165,14.715186358901162,1.0561432719520691,24
2024-08-05,sector_baseline,baseline,sector,0.0,0.0,0.0,0.9681675383366154,24
2024-08-05,raw_pca_residual,raw_pca,raw_pca,14.0,2.6153791806491165,14.682863317543946,0.9998670354622018,24
2024-08-05,raw_pca_stabilized,raw_pca,raw_pca,14.0,2.6153791806491165,14.682863317543946,0.9998670354622018,24
2024-08-05,rmt_filtered_residual,rmt_filtered,rmt,1.0,2.6153791806491165,14.682863317543946,0.8733060814336059,24
2024-08-05,rmt_filtered_conservative,rmt_filtered,rmt,1.0,2.6153791806491165,14.682863317543946,0.8733060814336059,24
2024-08-06,sector_baseline,baseline,sector,0.0,0.0,0.0,0.6390704986893869,24
2024-08-06,raw_pca_residual,raw_pca,raw_pca,14.0,2.6153791806491165,15.037732933257315,0.7199126822044396,24
2024-08-06,raw_pca_stabilized,raw_pca,raw_pca,14.0,2.6153791806491165,15.037732933257315,0.7199126822044396,24
2024-08-06,rmt_filtered_residual,rmt_filtered,rmt,1.0,2.6153791806491165,15.037732933257315,0.572715314520926,24
2024-08-06,rmt_filtered_conservative,rmt_filtered,rmt,1.0,2.6153791806491165,15.037732933257315,0.572715314520926,24
2024-08-07,sector_baseline,baseline,sector,0.0,0.0,0.0,0.771536743119924,24
2024-08-07,raw_pca_residual,raw_pca,raw_pca,14.0,2.6153791806491165,15.035342715970419,0.8438739080628036,24
2024-08-07,raw_pca_stabilized,raw_pca,raw_pca,14.0,2.6153791806491165,15.035342715970419,0.8438739080628036,24
2024-08-07,rmt_filtered_residual,rmt_filtered,rmt,1.0,2.6153791806491165,15.035342715970419,0.7545753144502996,24
2024-08-07,rmt_filtered_conservative,rmt_filtered,rmt,1.0,2.6153791806491165,15.035342715970419,0.7545753144502996,24
2024-08-08,sector_baseline,baseline,sector,0.0,0.0,0.0,0.7885625540455381,24
2024-08-08,raw_pca_residual,raw_pca,raw_pca,14.0,2.6153791806491165,15.046328616055934,0.896039373884285,24
2024-08-08,raw_pca_stabilized,raw_pca,raw_pca,14.0,2.6153791806491165,15.046328616055934,0.896039373884285,24
2024-08-08,rmt_filtered_residual,rmt_filtered,rmt,1.0,2.6153791806491165,15.046328616055934,0.9122148763595085,24
2024-08-08,rmt_filtered_conservative,rmt_filtered,rmt,1.0,2.6153791806491165,15.046328616055934,0.9122148763595085,24
2024-08-09,sector_baseline,baseline,sector,0.0,0.0,0.0,0.881292546766559,24
2024-08-09,raw_pca_residual,raw_pca,raw_pca,14.0,2.6153791806491165,15.108716109144936,0.7542204985211326,24
2024-08-09,raw_pca_stabilized,raw_pca,raw_pca,14.0,2.6153791806491165,15.108716109144936,0.7542204985211326,24
2024-08-09,rmt_filtered_residual,rmt_filtered,rmt,1.0,2.6153791806491165,15.108716109144936,0.7669089405604237,24
2024-08-09,rmt_filtered_conservative,rmt_filtered,rmt,1.0,2.6153791806491165,15.108716109144936,0.7669089405604237,24
2024-08-12,sector_baseline,baseline,sector,0.0,0.0,0.0,0.7045229264783354,24
2024-08-12,raw_pca_residual,raw_pca,raw_pca,14.0,2.6153791806491165,15.115440912277185,0.49362190508783904,24
2024-08-12,raw_pca_stabilized,raw_pca,raw_pca,14.0,2.6153791806491165,15.115440912277185,0.49362190508783904,24
2024-08-12,rmt_filtered_residual,rmt_filtered,rmt,1.0,2.6153791806491165,15.115440912277185,0.9628417809357247,24
2024-08-12,rmt_filtered_conservative,rmt_filtered,rmt,1.0,2.6153791806491165,15.115440912277185,0.9628417809357247,24
2024-08-13,sector_baseline,baseline,sector,0.0,0.0,0.0,0.6492401171400181,24
2024-08-13,raw_pca_residual,raw_pca,raw_pca,14.0,2.6153791806491165,15.128813868214303,0.8373511179543663,24
2024-08-13,raw_pca_stabilized,raw_pca,raw_pca,14.0,2.6153791806491165,15.128813868214303,0.8373511179543663,24
2024-08-13,rmt_filtered_residual,rmt_filtered,rmt,1.0,2.6153791806491165,15.128813868214303,0.6305124444770196,24
2024-08-13,rmt_filtered_conservative,rmt_filtered,rmt,1.0,2.6153791806491165,15.128813868214303,0.6305124444770196,24
2024-08-14,sector_baseline,baseline,sector,0.0,0.0,0.0,0.7447978129837306,24
2024-08-14,raw_pca_residual,raw_pca,raw_pca,14.0,2.6153791806491165,15.23641509266,0.8165095197076623,24
2024-08-14,raw_pca_stabilized,raw_pca,raw_pca,14.0,2.6153791806491165,15.23641509266,0.8165095197076623,24
2024-08-14,rmt_filtered_residual,rmt_filtered,rmt,1.0,2.6153791806491165,15.23641509266,0.6221945422627465,24
2024-08-14,rmt_filtered_conservative,rmt_filtered,rmt,1.0,2.6153791806491165,15.23641509266,0.6221945422627465,24
2024-08-15,sector_baseline,baseline,sector,0.0,0.0,0.0,0.878952206376133,24
2024-08-15,raw_pca_residual,raw_pca,raw_pca,14.0,2.6153791806491165,15.486696840201965,0.46133778000605385,24
2024-08-15,raw_pca_stabilized,raw_pca,raw_pca,14.0,2.6153791806491165,15.486696840201965,0.46133778000605385,24
2024-08-15,rmt_filtered_residual,rmt_filtered,rmt,1.0,2.6153791806491165,15.486696840201965,0.8351941731126088,24
2024-08-15,rmt_filtered_conservative,rmt_filtered,rmt,1.0,2.6153791806491165,15.486696840201965,0.8351941731126088,24
2024-08-16,sector_baseline,baseline,sector,0.0,0.0,0.0,0.6262988035757058,24
2024-08-16,raw_pca_residual,raw_pca,raw_pca,14.0,2.6153791806491165,15.567464972590038,0.9354518679397529,24
2024-08-16,raw_pca_stabilized,raw_pca,raw_pca,14.0,2.6153791806491165,15.567464972590038,0.9354518679397529,24
2024-08-16,rmt_filtered_residual,rmt_filtered,rmt,1.0,2.6153791806491165,15.567464972590038,0.7237066882536213,24
2024-08-16,rmt_filtered_conservative,rmt_filtered,rmt,1.0,2.6153791806491165,15.567464972590038,0.7237066882536213,24
2024-08-19,sector_baseline,baseline,sector,0.0,0.0,0.0,0.8070419469990666,24
2024-08-19,raw_pca_residual,raw_pca,raw_pca,14.0,2.6153791806491165,15.582527560366735,0.8454988680329043,24
2024-08-19,raw_pca_stabilized,raw_pca,raw_pca,14.0,2.6153791806491165,15.582527560366735,0.8454988680329043,24
2024-08-19,rmt_filtered_residual,rmt_filtered,rmt,1.0,2.6153791806491165,15.582527560366735,0.7048925415974051,24
2024-08-19,rmt_filtered_conservative,rmt_filtered,rmt,1.0,2.6153791806491165,15.582527560366735,0.7048925415974051,24
2024-08-20,sector_baseline,baseline,sector,0.0,0.0,0.0,0.7597724500500433,24
2024-08-20,raw_pca_residual,raw_pca,raw_pca,14.0,2.6153791806491165,15.386303288449287,0.7402766619882022,24
2024-08-20,raw_pca_stabilized,raw_pca,raw_pca,14.0,2.6153791806491165,15.386303288449287,0.7402766619882022,24
2024-08-20,rmt_filtered_residual,rmt_filtered,rmt,1.0,2.6153791806491165,15.386303288449287,0.887412373610864,24
2024-08-20,rmt_filtered_conservative,rmt_filtered,rmt,1.0,2.6153791806491165,15.386303288449287,0.887412373610864,24
2024-08-21,sector_baseline,baseline,sector,0.0,0.0,0.0,0.80092058442236,24
2024-08-21,raw_pca_residual,raw_pca,raw_pca,14.0,2.6153791806491165,15.56281143482313,0.8683347402104092,24
2024-08-21,raw_pca_stabilized,raw_pca,raw_pca,14.0,2.6153791806491165,15.56281143482313,0.8683347402104092,24
2024-08-21,rmt_filtered_residual,rmt_filtered,rmt,1.0,2.6153791806491165,15.56281143482313,0.8636364808122273,24
2024-08-21,rmt_filtered_conservative,rmt_filtered,rmt,1.0,2.6153791806491165,15.56281143482313,0.8636364808122273,24
2024-08-22,sector_baseline,baseline,sector,0.0,0.0,0.0,0.5823585970272193,24
2024-08-22,raw_pca_residual,raw_pca,raw_pca,14.0,2.6153791806491165,15.714439138986332,0.584989454473884,24
2024-08-22,raw_pca_stabilized,raw_pca,raw_pca,14.0,2.6153791806491165,15.714439138986332,0.584989454473884,24
2024-08-22,rmt_filtered_residual,rmt_filtered,rmt,1.0,2.6153791806491165,15.714439138986332,0.5502194332567268,24
2024-08-22,rmt_filtered_conservative,rmt_filtered,rmt,1.0,2.6153791806491165,15.714439138986332,0.5502194332567268,24
2024-08-23,sector_baseline,baseline,sector,0.0,0.0,0.0,1.305069224900705,24
2024-08-23,raw_pca_residual,raw_pca,raw_pca,14.0,2.6153791806491165,14.974272985819674,0.7093371634580369,24
2024-08-23,raw_pca_stabilized,raw_pca,raw_pca,14.0,2.6153791806491165,14.974272985819674,0.7093371634580369,24
2024-08-23,rmt_filtered_residual,rmt_filtered,rmt,1.0,2.6153791806491165,14.974272985819674,1.2688654040156828,24
2024-08-23,rmt_filtered_conservative,rmt_filtered,rmt,1.0,2.6153791806491165,14.974272985819674,1.2688654040156828,24
2024-08-26,sector_baseline,baseline,sector,0.0,0.0,0.0,1.0834019862890916,24
2024-08-26,raw_pca_residual,raw_pca,raw_pca,14.0,2.6153791806491165,14.845009390841591,0.6582279979915028,24
2024-08-26,raw_pca_stabilized,raw_pca,raw_pca,14.0,2.6153791806491165,14.845009390841591,0.6582279979915028,24
2024-08-26,rmt_filtered_residual,rmt_filtered,rmt,1.0,2.6153791806491165,14.845009390841591,1.0347001172469337,24
2024-08-26,rmt_filtered_conservative,rmt_filtered,rmt,1.0,2.6153791806491165,14.845009390841591,1.0347001172469337,24
2024-08-27,sector_baseline,baseline,sector,0.0,0.0,0.0,0.5140993940388525,24
2024-08-27,raw_pca_residual,raw_pca,raw_pca,14.0,2.6153791806491165,14.507508351927315,0.8945995117523616,24
2024-08-27,raw_pca_stabilized,raw_pca,raw_pca,14.0,2.6153791806491165,14.507508351927315,0.8945995117523616,24
2024-08-27,rmt_filtered_residual,rmt_filtered,rmt,1.0,2.6153791806491165,14.507508351927315,0.5831003124864034,24
2024-08-27,rmt_filtered_conservative,rmt_filtered,rmt,1.0,2.6153791806491165,14.507508351927315,0.5831003124864034,24
2024-08-28,sector_baseline,baseline,sector,0.0,0.0,0.0,0.8838899956874225,24
2024-08-28,raw_pca_residual,raw_pca,raw_pca,14.0,2.6153791806491165,14.544632721456601,1.1366257021218733,24
2024-08-28,raw_pca_stabilized,raw_pca,raw_pca,14.0,2.6153791806491165,14.544632721456601,1.1366257021218733,24
2024-08-28,rmt_filtered_residual,rmt_filtered,rmt,1.0,2.6153791806491165,14.544632721456601,0.8636142143949804,24
2024-08-28,rmt_filtered_conservative,rmt_filtered,rmt,1.0,2.6153791806491165,14.544632721456601,0.8636142143949804,24
2024-08-29,sector_baseline,baseline,sector,0.0,0.0,0.0,0.8203680639532109,24
2024-08-29,raw_pca_residual,raw_pca,raw_pca,14.0,2.6153791806491165,14.693395748807648,1.0496459782903131,24
2024-08-29,raw_pca_stabilized,raw_pca,raw_pca,14.0,2.6153791806491165,14.693395748807648,1.0496459782903131,24
2024-08-29,rmt_filtered_residual,rmt_filtered,rmt,1.0,2.6153791806491165,14.693395748807648,0.744752540437022,24
2024-08-29,rmt_filtered_conservative,rmt_filtered,rmt,1.0,2.6153791806491165,14.693395748807648,0.744752540437022,24
2024-08-30,sector_baseline,baseline,sector,0.0,0.0,0.0,0.7114442037354297,24
2024-08-30,raw_pca_residual,raw_pca,raw_pca,14.0,2.6153791806491165,14.709936522108393,1.1912642034100853,24
2024-08-30,raw_pca_stabilized,raw_pca,raw_pca,14.0,2.6153791806491165,14.709936522108393,1.1912642034100853,24
2024-08-30,rmt_filtered_residual,rmt_filtered,rmt,1.0,2.6153791806491165,14.709936522108393,0.894681184912911,24
2024-08-30,rmt_filtered_conservative,rmt_filtered,rmt,1.0,2.6153791806491165,14.709936522108393,0.894681184912911,24
2024-09-02,sector_baseline,baseline,sector,0.0,0.0,0.0,0.8211929337999507,24
2024-09-02,raw_pca_residual,raw_pca,raw_pca,14.0,2.6153791806491165,14.66876663870897,0.7613386592592919,24
2024-09-02,raw_pca_stabilized,raw_pca,raw_pca,14.0,2.6153791806491165,14.66876663870897,0.7613386592592919,24
2024-09-02,rmt_filtered_residual,rmt_filtered,rmt,1.0,2.6153791806491165,14.66876663870897,0.839841123173743,24
2024-09-02,rmt_filtered_conservative,rmt_filtered,rmt,1.0,2.6153791806491165,14.66876663870897,0.839841123173743,24
2024-09-03,sector_baseline,baseline,sector,0.0,0.0,0.0,0.7784860143658455,24
2024-09-03,raw_pca_residual,raw_pca,raw_pca,14.0,2.6153791806491165,14.701624947029991,0.7836488324923842,24
2024-09-03,raw_pca_stabilized,raw_pca,raw_pca,14.0,2.6153791806491165,14.701624947029991,0.7836488324923842,24
2024-09-03,rmt_filtered_residual,rmt_filtered,rmt,1.0,2.6153791806491165,14.701624947029991,0.7089094504523169,24
2024-09-03,rmt_filtered_conservative,rmt_filtered,rmt,1.0,2.6153791806491165,14.701624947029991,0.7089094504523169,24
2024-09-04,sector_baseline,baseline,sector,0.0,0.0,0.0,0.8356630438881217,24
2024-09-04,raw_pca_residual,raw_pca,raw_pca,14.0,2.6153791806491165,14.004108993087002,0.7176453145589239,24
2024-09-04,raw_pca_stabilized,raw_pca,raw_pca,14.0,2.6153791806491165,14.004108993087002,0.7176453145589239,24
2024-09-04,rmt_filtered_residual,rmt_filtered,rmt,1.0,2.6153791806491165,14.004108993087002,0.8379405462027208,24
2024-09-04,rmt_filtered_conservative,rmt_filtered,rmt,1.0,2.6153791806491165,14.004108993087002,0.8379405462027208,24
2024-09-05,sector_baseline,baseline,sector,0.0,0.0,0.0,0.7665432127087705,24
2024-09-05,raw_pca_residual,raw_pca,raw_pca,14.0,2.6153791806491165,14.645375170184993,0.5726474868225514,24
2024-09-05,raw_pca_stabilized,raw_pca,raw_pca,14.0,2.6153791806491165,14.645375170184993,0.5726474868225514,24
2024-09-05,rmt_filtered_residual,rmt_filtered,rmt,1.0,2.6153791806491165,14.645375170184993,0.8027911708820786,24
2024-09-05,rmt_filtered_conservative,rmt_filtered,rmt,1.0,2.6153791806491165,14.645375170184993,0.8027911708820786,24
2024-09-06,sector_baseline,baseline,sector,0.0,0.0,0.0,0.7306041222718914,24
2024-09-06,raw_pca_residual,raw_pca,raw_pca,14.0,2.6153791806491165,14.566413012741952,0.9302264646733422,24
2024-09-06,raw_pca_stabilized,raw_pca,raw_pca,14.0,2.6153791806491165,14.566413012741952,0.9302264646733422,24
2024-09-06,rmt_filtered_residual,rmt_filtered,rmt,1.0,2.6153791806491165,14.566413012741952,0.6428901074878929,24
2024-09-06,rmt_filtered_conservative,rmt_filtered,rmt,1.0,2.6153791806491165,14.566413012741952,0.6428901074878929,24
2024-09-09,sector_baseline,baseline,sector,0.0,0.0,0.0,0.8716743845171631,24
2024-09-09,raw_pca_residual,raw_pca,raw_pca,14.0,2.6153791806491165,14.565491246112856,0.47593832876279,24
2024-09-09,raw_pca_stabilized,raw_pca,raw_pca,14.0,2.6153791806491165,14.565491246112856,0.47593832876279,24
2024-09-09,rmt_filtered_residual,rmt_filtered,rmt,1.0,2.6153791806491165,14.565491246112856,0.8881648978655786,24
2024-09-09,rmt_filtered_conservative,rmt_filtered,rmt,1.0,2.6153791806491165,14.565491246112856,0.8881648978655786,24
2024-09-10,sector_baseline,baseline,sector,0.0,0.0,0.0,0.7568772302191212,24
2024-09-10,raw_pca_residual,raw_pca,raw_pca,14.0,2.6153791806491165,14.0420720523042,1.018331615903947,24
2024-09-10,raw_pca_stabilized,raw_pca,raw_pca,14.0,2.6153791806491165,14.0420720523042,1.018331615903947,24
2024-09-10,rmt_filtered_residual,rmt_filtered,rmt,1.0,2.6153791806491165,14.0420720523042,0.6660930423505996,24
2024-09-10,rmt_filtered_conservative,rmt_filtered,rmt,1.0,2.6153791806491165,14.0420720523042,0.6660930423505996,24
2024-09-11,sector_baseline,baseline,sector,0.0,0.0,0.0,0.6732174686501201,24
2024-09-11,raw_pca_residual,raw_pca,raw_pca,14.0,2.6153791806491165,14.132076468455164,0.7468020578796845,24
2024-09-11,raw_pca_stabilized,raw_pca,raw_pca,14.0,2.6153791806491165,14.132076468455164,0.7468020578796845,24
2024-09-11,rmt_filtered_residual,rmt_filtered,rmt,1.0,2.6153791806491165,14.132076468455164,0.7021861825719964,24
2024-09-11,rmt_filtered_conservative,rmt_filtered,rmt,1.0,2.6153791806491165,14.132076468455164,0.7021861825719964,24
2024-09-12,sector_baseline,baseline,sector,0.0,0.0,0.0,0.7317724603945255,24
2024-09-12,raw_pca_residual,raw_pca,raw_pca,14.0,2.6153791806491165,13.790415252304047,0.9628260626998092,24
2024-09-12,raw_pca_stabilized,raw_pca,raw_pca,14.0,2.6153791806491165,13.790415252304047,0.9628260626998092,24
2024-09-12,rmt_filtered_residual,rmt_filtered,rmt,1.0,2.6153791806491165,13.790415252304047,0.6793001077368882,24
2024-09-12,rmt_filtered_conservative,rmt_filtered,rmt,1.0,2.6153791806491165,13.790415252304047,0.6793001077368882,24
2024-09-13,sector_baseline,baseline,sector,0.0,0.0,0.0,0.7257229930981083,24
2024-09-13,raw_pca_residual,raw_pca,raw_pca,14.0,2.6153791806491165,13.550613451798641,0.8261884949171932,24
2024-09-13,raw_pca_stabilized,raw_pca,raw_pca,14.0,2.6153791806491165,13.550613451798641,0.8261884949171932,24
2024-09-13,rmt_filtered_residual,rmt_filtered,rmt,1.0,2.6153791806491165,13.550613451798641,0.7581482536819545,24
2024-09-13,rmt_filtered_conservative,rmt_filtered,rmt,1.0,2.6153791806491165,13.550613451798641,0.7581482536819545,24
2024-09-16,sector_baseline,baseline,sector,0.0,0.0,0.0,0.694584091567906,24
2024-09-16,raw_pca_residual,raw_pca,raw_pca,14.0,2.6153791806491165,13.890176691979907,0.6516332002090685,24
2024-09-16,raw_pca_stabilized,raw_pca,raw_pca,14.0,2.6153791806491165,13.890176691979907,0.6516332002090685,24
2024-09-16,rmt_filtered_residual,rmt_filtered,rmt,1.0,2.6153791806491165,13.890176691979907,0.692773482747465,24
2024-09-16,rmt_filtered_conservative,rmt_filtered,rmt,1.0,2.6153791806491165,13.890176691979907,0.692773482747465,24
2024-09-17,sector_baseline,baseline,sector,0.0,0.0,0.0,0.6094308410792535,24
2024-09-17,raw_pca_residual,raw_pca,raw_pca,14.0,2.6153791806491165,14.00622210784915,0.7914630264933935,24
2024-09-17,raw_pca_stabilized,raw_pca,raw_pca,14.0,2.6153791806491165,14.00622210784915,0.7914630264933935,24
2024-09-17,rmt_filtered_residual,rmt_filtered,rmt,1.0,2.6153791806491165,14.00622210784915,0.6437602167626197,24
2024-09-17,rmt_filtered_conservative,rmt_filtered,rmt,1.0,2.6153791806491165,14.00622210784915,0.6437602167626197,24
2024-09-18,sector_baseline,baseline,sector,0.0,0.0,0.0,0.7725432281182881,24
2024-09-18,raw_pca_residual,raw_pca,raw_pca,14.0,2.6153791806491165,14.040903234828052,1.0038288602181151,24
2024-09-18,raw_pca_stabilized,raw_pca,raw_pca,14.0,2.6153791806491165,14.040903234828052,1.0038288602181151,24
2024-09-18,rmt_filtered_residual,rmt_filtered,rmt,1.0,2.6153791806491165,14.040903234828052,0.74581020935342,24
2024-09-18,rmt_filtered_conservative,rmt_filtered,rmt,1.0,2.6153791806491165,14.040903234828052,0.74581020935342,24
2024-09-19,sector_baseline,baseline,sector,0.0,0.0,0.0,0.785588009418805,24
2024-09-19,raw_pca_residual,raw_pca,raw_pca,14.0,2.6153791806491165,14.121617770873605,1.0670597304871317,24
2024-09-19,raw_pca_stabilized,raw_pca,raw_pca,14.0,2.6153791806491165,14.121617770873605,1.0670597304871317,24
2024-09-19,rmt_filtered_residual,rmt_filtered,rmt,1.0,2.6153791806491165,14.121617770873605,0.7998688138056695,24
2024-09-19,rmt_filtered_conservative,rmt_filtered,rmt,1.0,2.6153791806491165,14.121617770873605,0.7998688138056695,24
2024-09-20,sector_baseline,baseline,sector,0.0,0.0,0.0,1.0690124940851957,24
2024-09-20,raw_pca_residual,raw_pca,raw_pca,14.0,2.6153791806491165,14.630221890002428,1.2013370425412762,24
2024-09-20,raw_pca_stabilized,raw_pca,raw_pca,14.0,2.6153791806491165,14.630221890002428,1.2013370425412762,24
2024-09-20,rmt_filtered_residual,rmt_filtered,rmt,1.0,2.6153791806491165,14.630221890002428,0.996315483268705,24
2024-09-20,rmt_filtered_conservative,rmt_filtered,rmt,1.0,2.6153791806491165,14.630221890002428,0.996315483268705,24
2024-09-23,sector_baseline,baseline,sector,0.0,0.0,0.0,0.9954559356841838,24
2024-09-23,raw_pca_residual,raw_pca,raw_pca,14.0,2.6153791806491165,14.606254408268935,0.7889188219146496,24
2024-09-23,raw_pca_stabilized,raw_pca,raw_pca,14.0,2.6153791806491165,14.606254408268935,0.7889188219146496,24
2024-09-23,rmt_filtered_residual,rmt_filtered,rmt,1.0,2.6153791806491165,14.606254408268935,1.1718358838547116,24
2024-09-23,rmt_filtered_conservative,rmt_filtered,rmt,1.0,2.6153791806491165,14.606254408268935,1.1718358838547116,24
2024-09-24,sector_baseline,baseline,sector,0.0,0.0,0.0,0.9312533670883543,24
2024-09-24,raw_pca_residual,raw_pca,raw_pca,14.0,2.6153791806491165,14.983380395359047,0.627124951993395,24
2024-09-24,raw_pca_stabilized,raw_pca,raw_pca,14.0,2.6153791806491165,14.983380395359047,0.627124951993395,24
2024-09-24,rmt_filtered_residual,rmt_filtered,rmt,1.0,2.6153791806491165,14.983380395359047,0.8237043923676769,24
2024-09-24,rmt_filtered_conservative,rmt_filtered,rmt,1.0,2.6153791806491165,14.983380395359047,0.8237043923676769,24
2024-09-25,sector_baseline,baseline,sector,0.0,0.0,0.0,0.9836930907714221,24
2024-09-25,raw_pca_residual,raw_pca,raw_pca,14.0,2.6153791806491165,14.933780550829065,0.6649543720290884,24
2024-09-25,raw_pca_stabilized,raw_pca,raw_pca,14.0,2.6153791806491165,14.933780550829065,0.6649543720290884,24
2024-09-25,rmt_filtered_residual,rmt_filtered,rmt,1.0,2.6153791806491165,14.933780550829065,1.0287269584097423,24
2024-09-25,rmt_filtered_conservative,rmt_filtered,rmt,1.0,2.6153791806491165,14.933780550829065,1.0287269584097423,24
2024-09-26,sector_baseline,baseline,sector,0.0,0.0,0.0,0.7511923805251911,24
2024-09-26,raw_pca_residual,raw_pca,raw_pca,14.0,2.6153791806491165,14.976212129667712,0.6147282947658879,24
2024-09-26,raw_pca_stabilized,raw_pca,raw_pca,14.0,2.6153791806491165,14.976212129667712,0.6147282947658879,24
2024-09-26,rmt_filtered_residual,rmt_filtered,rmt,1.0,2.6153791806491165,14.976212129667712,0.9040777631457134,24
2024-09-26,rmt_filtered_conservative,rmt_filtered,rmt,1.0,2.6153791806491165,14.976212129667712,0.9040777631457134,24
2024-09-27,sector_baseline,baseline,sector,0.0,0.0,0.0,0.752271735711831,24
2024-09-27,raw_pca_residual,raw_pca,raw_pca,14.0,2.6153791806491165,14.871359326432918,1.1957743155734357,24
2024-09-27,raw_pca_stabilized,raw_pca,raw_pca,14.0,2.6153791806491165,14.871359326432918,1.1957743155734357,24
2024-09-27,rmt_filtered_residual,rmt_filtered,rmt,1.0,2.6153791806491165,14.871359326432918,0.8414397810497288,24
2024-09-27,rmt_filtered_conservative,rmt_filtered,rmt,1.0,2.6153791806491165,14.871359326432918,0.8414397810497288,24
2024-09-30,sector_baseline,baseline,sector,0.0,0.0,0.0,0.9485551587190528,24
2024-09-30,raw_pca_residual,raw_pca,raw_pca,14.0,2.6153791806491165,14.970503022240623,0.7817116042216963,24
2024-09-30,raw_pca_stabilized,raw_pca,raw_pca,14.0,2.6153791806491165,14.970503022240623,0.7817116042216963,24
2024-09-30,rmt_filtered_residual,rmt_filtered,rmt,1.0,2.6153791806491165,14.970503022240623,0.9940876069622303,24
2024-09-30,rmt_filtered_conservative,rmt_filtered,rmt,1.0,2.6153791806491165,14.970503022240623,0.9940876069622303,24
2024-10-01,sector_baseline,baseline,sector,0.0,0.0,0.0,1.0054814521642579,24
2024-10-01,raw_pca_residual,raw_pca,raw_pca,14.0,2.6153791806491165,15.187306833697686,0.875542919685366,24
2024-10-01,raw_pca_stabilized,raw_pca,raw_pca,14.0,2.6153791806491165,15.187306833697686,0.875542919685366,24
2024-10-01,rmt_filtered_residual,rmt_filtered,rmt,1.0,2.6153791806491165,15.187306833697686,0.9310353099435978,24
2024-10-01,rmt_filtered_conservative,rmt_filtered,rmt,1.0,2.6153791806491165,15.187306833697686,0.9310353099435978,24
2024-10-02,sector_baseline,baseline,sector,0.0,0.0,0.0,1.008510182464127,24
2024-10-02,raw_pca_residual,raw_pca,raw_pca,14.0,2.6153791806491165,15.160234509173995,0.7492414977529266,24
2024-10-02,raw_pca_stabilized,raw_pca,raw_pca,14.0,2.6153791806491165,15.160234509173995,0.7492414977529266,24
2024-10-02,rmt_filtered_residual,rmt_filtered,rmt,1.0,2.6153791806491165,15.160234509173995,0.9682369690402375,24
2024-10-02,rmt_filtered_conservative,rmt_filtered,rmt,1.0,2.6153791806491165,15.160234509173995,0.9682369690402375,24
2024-10-03,sector_baseline,baseline,sector,0.0,0.0,0.0,0.736322715144586,24
2024-10-03,raw_pca_residual,raw_pca,raw_pca,14.0,2.6153791806491165,15.340130692514212,0.7086685680146799,24
2024-10-03,raw_pca_stabilized,raw_pca,raw_pca,14.0,2.6153791806491165,15.340130692514212,0.7086685680146799,24
2024-10-03,rmt_filtered_residual,rmt_filtered,rmt,1.0,2.6153791806491165,15.340130692514212,0.6588901698126907,24
2024-10-03,rmt_filtered_conservative,rmt_filtered,rmt,1.0,2.6153791806491165,15.340130692514212,0.6588901698126907,24
2024-10-04,sector_baseline,baseline,sector,0.0,0.0,0.0,0.8161271232080761,24
2024-10-04,raw_pca_residual,raw_pca,raw_pca,14.0,2.6153791806491165,15.426767409268674,1.0656964226715664,24
2024-10-04,raw_pca_stabilized,raw_pca,raw_pca,14.0,2.6153791806491165,15.426767409268674,1.0656964226715664,24
2024-10-04,rmt_filtered_residual,rmt_filtered,rmt,1.0,2.6153791806491165,15.426767409268674,0.8846526952802566,24
2024-10-04,rmt_filtered_conservative,rmt_filtered,rmt,1.0,2.6153791806491165,15.426767409268674,0.8846526952802566,24
2024-10-07,sector_baseline,baseline,sector,0.0,0.0,0.0,0.7574095237911488,24
2024-10-07,raw_pca_residual,raw_pca,raw_pca,14.0,2.6153791806491165,15.415566805508858,0.959952565330456,24
2024-10-07,raw_pca_stabilized,raw_pca,raw_pca,14.0,2.6153791806491165,15.415566805508858,0.959952565330456,24
2024-10-07,rmt_filtered_residual,rmt_filtered,rmt,1.0,2.6153791806491165,15.415566805508858,0.6961428055058771,24
2024-10-07,rmt_filtered_conservative,rmt_filtered,rmt,1.0,2.6153791806491165,15.415566805508858,0.6961428055058771,24
2024-10-08,sector_baseline,baseline,sector,0.0,0.0,0.0,0.7206314121594252,24
2024-10-08,raw_pca_residual,raw_pca,raw_pca,14.0,2.6153791806491165,15.54296362028384,0.9580978100219099,24
2024-10-08,raw_pca_stabilized,raw_pca,raw_pca,14.0,2.6153791806491165,15.54296362028384,0.9580978100219099,24
2024-10-08,rmt_filtered_residual,rmt_filtered,rmt,1.0,2.6153791806491165,15.54296362028384,0.7531570732869363,24
2024-10-08,rmt_filtered_conservative,rmt_filtered,rmt,1.0,2.6153791806491165,15.54296362028384,0.7531570732869363,24
2024-10-09,sector_baseline,baseline,sector,0.0,0.0,0.0,0.6749737385679411,24
2024-10-09,raw_pca_residual,raw_pca,raw_pca,14.0,2.6153791806491165,15.538547689799314,1.2030713369464798,24
2024-10-09,raw_pca_stabilized,raw_pca,raw_pca,14.0,2.6153791806491165,15.538547689799314,1.2030713369464798,24
2024-10-09,rmt_filtered_residual,rmt_filtered,rmt,1.0,2.6153791806491165,15.538547689799314,0.6448211608683856,24
2024-10-09,rmt_filtered_conservative,rmt_filtered,rmt,1.0,2.6153791806491165,15.538547689799314,0.6448211608683856,24
2024-10-10,sector_baseline,baseline,sector,0.0,0.0,0.0,0.8262493582012832,24
2024-10-10,raw_pca_residual,raw_pca,raw_pca,14.0,2.6153791806491165,15.510527368978481,0.5500542074954972,24
2024-10-10,raw_pca_stabilized,raw_pca,raw_pca,14.0,2.6153791806491165,15.510527368978481,0.5500542074954972,24
2024-10-10,rmt_filtered_residual,rmt_filtered,rmt,1.0,2.6153791806491165,15.510527368978481,0.9391646180090936,24
2024-10-10,rmt_filtered_conservative,rmt_filtered,rmt,1.0,2.6153791806491165,15.510527368978481,0.9391646180090936,24
2024-10-11,sector_baseline,baseline,sector,0.0,0.0,0.0,0.7056895154781699,24
2024-10-11,raw_pca_residual,raw_pca,raw_pca,14.0,2.6153791806491165,15.56632617929018,0.6456707807451713,24
2024-10-11,raw_pca_stabilized,raw_pca,raw_pca,14.0,2.6153791806491165,15.56632617929018,0.6456707807451713,24
2024-10-11,rmt_filtered_residual,rmt_filtered,rmt,1.0,2.6153791806491165,15.56632617929018,0.6167246192126947,24
2024-10-11,rmt_filtered_conservative,rmt_filtered,rmt,1.0,2.6153791806491165,15.56632617929018,0.6167246192126947,24
2024-10-14,sector_baseline,baseline,sector,0.0,0.0,0.0,0.9413284547650568,24
2024-10-14,raw_pca_residual,raw_pca,raw_pca,14.0,2.6153791806491165,15.56732479670433,0.549664828682156,24
2024-10-14,raw_pca_stabilized,raw_pca,raw_pca,14.0,2.6153791806491165,15.56732479670433,0.549664828682156,24
2024-10-14,rmt_filtered_residual,rmt_filtered,rmt,1.0,2.6153791806491165,15.56732479670433,0.9911486731214345,24
2024-10-14,rmt_filtered_conservative,rmt_filtered,rmt,1.0,2.6153791806491165,15.56732479670433,0.9911486731214345,24
2024-10-15,sector_baseline,baseline,sector,0.0,0.0,0.0,0.7368922659129646,24
2024-10-15,raw_pca_residual,raw_pca,raw_pca,14.0,2.6153791806491165,15.670742646440834,0.9263061653783495,24
2024-10-15,raw_pca_stabilized,raw_pca,raw_pca,14.0,2.6153791806491165,15.670742646440834,0.9263061653783495,24
2024-10-15,rmt_filtered_residual,rmt_filtered,rmt,1.0,2.6153791806491165,15.670742646440834,0.6812181552746656,24
2024-10-15,rmt_filtered_conservative,rmt_filtered,rmt,1.0,2.6153791806491165,15.670742646440834,0.6812181552746656,24
2024-10-16,sector_baseline,baseline,sector,0.0,0.0,0.0,0.9569113779596335,24
2024-10-16,raw_pca_residual,raw_pca,raw_pca,14.0,2.6153791806491165,15.55553521498067,1.0063738492230403,24
2024-10-16,raw_pca_stabilized,raw_pca,raw_pca,14.0,2.6153791806491165,15.55553521498067,1.0063738492230403,24
2024-10-16,rmt_filtered_residual,rmt_filtered,rmt,1.0,2.6153791806491165,15.55553521498067,0.8984337864884889,24
2024-10-16,rmt_filtered_conservative,rmt_filtered,rmt,1.0,2.6153791806491165,15.55553521498067,0.8984337864884889,24
2024-10-17,sector_baseline,baseline,sector,0.0,0.0,0.0,0.560757754143105,24
2024-10-17,raw_pca_residual,raw_pca,raw_pca,14.0,2.6153791806491165,15.602980219745644,0.7687639919352938,24
2024-10-17,raw_pca_stabilized,raw_pca,raw_pca,14.0,2.6153791806491165,15.602980219745644,0.7687639919352938,24
2024-10-17,rmt_filtered_residual,rmt_filtered,rmt,1.0,2.6153791806491165,15.602980219745644,0.5342563006463656,24
2024-10-17,rmt_filtered_conservative,rmt_filtered,rmt,1.0,2.6153791806491165,15.602980219745644,0.5342563006463656,24
2024-10-18,sector_baseline,baseline,sector,0.0,0.0,0.0,0.5276722306371069,24
2024-10-18,raw_pca_residual,raw_pca,raw_pca,14.0,2.6153791806491165,15.621163210516231,0.6167557857858753,24
2024-10-18,raw_pca_stabilized,raw_pca,raw_pca,14.0,2.6153791806491165,15.621163210516231,0.6167557857858753,24
2024-10-18,rmt_filtered_residual,rmt_filtered,rmt,1.0,2.6153791806491165,15.621163210516231,0.6119633285778772,24
2024-10-18,rmt_filtered_conservative,rmt_filtered,rmt,1.0,2.6153791806491165,15.621163210516231,0.6119633285778772,24
2024-10-21,sector_baseline,baseline,sector,0.0,0.0,0.0,0.8220135087659326,24
2024-10-21,raw_pca_residual,raw_pca,raw_pca,14.0,2.6153791806491165,15.655498956461328,0.8615774814020748,24
2024-10-21,raw_pca_stabilized,raw_pca,raw_pca,14.0,2.6153791806491165,15.655498956461328,0.8615774814020748,24
2024-10-21,rmt_filtered_residual,rmt_filtered,rmt,1.0,2.6153791806491165,15.655498956461328,0.8961042625575487,24
2024-10-21,rmt_filtered_conservative,rmt_filtered,rmt,1.0,2.6153791806491165,15.655498956461328,0.8961042625575487,24
2024-10-22,sector_baseline,baseline,sector,0.0,0.0,0.0,0.7785334545725897,24
2024-10-22,raw_pca_residual,raw_pca,raw_pca,14.0,2.6153791806491165,15.638563687946958,0.9164839038812757,24
2024-10-22,raw_pca_stabilized,raw_pca,raw_pca,14.0,2.6153791806491165,15.638563687946958,0.9164839038812757,24
2024-10-22,rmt_filtered_residual,rmt_filtered,rmt,1.0,2.6153791806491165,15.638563687946958,0.818191323654724,24
2024-10-22,rmt_filtered_conservative,rmt_filtered,rmt,1.0,2.6153791806491165,15.638563687946958,0.818191323654724,24
2024-10-23,sector_baseline,baseline,sector,0.0,0.0,0.0,0.7769096773826701,24
2024-10-23,raw_pca_residual,raw_pca,raw_pca,14.0,2.6153791806491165,15.694728906675453,0.6762279652326572,24
2024-10-23,raw_pca_stabilized,raw_pca,raw_pca,14.0,2.6153791806491165,15.694728906675453,0.6762279652326572,24
2024-10-23,rmt_filtered_residual,rmt_filtered,rmt,1.0,2.6153791806491165,15.694728906675453,0.6723350750662632,24
2024-10-23,rmt_filtered_conservative,rmt_filtered,rmt,1.0,2.6153791806491165,15.694728906675453,0.6723350750662632,24
2024-10-24,sector_baseline,baseline,sector,0.0,0.0,0.0,0.953685782787352,24
2024-10-24,raw_pca_residual,raw_pca,raw_pca,14.0,2.6153791806491165,15.62399066166695,0.5031748967035841,24
2024-10-24,raw_pca_stabilized,raw_pca,raw_pca,14.0,2.6153791806491165,15.62399066166695,0.5031748967035841,24
2024-10-24,rmt_filtered_residual,rmt_filtered,rmt,1.0,2.6153791806491165,15.62399066166695,1.0863838390834555,24
2024-10-24,rmt_filtered_conservative,rmt_filtered,rmt,1.0,2.6153791806491165,15.62399066166695,1.0863838390834555,24
2024-10-25,sector_baseline,baseline,sector,0.0,0.0,0.0,0.796693465716588,24
2024-10-25,raw_pca_residual,raw_pca,raw_pca,14.0,2.6153791806491165,15.713586456218003,0.7980187475724819,24
2024-10-25,raw_pca_stabilized,raw_pca,raw_pca,14.0,2.6153791806491165,15.713586456218003,0.7980187475724819,24
2024-10-25,rmt_filtered_residual,rmt_filtered,rmt,1.0,2.6153791806491165,15.713586456218003,0.9611032556465963,24
2024-10-25,rmt_filtered_conservative,rmt_filtered,rmt,1.0,2.6153791806491165,15.713586456218003,0.9611032556465963,24
2024-10-28,sector_baseline,baseline,sector,0.0,0.0,0.0,0.717368332415067,24
2024-10-28,raw_pca_residual,raw_pca,raw_pca,14.0,2.6153791806491165,15.713455530015,0.5174121033524415,24
2024-10-28,raw_pca_stabilized,raw_pca,raw_pca,14.0,2.6153791806491165,15.713455530015,0.5174121033524415,24
2024-10-28,rmt_filtered_residual,rmt_filtered,rmt,1.0,2.6153791806491165,15.713455530015,0.7447843730338631,24
2024-10-28,rmt_filtered_conservative,rmt_filtered,rmt,1.0,2.6153791806491165,15.713455530015,0.7447843730338631,24
2024-10-29,sector_baseline,baseline,sector,0.0,0.0,0.0,0.7332928338997675,24
2024-10-29,raw_pca_residual,raw_pca,raw_pca,14.0,2.6153791806491165,15.695378532614022,0.6856466270698217,24
2024-10-29,raw_pca_stabilized,raw_pca,raw_pca,14.0,2.6153791806491165,15.695378532614022,0.6856466270698217,24
2024-10-29,rmt_filtered_residual,rmt_filtered,rmt,1.0,2.6153791806491165,15.695378532614022,0.7916173513007217,24
2024-10-29,rmt_filtered_conservative,rmt_filtered,rmt,1.0,2.6153791806491165,15.695378532614022,0.7916173513007217,24
2024-10-30,sector_baseline,baseline,sector,0.0,0.0,0.0,0.9470317988708489,24
2024-10-30,raw_pca_residual,raw_pca,raw_pca,14.0,2.6153791806491165,15.814895434370577,0.9779091666083488,24
2024-10-30,raw_pca_stabilized,raw_pca,raw_pca,14.0,2.6153791806491165,15.814895434370577,0.9779091666083488,24
2024-10-30,rmt_filtered_residual,rmt_filtered,rmt,1.0,2.6153791806491165,15.814895434370577,0.8496582052381606,24
2024-10-30,rmt_filtered_conservative,rmt_filtered,rmt,1.0,2.6153791806491165,15.814895434370577,0.8496582052381606,24
2024-10-31,sector_baseline,baseline,sector,0.0,0.0,0.0,0.8159131822149654,24
2024-10-31,raw_pca_residual,raw_pca,raw_pca,14.0,2.6153791806491165,15.788917974578476,0.9060956073446466,24
2024-10-31,raw_pca_stabilized,raw_pca,raw_pca,14.0,2.6153791806491165,15.788917974578476,0.9060956073446466,24
2024-10-31,rmt_filtered_residual,rmt_filtered,rmt,1.0,2.6153791806491165,15.788917974578476,0.7973357625701573,24
2024-10-31,rmt_filtered_conservative,rmt_filtered,rmt,1.0,2.6153791806491165,15.788917974578476,0.7973357625701573,24
2024-11-01,sector_baseline,baseline,sector,0.0,0.0,0.0,0.919428530625103,24
2024-11-01,raw_pca_residual,raw_pca,raw_pca,14.0,2.6153791806491165,15.467168912471973,0.6000323658198775,24
2024-11-01,raw_pca_stabilized,raw_pca,raw_pca,14.0,2.6153791806491165,15.467168912471973,0.6000323658198775,24
2024-11-01,rmt_filtered_residual,rmt_filtered,rmt,1.0,2.6153791806491165,15.467168912471973,0.9086455169850919,24
2024-11-01,rmt_filtered_conservative,rmt_filtered,rmt,1.0,2.6153791806491165,15.467168912471973,0.9086455169850919,24
2024-11-04,sector_baseline,baseline,sector,0.0,0.0,0.0,0.6722241990749241,24
2024-11-04,raw_pca_residual,raw_pca,raw_pca,14.0,2.6153791806491165,15.475094702474768,0.8161190992032249,24
2024-11-04,raw_pca_stabilized,raw_pca,raw_pca,14.0,2.6153791806491165,15.475094702474768,0.8161190992032249,24
2024-11-04,rmt_filtered_residual,rmt_filtered,rmt,1.0,2.6153791806491165,15.475094702474768,0.7822600648711754,24
2024-11-04,rmt_filtered_conservative,rmt_filtered,rmt,1.0,2.6153791806491165,15.475094702474768,0.7822600648711754,24
2024-11-05,sector_baseline,baseline,sector,0.0,0.0,0.0,0.9391013126227286,24
2024-11-05,raw_pca_residual,raw_pca,raw_pca,14.0,2.6153791806491165,15.449431719970095,0.9410501194831248,24
2024-11-05,raw_pca_stabilized,raw_pca,raw_pca,14.0,2.6153791806491165,15.449431719970095,0.9410501194831248,24
2024-11-05,rmt_filtered_residual,rmt_filtered,rmt,1.0,2.6153791806491165,15.449431719970095,0.9706573516717105,24
2024-11-05,rmt_filtered_conservative,rmt_filtered,rmt,1.0,2.6153791806491165,15.449431719970095,0.9706573516717105,24
2024-11-06,sector_baseline,baseline,sector,0.0,0.0,0.0,0.7714314002359246,24
2024-11-06,raw_pca_residual,raw_pca,raw_pca,14.0,2.6153791806491165,15.486283407568699,0.953726303300556,24
2024-11-06,raw_pca_stabilized,raw_pca,raw_pca,14.0,2.6153791806491165,15.486283407568699,0.953726303300556,24
2024-11-06,rmt_filtered_residual,rmt_filtered,rmt,1.0,2.6153791806491165,15.486283407568699,0.7696269898265169,24
2024-11-06,rmt_filtered_conservative,rmt_filtered,rmt,1.0,2.6153791806491165,15.486283407568699,0.7696269898265169,24
2024-11-07,sector_baseline,baseline,sector,0.0,0.0,0.0,0.733024755102611,24
2024-11-07,raw_pca_residual,raw_pca,raw_pca,14.0,2.6153791806491165,15.517837469669763,0.96775112607456,24
2024-11-07,raw_pca_stabilized,raw_pca,raw_pca,14.0,2.6153791806491165,15.517837469669763,0.96775112607456,24
2024-11-07,rmt_filtered_residual,rmt_filtered,rmt,1.0,2.6153791806491165,15.517837469669763,0.6877206428622619,24
2024-11-07,rmt_filtered_conservative,rmt_filtered,rmt,1.0,2.6153791806491165,15.517837469669763,0.6877206428622619,24
2024-11-08,sector_baseline,baseline,sector,0.0,0.0,0.0,1.1191491019854467,24
2024-11-08,raw_pca_residual,raw_pca,raw_pca,14.0,2.6153791806491165,15.595202894255603,0.6772513598346487,24
2024-11-08,raw_pca_stabilized,raw_pca,raw_pca,14.0,2.6153791806491165,15.595202894255603,0.6772513598346487,24
2024-11-08,rmt_filtered_residual,rmt_filtered,rmt,1.0,2.6153791806491165,15.595202894255603,0.952587597696357,24
2024-11-08,rmt_filtered_conservative,rmt_filtered,rmt,1.0,2.6153791806491165,15.595202894255603,0.952587597696357,24
2024-11-11,sector_baseline,baseline,sector,0.0,0.0,0.0,0.9232613847427306,24
2024-11-11,raw_pca_residual,raw_pca,raw_pca,14.0,2.6153791806491165,15.379370749222243,1.0267502328091513,24
2024-11-11,raw_pca_stabilized,raw_pca,raw_pca,14.0,2.6153791806491165,15.379370749222243,1.0267502328091513,24
2024-11-11,rmt_filtered_residual,rmt_filtered,rmt,1.0,2.6153791806491165,15.379370749222243,0.8907715807935404,24
2024-11-11,rmt_filtered_conservative,rmt_filtered,rmt,1.0,2.6153791806491165,15.379370749222243,0.8907715807935404,24
2024-11-12,sector_baseline,baseline,sector,0.0,0.0,0.0,0.7735132125348024,24
2024-11-12,raw_pca_residual,raw_pca,raw_pca,14.0,2.6153791806491165,15.078905132919287,0.9216889630928061,24
2024-11-12,raw_pca_stabilized,raw_pca,raw_pca,14.0,2.6153791806491165,15.078905132919287,0.9216889630928061,24
2024-11-12,rmt_filtered_residual,rmt_filtered,rmt,1.0,2.6153791806491165,15.078905132919287,0.9115039923093384,24
2024-11-12,rmt_filtered_conservative,rmt_filtered,rmt,1.0,2.6153791806491165,15.078905132919287,0.9115039923093384,24
2024-11-13,sector_baseline,baseline,sector,0.0,0.0,0.0,0.847911668788171,24
2024-11-13,raw_pca_residual,raw_pca,raw_pca,14.0,2.6153791806491165,15.042041178151388,0.6085395301708711,24
2024-11-13,raw_pca_stabilized,raw_pca,raw_pca,14.0,2.6153791806491165,15.042041178151388,0.6085395301708711,24
2024-11-13,rmt_filtered_residual,rmt_filtered,rmt,1.0,2.6153791806491165,15.042041178151388,0.8618162239621193,24
2024-11-13,rmt_filtered_conservative,rmt_filtered,rmt,1.0,2.6153791806491165,15.042041178151388,0.8618162239621193,24
2024-11-14,sector_baseline,baseline,sector,0.0,0.0,0.0,0.9083617549513706,24
2024-11-14,raw_pca_residual,raw_pca,raw_pca,14.0,2.6153791806491165,15.024988152717102,1.0629889119268012,24
2024-11-14,raw_pca_stabilized,raw_pca,raw_pca,14.0,2.6153791806491165,15.024988152717102,1.0629889119268012,24
2024-11-14,rmt_filtered_residual,rmt_filtered,rmt,1.0,2.6153791806491165,15.024988152717102,0.8136338510518909,24
2024-11-14,rmt_filtered_conservative,rmt_filtered,rmt,1.0,2.6153791806491165,15.024988152717102,0.8136338510518909,24
2024-11-15,sector_baseline,baseline,sector,0.0,0.0,0.0,0.7165909527315368,24
2024-11-15,raw_pca_residual,raw_pca,raw_pca,14.0,2.6153791806491165,15.03516175311732,0.797452645316311,24
2024-11-15,raw_pca_stabilized,raw_pca,raw_pca,14.0,2.6153791806491165,15.03516175311732,0.797452645316311,24
2024-11-15,rmt_filtered_residual,rmt_filtered,rmt,1.0,2.6153791806491165,15.03516175311732,0.8024438957017863,24
2024-11-15,rmt_filtered_conservative,rmt_filtered,rmt,1.0,2.6153791806491165,15.03516175311732,0.8024438957017863,24
2024-11-18,sector_baseline,baseline,sector,0.0,0.0,0.0,0.803283146862591,24
2024-11-18,raw_pca_residual,raw_pca,raw_pca,14.0,2.6153791806491165,14.853963368337187,0.9917400345101607,24
2024-11-18,raw_pca_stabilized,raw_pca,raw_pca,14.0,2.6153791806491165,14.853963368337187,0.9917400345101607,24
2024-11-18,rmt_filtered_residual,rmt_filtered,rmt,1.0,2.6153791806491165,14.853963368337187,0.7506895772760949,24
2024-11-18,rmt_filtered_conservative,rmt_filtered,rmt,1.0,2.6153791806491165,14.853963368337187,0.7506895772760949,24
2024-11-19,sector_baseline,baseline,sector,0.0,0.0,0.0,0.8521863918597088,24
2024-11-19,raw_pca_residual,raw_pca,raw_pca,14.0,2.6153791806491165,14.633932911187214,0.43046555546966125,24
2024-11-19,raw_pca_stabilized,raw_pca,raw_pca,14.0,2.6153791806491165,14.633932911187214,0.43046555546966125,24
2024-11-19,rmt_filtered_residual,rmt_filtered,rmt,1.0,2.6153791806491165,14.633932911187214,0.8164896213336941,24
2024-11-19,rmt_filtered_conservative,rmt_filtered,rmt,1.0,2.6153791806491165,14.633932911187214,0.8164896213336941,24
2024-11-20,sector_baseline,baseline,sector,0.0,0.0,0.0,0.6774940579746533,24
2024-11-20,raw_pca_residual,raw_pca,raw_pca,14.0,2.6153791806491165,14.787064384214442,0.9187490909507764,24
2024-11-20,raw_pca_stabilized,raw_pca,raw_pca,14.0,2.6153791806491165,14.787064384214442,0.9187490909507764,24
2024-11-20,rmt_filtered_residual,rmt_filtered,rmt,1.0,2.6153791806491165,14.787064384214442,0.7329145588967333,24
2024-11-20,rmt_filtered_conservative,rmt_filtered,rmt,1.0,2.6153791806491165,14.787064384214442,0.7329145588967333,24
2024-11-21,sector_baseline,baseline,sector,0.0,0.0,0.0,0.9987371440615306,24
2024-11-21,raw_pca_residual,raw_pca,raw_pca,14.0,2.6153791806491165,15.060020048461785,0.7853014577017935,24
2024-11-21,raw_pca_stabilized,raw_pca,raw_pca,14.0,2.6153791806491165,15.060020048461785,0.7853014577017935,24
2024-11-21,rmt_filtered_residual,rmt_filtered,rmt,1.0,2.6153791806491165,15.060020048461785,0.9140336772738623,24
2024-11-21,rmt_filtered_conservative,rmt_filtered,rmt,1.0,2.6153791806491165,15.060020048461785,0.9140336772738623,24
2024-11-22,sector_baseline,baseline,sector,0.0,0.0,0.0,0.8076121270649356,24
2024-11-22,raw_pca_residual,raw_pca,raw_pca,14.0,2.6153791806491165,15.01759383247485,0.8589324134416527,24
2024-11-22,raw_pca_stabilized,raw_pca,raw_pca,14.0,2.6153791806491165,15.01759383247485,0.8589324134416527,24
2024-11-22,rmt_filtered_residual,rmt_filtered,rmt,1.0,2.6153791806491165,15.01759383247485,0.7765389649524342,24
2024-11-22,rmt_filtered_conservative,rmt_filtered,rmt,1.0,2.6153791806491165,15.01759383247485,0.7765389649524342,24
2024-11-25,sector_baseline,baseline,sector,0.0,0.0,0.0,0.5386670755864883,24
2024-11-25,raw_pca_residual,raw_pca,raw_pca,14.0,2.6153791806491165,15.019728716072985,0.858834478591676,24
2024-11-25,raw_pca_stabilized,raw_pca,raw_pca,14.0,2.6153791806491165,15.019728716072985,0.858834478591676,24
2024-11-25,rmt_filtered_residual,rmt_filtered,rmt,1.0,2.6153791806491165,15.019728716072985,0.6578089391408476,24
2024-11-25,rmt_filtered_conservative,rmt_filtered,rmt,1.0,2.6153791806491165,15.019728716072985,0.6578089391408476,24
2024-11-26,sector_baseline,baseline,sector,0.0,0.0,0.0,0.8171104043200835,24
2024-11-26,raw_pca_residual,raw_pca,raw_pca,14.0,2.6153791806491165,14.919227491596613,1.1470144547957069,24
2024-11-26,raw_pca_stabilized,raw_pca,raw_pca,14.0,2.6153791806491165,14.919227491596613,1.1470144547957069,24
2024-11-26,rmt_filtered_residual,rmt_filtered,rmt,1.0,2.6153791806491165,14.919227491596613,0.7697784231300844,24
2024-11-26,rmt_filtered_conservative,rmt_filtered,rmt,1.0,2.6153791806491165,14.919227491596613,0.7697784231300844,24
2024-11-27,sector_baseline,baseline,sector,0.0,0.0,0.0,0.7162026011227741,24
2024-11-27,raw_pca_residual,raw_pca,raw_pca,14.0,2.6153791806491165,15.242329698116786,0.770945125378339,24
2024-11-27,raw_pca_stabilized,raw_pca,raw_pca,14.0,2.6153791806491165,15.242329698116786,0.770945125378339,24
2024-11-27,rmt_filtered_residual,rmt_filtered,rmt,1.0,2.6153791806491165,15.242329698116786,0.6680506551987878,24
2024-11-27,rmt_filtered_conservative,rmt_filtered,rmt,1.0,2.6153791806491165,15.242329698116786,0.6680506551987878,24
2024-11-28,sector_baseline,baseline,sector,0.0,0.0,0.0,0.7514879160489314,24
2024-11-28,raw_pca_residual,raw_pca,raw_pca,14.0,2.6153791806491165,15.487553107435764,1.0814063185892981,24
2024-11-28,raw_pca_stabilized,raw_pca,raw_pca,14.0,2.6153791806491165,15.487553107435764,1.0814063185892981,24
2024-11-28,rmt_filtered_residual,rmt_filtered,rmt,1.0,2.6153791806491165,15.487553107435764,0.6837746547380298,24
2024-11-28,rmt_filtered_conservative,rmt_filtered,rmt,1.0,2.6153791806491165,15.487553107435764,0.6837746547380298,24
2024-11-29,sector_baseline,baseline,sector,0.0,0.0,0.0,0.7082945317017518,24
2024-11-29,raw_pca_residual,raw_pca,raw_pca,14.0,2.6153791806491165,15.507553773593438,0.7721320980200522,24
2024-11-29,raw_pca_stabilized,raw_pca,raw_pca,14.0,2.6153791806491165,15.507553773593438,0.7721320980200522,24
2024-11-29,rmt_filtered_residual,rmt_filtered,rmt,1.0,2.6153791806491165,15.507553773593438,0.6611079647789568,24
2024-11-29,rmt_filtered_conservative,rmt_filtered,rmt,1.0,2.6153791806491165,15.507553773593438,0.6611079647789568,24
2024-12-02,sector_baseline,baseline,sector,0.0,0.0,0.0,0.8063337967553025,24
2024-12-02,raw_pca_residual,raw_pca,raw_pca,14.0,2.6153791806491165,15.482643480366454,0.5794726312930485,24
2024-12-02,raw_pca_stabilized,raw_pca,raw_pca,14.0,2.6153791806491165,15.482643480366454,0.5794726312930485,24
2024-12-02,rmt_filtered_residual,rmt_filtered,rmt,1.0,2.6153791806491165,15.482643480366454,0.7992604053035088,24
2024-12-02,rmt_filtered_conservative,rmt_filtered,rmt,1.0,2.6153791806491165,15.482643480366454,0.7992604053035088,24
2024-12-03,sector_baseline,baseline,sector,0.0,0.0,0.0,0.8644257976747239,24
2024-12-03,raw_pca_residual,raw_pca,raw_pca,14.0,2.6153791806491165,15.513669612194988,0.9208141581595699,24
2024-12-03,raw_pca_stabilized,raw_pca,raw_pca,14.0,2.6153791806491165,15.513669612194988,0.9208141581595699,24
2024-12-03,rmt_filtered_residual,rmt_filtered,rmt,1.0,2.6153791806491165,15.513669612194988,0.9426844403171345,24
2024-12-03,rmt_filtered_conservative,rmt_filtered,rmt,1.0,2.6153791806491165,15.513669612194988,0.9426844403171345,24
2024-12-04,sector_baseline,baseline,sector,0.0,0.0,0.0,0.7309132315865647,24
2024-12-04,raw_pca_residual,raw_pca,raw_pca,14.0,2.6153791806491165,15.635864137801152,1.070491701245964,24
2024-12-04,raw_pca_stabilized,raw_pca,raw_pca,14.0,2.6153791806491165,15.635864137801152,1.070491701245964,24
2024-12-04,rmt_filtered_residual,rmt_filtered,rmt,1.0,2.6153791806491165,15.635864137801152,0.7865182095232356,24
2024-12-04,rmt_filtered_conservative,rmt_filtered,rmt,1.0,2.6153791806491165,15.635864137801152,0.7865182095232356,24
2024-12-05,sector_baseline,baseline,sector,0.0,0.0,0.0,0.7915594308938662,24
2024-12-05,raw_pca_residual,raw_pca,raw_pca,14.0,2.6153791806491165,15.646460129358829,0.8953790025095723,24
2024-12-05,raw_pca_stabilized,raw_pca,raw_pca,14.0,2.6153791806491165,15.646460129358829,0.8953790025095723,24
2024-12-05,rmt_filtered_residual,rmt_filtered,rmt,1.0,2.6153791806491165,15.646460129358829,0.7666853290424337,24
2024-12-05,rmt_filtered_conservative,rmt_filtered,rmt,1.0,2.6153791806491165,15.646460129358829,0.7666853290424337,24
2024-12-06,sector_baseline,baseline,sector,0.0,0.0,0.0,1.0096092739499614,24
2024-12-06,raw_pca_residual,raw_pca,raw_pca,14.0,2.6153791806491165,15.576889395122393,0.8326170803759997,24
2024-12-06,raw_pca_stabilized,raw_pca,raw_pca,14.0,2.6153791806491165,15.576889395122393,0.8326170803759997,24
2024-12-06,rmt_filtered_residual,rmt_filtered,rmt,1.0,2.6153791806491165,15.576889395122393,0.9615950736300961,24
2024-12-06,rmt_filtered_conservative,rmt_filtered,rmt,1.0,2.6153791806491165,15.576889395122393,0.9615950736300961,24
2024-12-09,sector_baseline,baseline,sector,0.0,0.0,0.0,0.7516310780538161,24
2024-12-09,raw_pca_residual,raw_pca,raw_pca,14.0,2.6153791806491165,15.570962406721025,0.6941567827584055,24
2024-12-09,raw_pca_stabilized,raw_pca,raw_pca,14.0,2.6153791806491165,15.570962406721025,0.6941567827584055,24
2024-12-09,rmt_filtered_residual,rmt_filtered,rmt,1.0,2.6153791806491165,15.570962406721025,0.8231788362896992,24
2024-12-09,rmt_filtered_conservative,rmt_filtered,rmt,1.0,2.6153791806491165,15.570962406721025,0.8231788362896992,24
2024-12-10,sector_baseline,baseline,sector,0.0,0.0,0.0,0.906785574338722,24
2024-12-10,raw_pca_residual,raw_pca,raw_pca,14.0,2.6153791806491165,15.509821157141152,0.9791460701100115,24
2024-12-10,raw_pca_stabilized,raw_pca,raw_pca,14.0,2.6153791806491165,15.509821157141152,0.9791460701100115,24
2024-12-10,rmt_filtered_residual,rmt_filtered,rmt,1.0,2.6153791806491165,15.509821157141152,0.893474479281347,24
2024-12-10,rmt_filtered_conservative,rmt_filtered,rmt,1.0,2.6153791806491165,15.509821157141152,0.893474479281347,24
2024-12-11,sector_baseline,baseline,sector,0.0,0.0,0.0,0.8942836510421915,24
2024-12-11,raw_pca_residual,raw_pca,raw_pca,14.0,2.6153791806491165,15.501821580834767,0.8620698663036322,24
2024-12-11,raw_pca_stabilized,raw_pca,raw_pca,14.0,2.6153791806491165,15.501821580834767,0.8620698663036322,24
2024-12-11,rmt_filtered_residual,rmt_filtered,rmt,1.0,2.6153791806491165,15.501821580834767,0.912237976998771,24
2024-12-11,rmt_filtered_conservative,rmt_filtered,rmt,1.0,2.6153791806491165,15.501821580834767,0.912237976998771,24
2024-12-12,sector_baseline,baseline,sector,0.0,0.0,0.0,0.7970090799791327,24
2024-12-12,raw_pca_residual,raw_pca,raw_pca,14.0,2.6153791806491165,15.248179887957706,1.147421675086432,24
2024-12-12,raw_pca_stabilized,raw_pca,raw_pca,14.0,2.6153791806491165,15.248179887957706,1.147421675086432,24
2024-12-12,rmt_filtered_residual,rmt_filtered,rmt,1.0,2.6153791806491165,15.248179887957706,0.7940649194272051,24
2024-12-12,rmt_filtered_conservative,rmt_filtered,rmt,1.0,2.6153791806491165,15.248179887957706,0.7940649194272051,24
2024-12-13,sector_baseline,baseline,sector,0.0,0.0,0.0,0.6180740124502341,24
2024-12-13,raw_pca_residual,raw_pca,raw_pca,14.0,2.6153791806491165,15.234442004941446,0.6099845005043999,24
2024-12-13,raw_pca_stabilized,raw_pca,raw_pca,14.0,2.6153791806491165,15.234442004941446,0.6099845005043999,24
2024-12-13,rmt_filtered_residual,rmt_filtered,rmt,1.0,2.6153791806491165,15.234442004941446,0.7050881265809487,24
2024-12-13,rmt_filtered_conservative,rmt_filtered,rmt,1.0,2.6153791806491165,15.234442004941446,0.7050881265809487,24
2024-12-16,sector_baseline,baseline,sector,0.0,0.0,0.0,0.9604099553069947,24
2024-12-16,raw_pca_residual,raw_pca,raw_pca,14.0,2.6153791806491165,15.160816026266712,0.8819057880290289,24
2024-12-16,raw_pca_stabilized,raw_pca,raw_pca,14.0,2.6153791806491165,15.160816026266712,0.8819057880290289,24
2024-12-16,rmt_filtered_residual,rmt_filtered,rmt,1.0,2.6153791806491165,15.160816026266712,0.8180695019815767,24
2024-12-16,rmt_filtered_conservative,rmt_filtered,rmt,1.0,2.6153791806491165,15.160816026266712,0.8180695019815767,24
2024-12-17,sector_baseline,baseline,sector,0.0,0.0,0.0,0.7276334638188976,24
2024-12-17,raw_pca_residual,raw_pca,raw_pca,14.0,2.6153791806491165,15.237988581668825,0.8320995999980797,24
2024-12-17,raw_pca_stabilized,raw_pca,raw_pca,14.0,2.6153791806491165,15.237988581668825,0.8320995999980797,24
2024-12-17,rmt_filtered_residual,rmt_filtered,rmt,1.0,2.6153791806491165,15.237988581668825,0.6806013704665439,24
2024-12-17,rmt_filtered_conservative,rmt_filtered,rmt,1.0,2.6153791806491165,15.237988581668825,0.6806013704665439,24
2024-12-18,sector_baseline,baseline,sector,0.0,0.0,0.0,0.7117039769759342,24
2024-12-18,raw_pca_residual,raw_pca,raw_pca,14.0,2.6153791806491165,14.736459365862675,0.43240900145142985,24
2024-12-18,raw_pca_stabilized,raw_pca,raw_pca,14.0,2.6153791806491165,14.736459365862675,0.43240900145142985,24
2024-12-18,rmt_filtered_residual,rmt_filtered,rmt,1.0,2.6153791806491165,14.736459365862675,0.6546815647115697,24
2024-12-18,rmt_filtered_conservative,rmt_filtered,rmt,1.0,2.6153791806491165,14.736459365862675,0.6546815647115697,24
2024-12-19,sector_baseline,baseline,sector,0.0,0.0,0.0,1.0569693956042576,24
2024-12-19,raw_pca_residual,raw_pca,raw_pca,14.0,2.6153791806491165,15.07019793977837,0.7438342107107639,24
2024-12-19,raw_pca_stabilized,raw_pca,raw_pca,14.0,2.6153791806491165,15.07019793977837,0.7438342107107639,24
2024-12-19,rmt_filtered_residual,rmt_filtered,rmt,1.0,2.6153791806491165,15.07019793977837,1.0086390776638086,24
2024-12-19,rmt_filtered_conservative,rmt_filtered,rmt,1.0,2.6153791806491165,15.07019793977837,1.0086390776638086,24
2024-12-20,sector_baseline,baseline,sector,0.0,0.0,0.0,0.9231067061949094,24
2024-12-20,raw_pca_residual,raw_pca,raw_pca,14.0,2.6153791806491165,14.809300533395408,0.8294744192173424,24
2024-12-20,raw_pca_stabilized,raw_pca,raw_pca,14.0,2.6153791806491165,14.809300533395408,0.8294744192173424,24
2024-12-20,rmt_filtered_residual,rmt_filtered,rmt,1.0,2.6153791806491165,14.809300533395408,0.9423261841522179,24
2024-12-20,rmt_filtered_conservative,rmt_filtered,rmt,1.0,2.6153791806491165,14.809300533395408,0.9423261841522179,24
2024-12-23,sector_baseline,baseline,sector,0.0,0.0,0.0,0.6774428930764097,24
2024-12-23,raw_pca_residual,raw_pca,raw_pca,14.0,2.6153791806491165,14.8114821764579,0.8589197151359964,24
2024-12-23,raw_pca_stabilized,raw_pca,raw_pca,14.0,2.6153791806491165,14.8114821764579,0.8589197151359964,24
2024-12-23,rmt_filtered_residual,rmt_filtered,rmt,1.0,2.6153791806491165,14.8114821764579,0.7108784180587842,24
2024-12-23,rmt_filtered_conservative,rmt_filtered,rmt,1.0,2.6153791806491165,14.8114821764579,0.7108784180587842,24
2024-12-24,sector_baseline,baseline,sector,0.0,0.0,0.0,0.5140777134534738,24
2024-12-24,raw_pca_residual,raw_pca,raw_pca,14.0,2.6153791806491165,14.761232884334577,0.30201029821041214,24
2024-12-24,raw_pca_stabilized,raw_pca,raw_pca,14.0,2.6153791806491165,14.761232884334577,0.30201029821041214,24
2024-12-24,rmt_filtered_residual,rmt_filtered,rmt,1.0,2.6153791806491165,14.761232884334577,0.6466115828479118,24
2024-12-24,rmt_filtered_conservative,rmt_filtered,rmt,1.0,2.6153791806491165,14.761232884334577,0.6466115828479118,24
2024-12-25,sector_baseline,baseline,sector,0.0,0.0,0.0,0.4966118965928283,24
2024-12-25,raw_pca_residual,raw_pca,raw_pca,14.0,2.6153791806491165,14.848862514351188,0.7077491944327038,24
2024-12-25,raw_pca_stabilized,raw_pca,raw_pca,14.0,2.6153791806491165,14.848862514351188,0.7077491944327038,24
2024-12-25,rmt_filtered_residual,rmt_filtered,rmt,1.0,2.6153791806491165,14.848862514351188,0.5828240044412116,24
2024-12-25,rmt_filtered_conservative,rmt_filtered,rmt,1.0,2.6153791806491165,14.848862514351188,0.5828240044412116,24
2024-12-26,sector_baseline,baseline,sector,0.0,0.0,0.0,0.7368557653059904,24
2024-12-26,raw_pca_residual,raw_pca,raw_pca,14.0,2.6153791806491165,14.873167122491768,0.99314434406638,24
2024-12-26,raw_pca_stabilized,raw_pca,raw_pca,14.0,2.6153791806491165,14.873167122491768,0.99314434406638,24
2024-12-26,rmt_filtered_residual,rmt_filtered,rmt,1.0,2.6153791806491165,14.873167122491768,0.7266374534792724,24
2024-12-26,rmt_filtered_conservative,rmt_filtered,rmt,1.0,2.6153791806491165,14.873167122491768,0.7266374534792724,24
2024-12-27,sector_baseline,baseline,sector,0.0,0.0,0.0,0.7742138473287165,24
2024-12-27,raw_pca_residual,raw_pca,raw_pca,14.0,2.6153791806491165,14.447685498566921,0.9754021345401988,24
2024-12-27,raw_pca_stabilized,raw_pca,raw_pca,14.0,2.6153791806491165,14.447685498566921,0.9754021345401988,24
2024-12-27,rmt_filtered_residual,rmt_filtered,rmt,1.0,2.6153791806491165,14.447685498566921,0.8154219082059617,24
2024-12-27,rmt_filtered_conservative,rmt_filtered,rmt,1.0,2.6153791806491165,14.447685498566921,0.8154219082059617,24
2024-12-30,sector_baseline,baseline,sector,0.0,0.0,0.0,0.8672720951846804,24
2024-12-30,raw_pca_residual,raw_pca,raw_pca,14.0,2.6153791806491165,14.400882515898726,0.6565624924160869,24
2024-12-30,raw_pca_stabilized,raw_pca,raw_pca,14.0,2.6153791806491165,14.400882515898726,0.6565624924160869,24
2024-12-30,rmt_filtered_residual,rmt_filtered,rmt,1.0,2.6153791806491165,14.400882515898726,0.7851068322161292,24
2024-12-30,rmt_filtered_conservative,rmt_filtered,rmt,1.0,2.6153791806491165,14.400882515898726,0.7851068322161292,24
2024-12-31,sector_baseline,baseline,sector,0.0,0.0,0.0,0.7577363785978056,24
2024-12-31,raw_pca_residual,raw_pca,raw_pca,14.0,2.6153791806491165,14.287972941511438,0.7753072224810822,24
2024-12-31,raw_pca_stabilized,raw_pca,raw_pca,14.0,2.6153791806491165,14.287972941511438,0.7753072224810822,24
2024-12-31,rmt_filtered_residual,rmt_filtered,rmt,1.0,2.6153791806491165,14.287972941511438,0.7111697724206364,24
2024-12-31,rmt_filtered_conservative,rmt_filtered,rmt,1.0,2.6153791806491165,14.287972941511438,0.7111697724206364,24
2025-01-01,sector_baseline,baseline,sector,0.0,0.0,0.0,0.7662858164319372,24
2025-01-01,raw_pca_residual,raw_pca,raw_pca,14.0,2.6153791806491165,14.425372832550469,0.7435824318629379,24
2025-01-01,raw_pca_stabilized,raw_pca,raw_pca,14.0,2.6153791806491165,14.425372832550469,0.7435824318629379,24
2025-01-01,rmt_filtered_residual,rmt_filtered,rmt,1.0,2.6153791806491165,14.425372832550469,0.8913172176593208,24
2025-01-01,rmt_filtered_conservative,rmt_filtered,rmt,1.0,2.6153791806491165,14.425372832550469,0.8913172176593208,24
2025-01-02,sector_baseline,baseline,sector,0.0,0.0,0.0,0.7294933472601804,24
2025-01-02,raw_pca_residual,raw_pca,raw_pca,14.0,2.6153791806491165,14.540692587332906,0.7126509228763362,24
2025-01-02,raw_pca_stabilized,raw_pca,raw_pca,14.0,2.6153791806491165,14.540692587332906,0.7126509228763362,24
2025-01-02,rmt_filtered_residual,rmt_filtered,rmt,1.0,2.6153791806491165,14.540692587332906,0.6716214383161035,24
2025-01-02,rmt_filtered_conservative,rmt_filtered,rmt,1.0,2.6153791806491165,14.540692587332906,0.6716214383161035,24
2025-01-03,sector_baseline,baseline,sector,0.0,0.0,0.0,0.562066371810204,24
2025-01-03,raw_pca_residual,raw_pca,raw_pca,14.0,2.6153791806491165,14.512762045486426,0.8748635589309076,24
2025-01-03,raw_pca_stabilized,raw_pca,raw_pca,14.0,2.6153791806491165,14.512762045486426,0.8748635589309076,24
2025-01-03,rmt_filtered_residual,rmt_filtered,rmt,1.0,2.6153791806491165,14.512762045486426,0.5678964320291565,24
2025-01-03,rmt_filtered_conservative,rmt_filtered,rmt,1.0,2.6153791806491165,14.512762045486426,0.5678964320291565,24
2025-01-06,sector_baseline,baseline,sector,0.0,0.0,0.0,0.8794381816574434,24
2025-01-06,raw_pca_residual,raw_pca,raw_pca,14.0,2.6153791806491165,14.50517577644202,0.9688707395201742,24
2025-01-06,raw_pca_stabilized,raw_pca,raw_pca,14.0,2.6153791806491165,14.50517577644202,0.9688707395201742,24
2025-01-06,rmt_filtered_residual,rmt_filtered,rmt,1.0,2.6153791806491165,14.50517577644202,0.8906033943687124,24
2025-01-06,rmt_filtered_conservative,rmt_filtered,rmt,1.0,2.6153791806491165,14.50517577644202,0.8906033943687124,24
2025-01-07,sector_baseline,baseline,sector,0.0,0.0,0.0,0.6476836215918165,24
2025-01-07,raw_pca_residual,raw_pca,raw_pca,14.0,2.6153791806491165,14.548718038949946,0.6945494329814809,24
2025-01-07,raw_pca_stabilized,raw_pca,raw_pca,14.0,2.6153791806491165,14.548718038949946,0.6945494329814809,24
2025-01-07,rmt_filtered_residual,rmt_filtered,rmt,1.0,2.6153791806491165,14.548718038949946,0.6432477096163395,24
2025-01-07,rmt_filtered_conservative,rmt_filtered,rmt,1.0,2.6153791806491165,14.548718038949946,0.6432477096163395,24
2025-01-08,sector_baseline,baseline,sector,0.0,0.0,0.0,0.9822935397227498,24
2025-01-08,raw_pca_residual,raw_pca,raw_pca,14.0,2.6153791806491165,14.423644919732094,1.3174533271446396,24
2025-01-08,raw_pca_stabilized,raw_pca,raw_pca,14.0,2.6153791806491165,14.423644919732094,1.3174533271446396,24
2025-01-08,rmt_filtered_residual,rmt_filtered,rmt,1.0,2.6153791806491165,14.423644919732094,0.9785625284224556,24
2025-01-08,rmt_filtered_conservative,rmt_filtered,rmt,1.0,2.6153791806491165,14.423644919732094,0.9785625284224556,24
2025-01-09,sector_baseline,baseline,sector,0.0,0.0,0.0,0.8270304338742259,24
2025-01-09,raw_pca_residual,raw_pca,raw_pca,14.0,2.6153791806491165,14.58314115871516,0.9277761421706979,24
2025-01-09,raw_pca_stabilized,raw_pca,raw_pca,14.0,2.6153791806491165,14.58314115871516,0.9277761421706979,24
2025-01-09,rmt_filtered_residual,rmt_filtered,rmt,1.0,2.6153791806491165,14.58314115871516,0.7629391154909513,24
2025-01-09,rmt_filtered_conservative,rmt_filtered,rmt,1.0,2.6153791806491165,14.58314115871516,0.7629391154909513,24
2025-01-10,sector_baseline,baseline,sector,0.0,0.0,0.0,1.0843945092309824,24
2025-01-10,raw_pca_residual,raw_pca,raw_pca,14.0,2.6153791806491165,14.395526167489592,1.0712747214429452,24
2025-01-10,raw_pca_stabilized,raw_pca,raw_pca,14.0,2.6153791806491165,14.395526167489592,1.0712747214429452,24
2025-01-10,rmt_filtered_residual,rmt_filtered,rmt,1.0,2.6153791806491165,14.395526167489592,1.0606847088304245,24
2025-01-10,rmt_filtered_conservative,rmt_filtered,rmt,1.0,2.6153791806491165,14.395526167489592,1.0606847088304245,24
2025-01-13,sector_baseline,baseline,sector,0.0,0.0,0.0,0.9746612622808687,24
2025-01-13,raw_pca_residual,raw_pca,raw_pca,14.0,2.6153791806491165,14.457174282126322,0.8274965830113148,24
2025-01-13,raw_pca_stabilized,raw_pca,raw_pca,14.0,2.6153791806491165,14.457174282126322,0.8274965830113148,24
2025-01-13,rmt_filtered_residual,rmt_filtered,rmt,1.0,2.6153791806491165,14.457174282126322,1.0420382088498068,24
2025-01-13,rmt_filtered_conservative,rmt_filtered,rmt,1.0,2.6153791806491165,14.457174282126322,1.0420382088498068,24
2025-01-14,sector_baseline,baseline,sector,0.0,0.0,0.0,0.9105486547813193,24
2025-01-14,raw_pca_residual,raw_pca,raw_pca,14.0,2.6153791806491165,14.347326096168553,0.9066138162645969,24
2025-01-14,raw_pca_stabilized,raw_pca,raw_pca,14.0,2.6153791806491165,14.347326096168553,0.9066138162645969,24
2025-01-14,rmt_filtered_residual,rmt_filtered,rmt,1.0,2.6153791806491165,14.347326096168553,0.9008308045604069,24
2025-01-14,rmt_filtered_conservative,rmt_filtered,rmt,1.0,2.6153791806491165,14.347326096168553,0.9008308045604069,24
2025-01-15,sector_baseline,baseline,sector,0.0,0.0,0.0,0.9671522709991905,24
2025-01-15,raw_pca_residual,raw_pca,raw_pca,14.0,2.6153791806491165,14.169449021597208,0.9655947415966682,24
2025-01-15,raw_pca_stabilized,raw_pca,raw_pca,14.0,2.6153791806491165,14.169449021597208,0.9655947415966682,24
2025-01-15,rmt_filtered_residual,rmt_filtered,rmt,1.0,2.6153791806491165,14.169449021597208,1.034326478517036,24
2025-01-15,rmt_filtered_conservative,rmt_filtered,rmt,1.0,2.6153791806491165,14.169449021597208,1.034326478517036,24
2025-01-16,sector_baseline,baseline,sector,0.0,0.0,0.0,0.6150410424524356,24
2025-01-16,raw_pca_residual,raw_pca,raw_pca,14.0,2.6153791806491165,13.947090007376058,0.6052612722673797,24
2025-01-16,raw_pca_stabilized,raw_pca,raw_pca,14.0,2.6153791806491165,13.947090007376058,0.6052612722673797,24
2025-01-16,rmt_filtered_residual,rmt_filtered,rmt,1.0,2.6153791806491165,13.947090007376058,0.7134333081059082,24
2025-01-16,rmt_filtered_conservative,rmt_filtered,rmt,1.0,2.6153791806491165,13.947090007376058,0.7134333081059082,24
2025-01-17,sector_baseline,baseline,sector,0.0,0.0,0.0,0.9712466795633269,24
2025-01-17,raw_pca_residual,raw_pca,raw_pca,14.0,2.6153791806491165,14.226670717670977,0.7795145393798446,24
2025-01-17,raw_pca_stabilized,raw_pca,raw_pca,14.0,2.6153791806491165,14.226670717670977,0.7795145393798446,24
2025-01-17,rmt_filtered_residual,rmt_filtered,rmt,1.0,2.6153791806491165,14.226670717670977,0.8572834808297077,24
2025-01-17,rmt_filtered_conservative,rmt_filtered,rmt,1.0,2.6153791806491165,14.226670717670977,0.8572834808297077,24
2025-01-20,sector_baseline,baseline,sector,0.0,0.0,0.0,0.8966822683208946,24
2025-01-20,raw_pca_residual,raw_pca,raw_pca,14.0,2.6153791806491165,14.127895354026903,0.8013555824569907,24
2025-01-20,raw_pca_stabilized,raw_pca,raw_pca,14.0,2.6153791806491165,14.127895354026903,0.8013555824569907,24
2025-01-20,rmt_filtered_residual,rmt_filtered,rmt,1.0,2.6153791806491165,14.127895354026903,0.9214819147500329,24
2025-01-20,rmt_filtered_conservative,rmt_filtered,rmt,1.0,2.6153791806491165,14.127895354026903,0.9214819147500329,24
2025-01-21,sector_baseline,baseline,sector,0.0,0.0,0.0,0.615376670452724,24
2025-01-21,raw_pca_residual,raw_pca,raw_pca,14.0,2.6153791806491165,14.15835556702904,0.8896989293593495,24
2025-01-21,raw_pca_stabilized,raw_pca,raw_pca,14.0,2.6153791806491165,14.15835556702904,0.8896989293593495,24
2025-01-21,rmt_filtered_residual,rmt_filtered,rmt,1.0,2.6153791806491165,14.15835556702904,0.8172322310407542,24
2025-01-21,rmt_filtered_conservative,rmt_filtered,rmt,1.0,2.6153791806491165,14.15835556702904,0.8172322310407542,24
2025-01-22,sector_baseline,baseline,sector,0.0,0.0,0.0,1.1184457487980295,24
2025-01-22,raw_pca_residual,raw_pca,raw_pca,14.0,2.6153791806491165,14.087494226971605,0.6900833503207325,24
2025-01-22,raw_pca_stabilized,raw_pca,raw_pca,14.0,2.6153791806491165,14.087494226971605,0.6900833503207325,24
2025-01-22,rmt_filtered_residual,rmt_filtered,rmt,1.0,2.6153791806491165,14.087494226971605,1.1076377513789202,24
2025-01-22,rmt_filtered_conservative,rmt_filtered,rmt,1.0,2.6153791806491165,14.087494226971605,1.1076377513789202,24
2025-01-23,sector_baseline,baseline,sector,0.0,0.0,0.0,0.8370770642358599,24
2025-01-23,raw_pca_residual,raw_pca,raw_pca,14.0,2.6153791806491165,14.112514616706862,0.7178265969498504,24
2025-01-23,raw_pca_stabilized,raw_pca,raw_pca,14.0,2.6153791806491165,14.112514616706862,0.7178265969498504,24
2025-01-23,rmt_filtered_residual,rmt_filtered,rmt,1.0,2.6153791806491165,14.112514616706862,0.8256081088181909,24
2025-01-23,rmt_filtered_conservative,rmt_filtered,rmt,1.0,2.6153791806491165,14.112514616706862,0.8256081088181909,24
2025-01-24,sector_baseline,baseline,sector,0.0,0.0,0.0,0.695502077109778,24
2025-01-24,raw_pca_residual,raw_pca,raw_pca,14.0,2.6153791806491165,14.18027316446477,0.8457912533604132,24
2025-01-24,raw_pca_stabilized,raw_pca,raw_pca,14.0,2.6153791806491165,14.18027316446477,0.8457912533604132,24
2025-01-24,rmt_filtered_residual,rmt_filtered,rmt,1.0,2.6153791806491165,14.18027316446477,0.819454540681285,24
2025-01-24,rmt_filtered_conservative,rmt_filtered,rmt,1.0,2.6153791806491165,14.18027316446477,0.819454540681285,24
2025-01-27,sector_baseline,baseline,sector,0.0,0.0,0.0,0.97463228206961,24
2025-01-27,raw_pca_residual,raw_pca,raw_pca,14.0,2.6153791806491165,14.220111435745372,0.33956157635455586,24
2025-01-27,raw_pca_stabilized,raw_pca,raw_pca,14.0,2.6153791806491165,14.220111435745372,0.33956157635455586,24
2025-01-27,rmt_filtered_residual,rmt_filtered,rmt,1.0,2.6153791806491165,14.220111435745372,0.9097708760913318,24
2025-01-27,rmt_filtered_conservative,rmt_filtered,rmt,1.0,2.6153791806491165,14.220111435745372,0.9097708760913318,24
2025-01-28,sector_baseline,baseline,sector,0.0,0.0,0.0,0.6783305707041288,24
2025-01-28,raw_pca_residual,raw_pca,raw_pca,14.0,2.6153791806491165,14.257531884529284,0.967256330678803,24
2025-01-28,raw_pca_stabilized,raw_pca,raw_pca,14.0,2.6153791806491165,14.257531884529284,0.967256330678803,24
2025-01-28,rmt_filtered_residual,rmt_filtered,rmt,1.0,2.6153791806491165,14.257531884529284,0.6699089056041719,24
2025-01-28,rmt_filtered_conservative,rmt_filtered,rmt,1.0,2.6153791806491165,14.257531884529284,0.6699089056041719,24
2025-01-29,sector_baseline,baseline,sector,0.0,0.0,0.0,0.6718254708158273,24
2025-01-29,raw_pca_residual,raw_pca,raw_pca,14.0,2.6153791806491165,14.729816350423532,0.6468002533501569,24
2025-01-29,raw_pca_stabilized,raw_pca,raw_pca,14.0,2.6153791806491165,14.729816350423532,0.6468002533501569,24
2025-01-29,rmt_filtered_residual,rmt_filtered,rmt,1.0,2.6153791806491165,14.729816350423532,0.5525660124926172,24
2025-01-29,rmt_filtered_conservative,rmt_filtered,rmt,1.0,2.6153791806491165,14.729816350423532,0.5525660124926172,24
2025-01-30,sector_baseline,baseline,sector,0.0,0.0,0.0,0.7952160407321104,24
2025-01-30,raw_pca_residual,raw_pca,raw_pca,14.0,2.6153791806491165,14.620214379123855,0.9404168406981515,24
2025-01-30,raw_pca_stabilized,raw_pca,raw_pca,14.0,2.6153791806491165,14.620214379123855,0.9404168406981515,24
2025-01-30,rmt_filtered_residual,rmt_filtered,rmt,1.0,2.6153791806491165,14.620214379123855,0.7262257666073131,24
2025-01-30,rmt_filtered_conservative,rmt_filtered,rmt,1.0,2.6153791806491165,14.620214379123855,0.7262257666073131,24
2025-01-31,sector_baseline,baseline,sector,0.0,0.0,0.0,0.8326469709370761,24
2025-01-31,raw_pca_residual,raw_pca,raw_pca,14.0,2.6153791806491165,14.584277437195928,1.1977711135227778,24
2025-01-31,raw_pca_stabilized,raw_pca,raw_pca,14.0,2.6153791806491165,14.584277437195928,1.1977711135227778,24
2025-01-31,rmt_filtered_residual,rmt_filtered,rmt,1.0,2.6153791806491165,14.584277437195928,0.7141234207284618,24
2025-01-31,rmt_filtered_conservative,rmt_filtered,rmt,1.0,2.6153791806491165,14.584277437195928,0.7141234207284618,24
2025-02-03,sector_baseline,baseline,sector,0.0,0.0,0.0,1.100190555965659,24
2025-02-03,raw_pca_residual,raw_pca,raw_pca,14.0,2.6153791806491165,14.45551354757259,0.8361081161982885,24
2025-02-03,raw_pca_stabilized,raw_pca,raw_pca,14.0,2.6153791806491165,14.45551354757259,0.8361081161982885,24
2025-02-03,rmt_filtered_residual,rmt_filtered,rmt,1.0,2.6153791806491165,14.45551354757259,0.9271170555353389,24
2025-02-03,rmt_filtered_conservative,rmt_filtered,rmt,1.0,2.6153791806491165,14.45551354757259,0.9271170555353389,24
2025-02-04,sector_baseline,baseline,sector,0.0,0.0,0.0,0.7178180929133205,24
2025-02-04,raw_pca_residual,raw_pca,raw_pca,14.0,2.6153791806491165,14.447614448824577,0.6743774558024159,24
2025-02-04,raw_pca_stabilized,raw_pca,raw_pca,14.0,2.6153791806491165,14.447614448824577,0.6743774558024159,24
2025-02-04,rmt_filtered_residual,rmt_filtered,rmt,1.0,2.6153791806491165,14.447614448824577,0.7762512431544272,24
2025-02-04,rmt_filtered_conservative,rmt_filtered,rmt,1.0,2.6153791806491165,14.447614448824577,0.7762512431544272,24
2025-02-05,sector_baseline,baseline,sector,0.0,0.0,0.0,0.8110176911339207,24
2025-02-05,raw_pca_residual,raw_pca,raw_pca,14.0,2.6153791806491165,14.391993059065985,0.8346964467739396,24
2025-02-05,raw_pca_stabilized,raw_pca,raw_pca,14.0,2.6153791806491165,14.391993059065985,0.8346964467739396,24
2025-02-05,rmt_filtered_residual,rmt_filtered,rmt,1.0,2.6153791806491165,14.391993059065985,0.7725832822113864,24
2025-02-05,rmt_filtered_conservative,rmt_filtered,rmt,1.0,2.6153791806491165,14.391993059065985,0.7725832822113864,24
2025-02-06,sector_baseline,baseline,sector,0.0,0.0,0.0,0.8347902432591151,24
2025-02-06,raw_pca_residual,raw_pca,raw_pca,14.0,2.6153791806491165,14.447480386239572,0.7646893426059437,24
2025-02-06,raw_pca_stabilized,raw_pca,raw_pca,14.0,2.6153791806491165,14.447480386239572,0.7646893426059437,24
2025-02-06,rmt_filtered_residual,rmt_filtered,rmt,1.0,2.6153791806491165,14.447480386239572,0.8579870625236462,24
2025-02-06,rmt_filtered_conservative,rmt_filtered,rmt,1.0,2.6153791806491165,14.447480386239572,0.8579870625236462,24
2025-02-07,sector_baseline,baseline,sector,0.0,0.0,0.0,0.8369302771353303,24
2025-02-07,raw_pca_residual,raw_pca,raw_pca,14.0,2.6153791806491165,14.51348281979436,1.0182367806715262,24
2025-02-07,raw_pca_stabilized,raw_pca,raw_pca,14.0,2.6153791806491165,14.51348281979436,1.0182367806715262,24
2025-02-07,rmt_filtered_residual,rmt_filtered,rmt,1.0,2.6153791806491165,14.51348281979436,0.8243596305731552,24
2025-02-07,rmt_filtered_conservative,rmt_filtered,rmt,1.0,2.6153791806491165,14.51348281979436,0.8243596305731552,24
2025-02-10,sector_baseline,baseline,sector,0.0,0.0,0.0,0.645388337864187,24
2025-02-10,raw_pca_residual,raw_pca,raw_pca,14.0,2.6153791806491165,14.622940436082303,0.6481197053846214,24
2025-02-10,raw_pca_stabilized,raw_pca,raw_pca,14.0,2.6153791806491165,14.622940436082303,0.6481197053846214,24
2025-02-10,rmt_filtered_residual,rmt_filtered,rmt,1.0,2.6153791806491165,14.622940436082303,0.5039956451461861,24
2025-02-10,rmt_filtered_conservative,rmt_filtered,rmt,1.0,2.6153791806491165,14.622940436082303,0.5039956451461861,24
2025-02-11,sector_baseline,baseline,sector,0.0,0.0,0.0,0.6361153761319863,24
2025-02-11,raw_pca_residual,raw_pca,raw_pca,14.0,2.6153791806491165,14.688992450622296,0.9759952999400943,24
2025-02-11,raw_pca_stabilized,raw_pca,raw_pca,14.0,2.6153791806491165,14.688992450622296,0.9759952999400943,24
2025-02-11,rmt_filtered_residual,rmt_filtered,rmt,1.0,2.6153791806491165,14.688992450622296,0.8050934504618056,24
2025-02-11,rmt_filtered_conservative,rmt_filtered,rmt,1.0,2.6153791806491165,14.688992450622296,0.8050934504618056,24
2025-02-12,sector_baseline,baseline,sector,0.0,0.0,0.0,0.6526953882063212,24
2025-02-12,raw_pca_residual,raw_pca,raw_pca,14.0,2.6153791806491165,14.938511206107249,0.7207979629759532,24
2025-02-12,raw_pca_stabilized,raw_pca,raw_pca,14.0,2.6153791806491165,14.938511206107249,0.7207979629759532,24
2025-02-12,rmt_filtered_residual,rmt_filtered,rmt,1.0,2.6153791806491165,14.938511206107249,0.6935510058755016,24
2025-02-12,rmt_filtered_conservative,rmt_filtered,rmt,1.0,2.6153791806491165,14.938511206107249,0.6935510058755016,24
2025-02-13,sector_baseline,baseline,sector,0.0,0.0,0.0,0.9094270065373076,24
2025-02-13,raw_pca_residual,raw_pca,raw_pca,14.0,2.6153791806491165,15.188947602832602,1.0016032885609478,24
2025-02-13,raw_pca_stabilized,raw_pca,raw_pca,14.0,2.6153791806491165,15.188947602832602,1.0016032885609478,24
2025-02-13,rmt_filtered_residual,rmt_filtered,rmt,1.0,2.6153791806491165,15.188947602832602,1.024924437878586,24
2025-02-13,rmt_filtered_conservative,rmt_filtered,rmt,1.0,2.6153791806491165,15.188947602832602,1.024924437878586,24
2025-02-14,sector_baseline,baseline,sector,0.0,0.0,0.0,0.7646784897111903,24
2025-02-14,raw_pca_residual,raw_pca,raw_pca,14.0,2.6153791806491165,15.172290955457257,1.022606545351174,24
2025-02-14,raw_pca_stabilized,raw_pca,raw_pca,14.0,2.6153791806491165,15.172290955457257,1.022606545351174,24
2025-02-14,rmt_filtered_residual,rmt_filtered,rmt,1.0,2.6153791806491165,15.172290955457257,0.7582080913038016,24
2025-02-14,rmt_filtered_conservative,rmt_filtered,rmt,1.0,2.6153791806491165,15.172290955457257,0.7582080913038016,24
2025-02-17,sector_baseline,baseline,sector,0.0,0.0,0.0,1.0400139286300931,24
2025-02-17,raw_pca_residual,raw_pca,raw_pca,14.0,2.6153791806491165,15.132621014924664,0.8999619967155496,24
2025-02-17,raw_pca_stabilized,raw_pca,raw_pca,14.0,2.6153791806491165,15.132621014924664,0.8999619967155496,24
2025-02-17,rmt_filtered_residual,rmt_filtered,rmt,1.0,2.6153791806491165,15.132621014924664,1.0088791577717584,24
2025-02-17,rmt_filtered_conservative,rmt_filtered,rmt,1.0,2.6153791806491165,15.132621014924664,1.0088791577717584,24
2025-02-18,sector_baseline,baseline,sector,0.0,0.0,0.0,0.627872450913674,24
2025-02-18,raw_pca_residual,raw_pca,raw_pca,14.0,2.6153791806491165,15.048948842955122,0.9170686815855933,24
2025-02-18,raw_pca_stabilized,raw_pca,raw_pca,14.0,2.6153791806491165,15.048948842955122,0.9170686815855933,24
2025-02-18,rmt_filtered_residual,rmt_filtered,rmt,1.0,2.6153791806491165,15.048948842955122,0.7123303960963755,24
2025-02-18,rmt_filtered_conservative,rmt_filtered,rmt,1.0,2.6153791806491165,15.048948842955122,0.7123303960963755,24
2025-02-19,sector_baseline,baseline,sector,0.0,0.0,0.0,0.7959962280595893,24
2025-02-19,raw_pca_residual,raw_pca,raw_pca,14.0,2.6153791806491165,15.041829262602475,0.5406750165552667,24
2025-02-19,raw_pca_stabilized,raw_pca,raw_pca,14.0,2.6153791806491165,15.041829262602475,0.5406750165552667,24
2025-02-19,rmt_filtered_residual,rmt_filtered,rmt,1.0,2.6153791806491165,15.041829262602475,0.8292348319995632,24
2025-02-19,rmt_filtered_conservative,rmt_filtered,rmt,1.0,2.6153791806491165,15.041829262602475,0.8292348319995632,24
2025-02-20,sector_baseline,baseline,sector,0.0,0.0,0.0,0.8264760249293536,24
2025-02-20,raw_pca_residual,raw_pca,raw_pca,14.0,2.6153791806491165,15.019080985967006,1.2880680078984852,24
2025-02-20,raw_pca_stabilized,raw_pca,raw_pca,14.0,2.6153791806491165,15.019080985967006,1.2880680078984852,24
2025-02-20,rmt_filtered_residual,rmt_filtered,rmt,1.0,2.6153791806491165,15.019080985967006,0.733131905822621,24
2025-02-20,rmt_filtered_conservative,rmt_filtered,rmt,1.0,2.6153791806491165,15.019080985967006,0.733131905822621,24
2025-02-21,sector_baseline,baseline,sector,0.0,0.0,0.0,0.8349110387664563,24
2025-02-21,raw_pca_residual,raw_pca,raw_pca,14.0,2.6153791806491165,14.955346153866893,0.41922222471167964,24
2025-02-21,raw_pca_stabilized,raw_pca,raw_pca,14.0,2.6153791806491165,14.955346153866893,0.41922222471167964,24
2025-02-21,rmt_filtered_residual,rmt_filtered,rmt,1.0,2.6153791806491165,14.955346153866893,0.7585880185399674,24
2025-02-21,rmt_filtered_conservative,rmt_filtered,rmt,1.0,2.6153791806491165,14.955346153866893,0.7585880185399674,24
2025-02-24,sector_baseline,baseline,sector,0.0,0.0,0.0,0.5490090592202613,24
2025-02-24,raw_pca_residual,raw_pca,raw_pca,14.0,2.6153791806491165,14.739615232596838,1.1066480302280535,24
2025-02-24,raw_pca_stabilized,raw_pca,raw_pca,14.0,2.6153791806491165,14.739615232596838,1.1066480302280535,24
2025-02-24,rmt_filtered_residual,rmt_filtered,rmt,1.0,2.6153791806491165,14.739615232596838,0.7113748973965347,24
2025-02-24,rmt_filtered_conservative,rmt_filtered,rmt,1.0,2.6153791806491165,14.739615232596838,0.7113748973965347,24
2025-02-25,sector_baseline,baseline,sector,0.0,0.0,0.0,0.6105692321034422,24
2025-02-25,raw_pca_residual,raw_pca,raw_pca,14.0,2.6153791806491165,14.38396333107705,0.6241445405466456,24
2025-02-25,raw_pca_stabilized,raw_pca,raw_pca,14.0,2.6153791806491165,14.38396333107705,0.6241445405466456,24
2025-02-25,rmt_filtered_residual,rmt_filtered,rmt,1.0,2.6153791806491165,14.38396333107705,0.7490529916750935,24
2025-02-25,rmt_filtered_conservative,rmt_filtered,rmt,1.0,2.6153791806491165,14.38396333107705,0.7490529916750935,24
2025-02-26,sector_baseline,baseline,sector,0.0,0.0,0.0,0.7637354809509321,24
2025-02-26,raw_pca_residual,raw_pca,raw_pca,14.0,2.6153791806491165,14.333559216336909,0.6639480171028082,24
2025-02-26,raw_pca_stabilized,raw_pca,raw_pca,14.0,2.6153791806491165,14.333559216336909,0.6639480171028082,24
2025-02-26,rmt_filtered_residual,rmt_filtered,rmt,1.0,2.6153791806491165,14.333559216336909,0.7433038828376897,24
2025-02-26,rmt_filtered_conservative,rmt_filtered,rmt,1.0,2.6153791806491165,14.333559216336909,0.7433038828376897,24
2025-02-27,sector_baseline,baseline,sector,0.0,0.0,0.0,0.8806372317048913,24
2025-02-27,raw_pca_residual,raw_pca,raw_pca,14.0,2.6153791806491165,14.114997513468774,0.8738139123857275,24
2025-02-27,raw_pca_stabilized,raw_pca,raw_pca,14.0,2.6153791806491165,14.114997513468774,0.8738139123857275,24
2025-02-27,rmt_filtered_residual,rmt_filtered,rmt,1.0,2.6153791806491165,14.114997513468774,0.958132869248022,24
2025-02-27,rmt_filtered_conservative,rmt_filtered,rmt,1.0,2.6153791806491165,14.114997513468774,0.958132869248022,24
2025-02-28,sector_baseline,baseline,sector,0.0,0.0,0.0,0.6320911388353521,24
2025-02-28,raw_pca_residual,raw_pca,raw_pca,14.0,2.6153791806491165,13.449908229324336,0.8509678378611462,24
2025-02-28,raw_pca_stabilized,raw_pca,raw_pca,14.0,2.6153791806491165,13.449908229324336,0.8509678378611462,24
2025-02-28,rmt_filtered_residual,rmt_filtered,rmt,1.0,2.6153791806491165,13.449908229324336,0.8655456182951141,24
2025-02-28,rmt_filtered_conservative,rmt_filtered,rmt,1.0,2.6153791806491165,13.449908229324336,0.8655456182951141,24
2025-03-03,sector_baseline,baseline,sector,0.0,0.0,0.0,1.0207812917143215,24
2025-03-03,raw_pca_residual,raw_pca,raw_pca,14.0,2.6153791806491165,13.387984959385305,0.8442723056506912,24
2025-03-03,raw_pca_stabilized,raw_pca,raw_pca,14.0,2.6153791806491165,13.387984959385305,0.8442723056506912,24
2025-03-03,rmt_filtered_residual,rmt_filtered,rmt,1.0,2.6153791806491165,13.387984959385305,0.9307181614709713,24
2025-03-03,rmt_filtered_conservative,rmt_filtered,rmt,1.0,2.6153791806491165,13.387984959385305,0.9307181614709713,24
2025-03-04,sector_baseline,baseline,sector,0.0,0.0,0.0,0.810548057804149,24
2025-03-04,raw_pca_residual,raw_pca,raw_pca,14.0,2.6153791806491165,13.267513917014119,0.9230443317766138,24
2025-03-04,raw_pca_stabilized,raw_pca,raw_pca,14.0,2.6153791806491165,13.267513917014119,0.9230443317766138,24
2025-03-04,rmt_filtered_residual,rmt_filtered,rmt,1.0,2.6153791806491165,13.267513917014119,1.070593410792512,24
2025-03-04,rmt_filtered_conservative,rmt_filtered,rmt,1.0,2.6153791806491165,13.267513917014119,1.070593410792512,24
2025-03-05,sector_baseline,baseline,sector,0.0,0.0,0.0,0.7705580151276541,24
2025-03-05,raw_pca_residual,raw_pca,raw_pca,14.0,2.6153791806491165,13.81841789663615,0.9609528628793452,24
2025-03-05,raw_pca_stabilized,raw_pca,raw_pca,14.0,2.6153791806491165,13.81841789663615,0.9609528628793452,24
2025-03-05,rmt_filtered_residual,rmt_filtered,rmt,1.0,2.6153791806491165,13.81841789663615,0.7653054574055499,24
2025-03-05,rmt_filtered_conservative,rmt_filtered,rmt,1.0,2.6153791806491165,13.81841789663615,0.7653054574055499,24
2025-03-06,sector_baseline,baseline,sector,0.0,0.0,0.0,0.7955274881330059,24
2025-03-06,raw_pca_residual,raw_pca,raw_pca,14.0,2.6153791806491165,14.07054649105521,0.6475471293795881,24
2025-03-06,raw_pca_stabilized,raw_pca,raw_pca,14.0,2.6153791806491165,14.07054649105521,0.6475471293795881,24
2025-03-06,rmt_filtered_residual,rmt_filtered,rmt,1.0,2.6153791806491165,14.07054649105521,0.6661032271917524,24
2025-03-06,rmt_filtered_conservative,rmt_filtered,rmt,1.0,2.6153791806491165,14.07054649105521,0.6661032271917524,24
2025-03-07,sector_baseline,baseline,sector,0.0,0.0,0.0,0.816390556660397,24
2025-03-07,raw_pca_residual,raw_pca,raw_pca,14.0,2.6153791806491165,14.510714529402781,0.9104758940506293,24
2025-03-07,raw_pca_stabilized,raw_pca,raw_pca,14.0,2.6153791806491165,14.510714529402781,0.9104758940506293,24
2025-03-07,rmt_filtered_residual,rmt_filtered,rmt,1.0,2.6153791806491165,14.510714529402781,0.7506234791818057,24
2025-03-07,rmt_filtered_conservative,rmt_filtered,rmt,1.0,2.6153791806491165,14.510714529402781,0.7506234791818057,24
2025-03-10,sector_baseline,baseline,sector,0.0,0.0,0.0,0.8868193408461398,24
2025-03-10,raw_pca_residual,raw_pca,raw_pca,14.0,2.6153791806491165,14.58135571038115,0.632730594731818,24
2025-03-10,raw_pca_stabilized,raw_pca,raw_pca,14.0,2.6153791806491165,14.58135571038115,0.632730594731818,24
2025-03-10,rmt_filtered_residual,rmt_filtered,rmt,1.0,2.6153791806491165,14.58135571038115,0.7467404987008903,24
2025-03-10,rmt_filtered_conservative,rmt_filtered,rmt,1.0,2.6153791806491165,14.58135571038115,0.7467404987008903,24
2025-03-11,sector_baseline,baseline,sector,0.0,0.0,0.0,1.0942175545157449,24
2025-03-11,raw_pca_residual,raw_pca,raw_pca,14.0,2.6153791806491165,14.697835929765006,0.8836612790019823,24
2025-03-11,raw_pca_stabilized,raw_pca,raw_pca,14.0,2.6153791806491165,14.697835929765006,0.8836612790019823,24
2025-03-11,rmt_filtered_residual,rmt_filtered,rmt,1.0,2.6153791806491165,14.697835929765006,0.9917206349497215,24
2025-03-11,rmt_filtered_conservative,rmt_filtered,rmt,1.0,2.6153791806491165,14.697835929765006,0.9917206349497215,24
2025-03-12,sector_baseline,baseline,sector,0.0,0.0,0.0,0.6706601638172859,24
2025-03-12,raw_pca_residual,raw_pca,raw_pca,14.0,2.6153791806491165,14.879475337972286,0.5851754019828922,24
2025-03-12,raw_pca_stabilized,raw_pca,raw_pca,14.0,2.6153791806491165,14.879475337972286,0.5851754019828922,24
2025-03-12,rmt_filtered_residual,rmt_filtered,rmt,1.0,2.6153791806491165,14.879475337972286,0.8079982009884125,24
2025-03-12,rmt_filtered_conservative,rmt_filtered,rmt,1.0,2.6153791806491165,14.879475337972286,0.8079982009884125,24
2025-03-13,sector_baseline,baseline,sector,0.0,0.0,0.0,0.6960138815214547,24
2025-03-13,raw_pca_residual,raw_pca,raw_pca,14.0,2.6153791806491165,14.936812209708991,0.6751986336240033,24
2025-03-13,raw_pca_stabilized,raw_pca,raw_pca,14.0,2.6153791806491165,14.936812209708991,0.6751986336240033,24
2025-03-13,rmt_filtered_residual,rmt_filtered,rmt,1.0,2.6153791806491165,14.936812209708991,0.7152290224519507,24
2025-03-13,rmt_filtered_conservative,rmt_filtered,rmt,1.0,2.6153791806491165,14.936812209708991,0.7152290224519507,24
2025-03-14,sector_baseline,baseline,sector,0.0,0.0,0.0,0.762154379771697,24
2025-03-14,raw_pca_residual,raw_pca,raw_pca,14.0,2.6153791806491165,14.888917408674619,0.8755675039942123,24
2025-03-14,raw_pca_stabilized,raw_pca,raw_pca,14.0,2.6153791806491165,14.888917408674619,0.8755675039942123,24
2025-03-14,rmt_filtered_residual,rmt_filtered,rmt,1.0,2.6153791806491165,14.888917408674619,0.9087871646667285,24
2025-03-14,rmt_filtered_conservative,rmt_filtered,rmt,1.0,2.6153791806491165,14.888917408674619,0.9087871646667285,24
2025-03-17,sector_baseline,baseline,sector,0.0,0.0,0.0,0.9094243890936164,24
2025-03-17,raw_pca_residual,raw_pca,raw_pca,14.0,2.6153791806491165,14.865133871961737,1.0390229886902602,24
2025-03-17,raw_pca_stabilized,raw_pca,raw_pca,14.0,2.6153791806491165,14.865133871961737,1.0390229886902602,24
2025-03-17,rmt_filtered_residual,rmt_filtered,rmt,1.0,2.6153791806491165,14.865133871961737,0.8605202627663328,24
2025-03-17,rmt_filtered_conservative,rmt_filtered,rmt,1.0,2.6153791806491165,14.865133871961737,0.8605202627663328,24
2025-03-18,sector_baseline,baseline,sector,0.0,0.0,0.0,0.7767613526866418,24
2025-03-18,raw_pca_residual,raw_pca,raw_pca,14.0,2.6153791806491165,14.608686295953921,0.5113483699622615,24
2025-03-18,raw_pca_stabilized,raw_pca,raw_pca,14.0,2.6153791806491165,14.608686295953921,0.5113483699622615,24
2025-03-18,rmt_filtered_residual,rmt_filtered,rmt,1.0,2.6153791806491165,14.608686295953921,0.8859425059749994,24
2025-03-18,rmt_filtered_conservative,rmt_filtered,rmt,1.0,2.6153791806491165,14.608686295953921,0.8859425059749994,24
2025-03-19,sector_baseline,baseline,sector,0.0,0.0,0.0,0.7888532279556153,24
2025-03-19,raw_pca_residual,raw_pca,raw_pca,14.0,2.6153791806491165,14.6466216203441,0.617700992012239,24
2025-03-19,raw_pca_stabilized,raw_pca,raw_pca,14.0,2.6153791806491165,14.6466216203441,0.617700992012239,24
2025-03-19,rmt_filtered_residual,rmt_filtered,rmt,1.0,2.6153791806491165,14.6466216203441,0.6941201461198819,24
2025-03-19,rmt_filtered_conservative,rmt_filtered,rmt,1.0,2.6153791806491165,14.6466216203441,0.6941201461198819,24
2025-03-20,sector_baseline,baseline,sector,0.0,0.0,0.0,0.6285617813383945,24
2025-03-20,raw_pca_residual,raw_pca,raw_pca,14.0,2.6153791806491165,14.600811209519211,0.7169521468025258,24
2025-03-20,raw_pca_stabilized,raw_pca,raw_pca,14.0,2.6153791806491165,14.600811209519211,0.7169521468025258,24
2025-03-20,rmt_filtered_residual,rmt_filtered,rmt,1.0,2.6153791806491165,14.600811209519211,0.6062585656577568,24
2025-03-20,rmt_filtered_conservative,rmt_filtered,rmt,1.0,2.6153791806491165,14.600811209519211,0.6062585656577568,24
2025-03-21,sector_baseline,baseline,sector,0.0,0.0,0.0,0.8504842509125621,24
2025-03-21,raw_pca_residual,raw_pca,raw_pca,14.0,2.6153791806491165,14.600307371269619,0.7476912394032879,24
2025-03-21,raw_pca_stabilized,raw_pca,raw_pca,14.0,2.6153791806491165,14.600307371269619,0.7476912394032879,24
2025-03-21,rmt_filtered_residual,rmt_filtered,rmt,1.0,2.6153791806491165,14.600307371269619,0.7764985718035229,24
2025-03-21,rmt_filtered_conservative,rmt_filtered,rmt,1.0,2.6153791806491165,14.600307371269619,0.7764985718035229,24
2025-03-24,sector_baseline,baseline,sector,0.0,0.0,0.0,0.8336614728598607,24
2025-03-24,raw_pca_residual,raw_pca,raw_pca,14.0,2.6153791806491165,14.361385579300428,0.9611031211831961,24
2025-03-24,raw_pca_stabilized,raw_pca,raw_pca,14.0,2.6153791806491165,14.361385579300428,0.9611031211831961,24
2025-03-24,rmt_filtered_residual,rmt_filtered,rmt,1.0,2.6153791806491165,14.361385579300428,0.9178535789129837,24
2025-03-24,rmt_filtered_conservative,rmt_filtered,rmt,1.0,2.6153791806491165,14.361385579300428,0.9178535789129837,24
2025-03-25,sector_baseline,baseline,sector,0.0,0.0,0.0,0.871577583649824,24
2025-03-25,raw_pca_residual,raw_pca,raw_pca,14.0,2.6153791806491165,14.445528627636568,0.7350264660999932,24
2025-03-25,raw_pca_stabilized,raw_pca,raw_pca,14.0,2.6153791806491165,14.445528627636568,0.7350264660999932,24
2025-03-25,rmt_filtered_residual,rmt_filtered,rmt,1.0,2.6153791806491165,14.445528627636568,0.8059597154465884,24
2025-03-25,rmt_filtered_conservative,rmt_filtered,rmt,1.0,2.6153791806491165,14.445528627636568,0.8059597154465884,24
2025-03-26,sector_baseline,baseline,sector,0.0,0.0,0.0,0.7557383334403793,24
2025-03-26,raw_pca_residual,raw_pca,raw_pca,14.0,2.6153791806491165,14.491817513462372,0.711506046133986,24
2025-03-26,raw_pca_stabilized,raw_pca,raw_pca,14.0,2.6153791806491165,14.491817513462372,0.711506046133986,24
2025-03-26,rmt_filtered_residual,rmt_filtered,rmt,1.0,2.6153791806491165,14.491817513462372,0.7307129223803569,24
2025-03-26,rmt_filtered_conservative,rmt_filtered,rmt,1.0,2.6153791806491165,14.491817513462372,0.7307129223803569,24
2025-03-27,sector_baseline,baseline,sector,0.0,0.0,0.0,0.7067812302778136,24
2025-03-27,raw_pca_residual,raw_pca,raw_pca,14.0,2.6153791806491165,14.721699747148453,0.6369203467526611,24
2025-03-27,raw_pca_stabilized,raw_pca,raw_pca,14.0,2.6153791806491165,14.721699747148453,0.6369203467526611,24
2025-03-27,rmt_filtered_residual,rmt_filtered,rmt,1.0,2.6153791806491165,14.721699747148453,0.7106677290704364,24
2025-03-27,rmt_filtered_conservative,rmt_filtered,rmt,1.0,2.6153791806491165,14.721699747148453,0.7106677290704364,24
2025-03-28,sector_baseline,baseline,sector,0.0,0.0,0.0,0.9708834640614646,24
2025-03-28,raw_pca_residual,raw_pca,raw_pca,14.0,2.6153791806491165,14.676594236248398,0.836207238553731,24
2025-03-28,raw_pca_stabilized,raw_pca,raw_pca,14.0,2.6153791806491165,14.676594236248398,0.836207238553731,24
2025-03-28,rmt_filtered_residual,rmt_filtered,rmt,1.0,2.6153791806491165,14.676594236248398,0.9822832095056925,24
2025-03-28,rmt_filtered_conservative,rmt_filtered,rmt,1.0,2.6153791806491165,14.676594236248398,0.9822832095056925,24
2025-03-31,sector_baseline,baseline,sector,0.0,0.0,0.0,0.6954544102897356,24
2025-03-31,raw_pca_residual,raw_pca,raw_pca,14.0,2.6153791806491165,15.177553300542966,0.8905004353302818,24
2025-03-31,raw_pca_stabilized,raw_pca,raw_pca,14.0,2.6153791806491165,15.177553300542966,0.8905004353302818,24
2025-03-31,rmt_filtered_residual,rmt_filtered,rmt,1.0,2.6153791806491165,15.177553300542966,0.7444041612635054,24
2025-03-31,rmt_filtered_conservative,rmt_filtered,rmt,1.0,2.6153791806491165,15.177553300542966,0.7444041612635054,24
2025-04-01,sector_baseline,baseline,sector,0.0,0.0,0.0,0.9152467203085518,24
2025-04-01,raw_pca_residual,raw_pca,raw_pca,14.0,2.6153791806491165,15.026711791093897,1.0716899849241568,24
2025-04-01,raw_pca_stabilized,raw_pca,raw_pca,14.0,2.6153791806491165,15.026711791093897,1.0716899849241568,24
2025-04-01,rmt_filtered_residual,rmt_filtered,rmt,1.0,2.6153791806491165,15.026711791093897,0.9685913415707968,24
2025-04-01,rmt_filtered_conservative,rmt_filtered,rmt,1.0,2.6153791806491165,15.026711791093897,0.9685913415707968,24
2025-04-02,sector_baseline,baseline,sector,0.0,0.0,0.0,0.812117369860141,24
2025-04-02,raw_pca_residual,raw_pca,raw_pca,14.0,2.6153791806491165,15.0050969168042,1.0467243409718563,24
2025-04-02,raw_pca_stabilized,raw_pca,raw_pca,14.0,2.6153791806491165,15.0050969168042,1.0467243409718563,24
2025-04-02,rmt_filtered_residual,rmt_filtered,rmt,1.0,2.6153791806491165,15.0050969168042,0.7270797015172544,24
2025-04-02,rmt_filtered_conservative,rmt_filtered,rmt,1.0,2.6153791806491165,15.0050969168042,0.7270797015172544,24
2025-04-03,sector_baseline,baseline,sector,0.0,0.0,0.0,0.726630731795697,24
2025-04-03,raw_pca_residual,raw_pca,raw_pca,14.0,2.6153791806491165,15.018770643138032,0.7812110959007935,24
2025-04-03,raw_pca_stabilized,raw_pca,raw_pca,14.0,2.6153791806491165,15.018770643138032,0.7812110959007935,24
2025-04-03,rmt_filtered_residual,rmt_filtered,rmt,1.0,2.6153791806491165,15.018770643138032,0.8281266174709289,24
2025-04-03,rmt_filtered_conservative,rmt_filtered,rmt,1.0,2.6153791806491165,15.018770643138032,0.8281266174709289,24
2025-04-04,sector_baseline,baseline,sector,0.0,0.0,0.0,0.7994036390356962,24
2025-04-04,raw_pca_residual,raw_pca,raw_pca,14.0,2.6153791806491165,15.115972523886546,1.0838303994769214,24
2025-04-04,raw_pca_stabilized,raw_pca,raw_pca,14.0,2.6153791806491165,15.115972523886546,1.0838303994769214,24
2025-04-04,rmt_filtered_residual,rmt_filtered,rmt,1.0,2.6153791806491165,15.115972523886546,0.7509895218239085,24
2025-04-04,rmt_filtered_conservative,rmt_filtered,rmt,1.0,2.6153791806491165,15.115972523886546,0.7509895218239085,24
2025-04-07,sector_baseline,baseline,sector,0.0,0.0,0.0,0.6418825262086345,24
2025-04-07,raw_pca_residual,raw_pca,raw_pca,14.0,2.6153791806491165,15.058484103543845,0.6444771137927662,24
2025-04-07,raw_pca_stabilized,raw_pca,raw_pca,14.0,2.6153791806491165,15.058484103543845,0.6444771137927662,24
2025-04-07,rmt_filtered_residual,rmt_filtered,rmt,1.0,2.6153791806491165,15.058484103543845,0.9103432930927209,24
2025-04-07,rmt_filtered_conservative,rmt_filtered,rmt,1.0,2.6153791806491165,15.058484103543845,0.9103432930927209,24
2025-04-08,sector_baseline,baseline,sector,0.0,0.0,0.0,0.7522403063198287,24
2025-04-08,raw_pca_residual,raw_pca,raw_pca,14.0,2.6153791806491165,14.839140319011298,0.7075953977269561,24
2025-04-08,raw_pca_stabilized,raw_pca,raw_pca,14.0,2.6153791806491165,14.839140319011298,0.7075953977269561,24
2025-04-08,rmt_filtered_residual,rmt_filtered,rmt,1.0,2.6153791806491165,14.839140319011298,0.8253589398638524,24
2025-04-08,rmt_filtered_conservative,rmt_filtered,rmt,1.0,2.6153791806491165,14.839140319011298,0.8253589398638524,24
2025-04-09,sector_baseline,baseline,sector,0.0,0.0,0.0,0.6435534929529934,24
2025-04-09,raw_pca_residual,raw_pca,raw_pca,14.0,2.6153791806491165,14.7460003770357,0.6744599456826156,24
2025-04-09,raw_pca_stabilized,raw_pca,raw_pca,14.0,2.6153791806491165,14.7460003770357,0.6744599456826156,24
2025-04-09,rmt_filtered_residual,rmt_filtered,rmt,1.0,2.6153791806491165,14.7460003770357,0.7575823193775196,24
2025-04-09,rmt_filtered_conservative,rmt_filtered,rmt,1.0,2.6153791806491165,14.7460003770357,0.7575823193775196,24
2025-04-10,sector_baseline,baseline,sector,0.0,0.0,0.0,0.972822448819282,24
2025-04-10,raw_pca_residual,raw_pca,raw_pca,14.0,2.6153791806491165,14.520526291994065,1.0515023763603277,24
2025-04-10,raw_pca_stabilized,raw_pca,raw_pca,14.0,2.6153791806491165,14.520526291994065,1.0515023763603277,24
2025-04-10,rmt_filtered_residual,rmt_filtered,rmt,1.0,2.6153791806491165,14.520526291994065,0.9845682887155989,24
2025-04-10,rmt_filtered_conservative,rmt_filtered,rmt,1.0,2.6153791806491165,14.520526291994065,0.9845682887155989,24
2025-04-11,sector_baseline,baseline,sector,0.0,0.0,0.0,0.7936005642543669,24
2025-04-11,raw_pca_residual,raw_pca,raw_pca,14.0,2.6153791806491165,14.571294204530348,0.6045584404743929,24
2025-04-11,raw_pca_stabilized,raw_pca,raw_pca,14.0,2.6153791806491165,14.571294204530348,0.6045584404743929,24
2025-04-11,rmt_filtered_residual,rmt_filtered,rmt,1.0,2.6153791806491165,14.571294204530348,0.6888589648215028,24
2025-04-11,rmt_filtered_conservative,rmt_filtered,rmt,1.0,2.6153791806491165,14.571294204530348,0.6888589648215028,24
2025-04-14,sector_baseline,baseline,sector,0.0,0.0,0.0,0.6612699995137942,24
2025-04-14,raw_pca_residual,raw_pca,raw_pca,14.0,2.6153791806491165,14.693951290898795,0.8426204131874416,24
2025-04-14,raw_pca_stabilized,raw_pca,raw_pca,14.0,2.6153791806491165,14.693951290898795,0.8426204131874416,24
2025-04-14,rmt_filtered_residual,rmt_filtered,rmt,1.0,2.6153791806491165,14.693951290898795,0.6502237630105604,24
2025-04-14,rmt_filtered_conservative,rmt_filtered,rmt,1.0,2.6153791806491165,14.693951290898795,0.6502237630105604,24
2025-04-15,sector_baseline,baseline,sector,0.0,0.0,0.0,0.8003799661164503,24
2025-04-15,raw_pca_residual,raw_pca,raw_pca,14.0,2.6153791806491165,14.695310644912318,0.7294266989568069,24
2025-04-15,raw_pca_stabilized,raw_pca,raw_pca,14.0,2.6153791806491165,14.695310644912318,0.7294266989568069,24
2025-04-15,rmt_filtered_residual,rmt_filtered,rmt,1.0,2.6153791806491165,14.695310644912318,0.855292967399128,24
2025-04-15,rmt_filtered_conservative,rmt_filtered,rmt,1.0,2.6153791806491165,14.695310644912318,0.855292967399128,24
2025-04-16,sector_baseline,baseline,sector,0.0,0.0,0.0,1.0039429209956425,24
2025-04-16,raw_pca_residual,raw_pca,raw_pca,14.0,2.6153791806491165,14.534417356131575,0.4930310454325361,24
2025-04-16,raw_pca_stabilized,raw_pca,raw_pca,14.0,2.6153791806491165,14.534417356131575,0.4930310454325361,24
2025-04-16,rmt_filtered_residual,rmt_filtered,rmt,1.0,2.6153791806491165,14.534417356131575,0.9132280716926164,24
2025-04-16,rmt_filtered_conservative,rmt_filtered,rmt,1.0,2.6153791806491165,14.534417356131575,0.9132280716926164,24
2025-04-17,sector_baseline,baseline,sector,0.0,0.0,0.0,0.9137547073125193,24
2025-04-17,raw_pca_residual,raw_pca,raw_pca,14.0,2.6153791806491165,14.638379300573195,0.573858818242178,24
2025-04-17,raw_pca_stabilized,raw_pca,raw_pca,14.0,2.6153791806491165,14.638379300573195,0.573858818242178,24
2025-04-17,rmt_filtered_residual,rmt_filtered,rmt,1.0,2.6153791806491165,14.638379300573195,0.7801985792387399,24
2025-04-17,rmt_filtered_conservative,rmt_filtered,rmt,1.0,2.6153791806491165,14.638379300573195,0.7801985792387399,24
2025-04-18,sector_baseline,baseline,sector,0.0,0.0,0.0,0.8702056352060907,24
2025-04-18,raw_pca_residual,raw_pca,raw_pca,14.0,2.6153791806491165,14.729338629697553,0.7321644113824766,24
2025-04-18,raw_pca_stabilized,raw_pca,raw_pca,14.0,2.6153791806491165,14.729338629697553,0.7321644113824766,24
2025-04-18,rmt_filtered_residual,rmt_filtered,rmt,1.0,2.6153791806491165,14.729338629697553,0.9211074521130082,24
2025-04-18,rmt_filtered_conservative,rmt_filtered,rmt,1.0,2.6153791806491165,14.729338629697553,0.9211074521130082,24
2025-04-21,sector_baseline,baseline,sector,0.0,0.0,0.0,0.49909832940469995,24
2025-04-21,raw_pca_residual,raw_pca,raw_pca,14.0,2.6153791806491165,14.806556389046799,0.5942736199919072,24
2025-04-21,raw_pca_stabilized,raw_pca,raw_pca,14.0,2.6153791806491165,14.806556389046799,0.5942736199919072,24
2025-04-21,rmt_filtered_residual,rmt_filtered,rmt,1.0,2.6153791806491165,14.806556389046799,0.8070808005528614,24
2025-04-21,rmt_filtered_conservative,rmt_filtered,rmt,1.0,2.6153791806491165,14.806556389046799,0.8070808005528614,24
2025-04-22,sector_baseline,baseline,sector,0.0,0.0,0.0,0.8998883684423259,24
2025-04-22,raw_pca_residual,raw_pca,raw_pca,14.0,2.6153791806491165,14.7242298254963,0.7326911026473694,24
2025-04-22,raw_pca_stabilized,raw_pca,raw_pca,14.0,2.6153791806491165,14.7242298254963,0.7326911026473694,24
2025-04-22,rmt_filtered_residual,rmt_filtered,rmt,1.0,2.6153791806491165,14.7242298254963,0.8322630620300142,24
2025-04-22,rmt_filtered_conservative,rmt_filtered,rmt,1.0,2.6153791806491165,14.7242298254963,0.8322630620300142,24
2025-04-23,sector_baseline,baseline,sector,0.0,0.0,0.0,0.9851636665819101,24
2025-04-23,raw_pca_residual,raw_pca,raw_pca,14.0,2.6153791806491165,14.700613029998912,0.89759705986007,24
2025-04-23,raw_pca_stabilized,raw_pca,raw_pca,14.0,2.6153791806491165,14.700613029998912,0.89759705986007,24
2025-04-23,rmt_filtered_residual,rmt_filtered,rmt,1.0,2.6153791806491165,14.700613029998912,1.0182578344047377,24
2025-04-23,rmt_filtered_conservative,rmt_filtered,rmt,1.0,2.6153791806491165,14.700613029998912,1.0182578344047377,24
2025-04-24,sector_baseline,baseline,sector,0.0,0.0,0.0,0.932648910279975,24
2025-04-24,raw_pca_residual,raw_pca,raw_pca,14.0,2.6153791806491165,14.51358853668034,0.6713922419079547,24
2025-04-24,raw_pca_stabilized,raw_pca,raw_pca,14.0,2.6153791806491165,14.51358853668034,0.6713922419079547,24
2025-04-24,rmt_filtered_residual,rmt_filtered,rmt,1.0,2.6153791806491165,14.51358853668034,1.0252350714140694,24
2025-04-24,rmt_filtered_conservative,rmt_filtered,rmt,1.0,2.6153791806491165,14.51358853668034,1.0252350714140694,24
2025-04-25,sector_baseline,baseline,sector,0.0,0.0,0.0,0.7952583968241242,24
2025-04-25,raw_pca_residual,raw_pca,raw_pca,14.0,2.6153791806491165,14.402479839430278,1.0137481033605966,24
2025-04-25,raw_pca_stabilized,raw_pca,raw_pca,14.0,2.6153791806491165,14.402479839430278,1.0137481033605966,24
2025-04-25,rmt_filtered_residual,rmt_filtered,rmt,1.0,2.6153791806491165,14.402479839430278,0.7905848169529964,24
2025-04-25,rmt_filtered_conservative,rmt_filtered,rmt,1.0,2.6153791806491165,14.402479839430278,0.7905848169529964,24
2025-04-28,sector_baseline,baseline,sector,0.0,0.0,0.0,0.6631162324455073,24
2025-04-28,raw_pca_residual,raw_pca,raw_pca,14.0,2.6153791806491165,14.052291229675898,0.7640263651422012,24
2025-04-28,raw_pca_stabilized,raw_pca,raw_pca,14.0,2.6153791806491165,14.052291229675898,0.7640263651422012,24
2025-04-28,rmt_filtered_residual,rmt_filtered,rmt,1.0,2.6153791806491165,14.052291229675898,0.6353187175744899,24
2025-04-28,rmt_filtered_conservative,rmt_filtered,rmt,1.0,2.6153791806491165,14.052291229675898,0.6353187175744899,24
2025-04-29,sector_baseline,baseline,sector,0.0,0.0,0.0,0.7600638794390662,24
2025-04-29,raw_pca_residual,raw_pca,raw_pca,14.0,2.6153791806491165,13.915724294994057,0.800913812468754,24
2025-04-29,raw_pca_stabilized,raw_pca,raw_pca,14.0,2.6153791806491165,13.915724294994057,0.800913812468754,24
2025-04-29,rmt_filtered_residual,rmt_filtered,rmt,1.0,2.6153791806491165,13.915724294994057,0.746744629074288,24
2025-04-29,rmt_filtered_conservative,rmt_filtered,rmt,1.0,2.6153791806491165,13.915724294994057,0.746744629074288,24
2025-04-30,sector_baseline,baseline,sector,0.0,0.0,0.0,0.9517593430189204,24
2025-04-30,raw_pca_residual,raw_pca,raw_pca,14.0,2.6153791806491165,13.766961350225563,0.5510502318415356,24
2025-04-30,raw_pca_stabilized,raw_pca,raw_pca,14.0,2.6153791806491165,13.766961350225563,0.5510502318415356,24
2025-04-30,rmt_filtered_residual,rmt_filtered,rmt,1.0,2.6153791806491165,13.766961350225563,0.9452325663856952,24
2025-04-30,rmt_filtered_conservative,rmt_filtered,rmt,1.0,2.6153791806491165,13.766961350225563,0.9452325663856952,24
2025-05-01,sector_baseline,baseline,sector,0.0,0.0,0.0,0.9888332898962381,24
2025-05-01,raw_pca_residual,raw_pca,raw_pca,14.0,2.6153791806491165,13.846798363992246,0.6009870269442574,24
2025-05-01,raw_pca_stabilized,raw_pca,raw_pca,14.0,2.6153791806491165,13.846798363992246,0.6009870269442574,24
2025-05-01,rmt_filtered_residual,rmt_filtered,rmt,1.0,2.6153791806491165,13.846798363992246,0.8312659757253541,24
2025-05-01,rmt_filtered_conservative,rmt_filtered,rmt,1.0,2.6153791806491165,13.846798363992246,0.8312659757253541,24
2025-05-02,sector_baseline,baseline,sector,0.0,0.0,0.0,0.7016123272382182,24
2025-05-02,raw_pca_residual,raw_pca,raw_pca,14.0,2.6153791806491165,13.991641102926542,0.7194554014653963,24
2025-05-02,raw_pca_stabilized,raw_pca,raw_pca,14.0,2.6153791806491165,13.991641102926542,0.7194554014653963,24
2025-05-02,rmt_filtered_residual,rmt_filtered,rmt,1.0,2.6153791806491165,13.991641102926542,0.6809056111752256,24
2025-05-02,rmt_filtered_conservative,rmt_filtered,rmt,1.0,2.6153791806491165,13.991641102926542,0.6809056111752256,24
2025-05-05,sector_baseline,baseline,sector,0.0,0.0,0.0,0.8372440896899213,24
2025-05-05,raw_pca_residual,raw_pca,raw_pca,14.0,2.6153791806491165,13.962045449620007,0.5510073138720945,24
2025-05-05,raw_pca_stabilized,raw_pca,raw_pca,14.0,2.6153791806491165,13.962045449620007,0.5510073138720945,24
2025-05-05,rmt_filtered_residual,rmt_filtered,rmt,1.0,2.6153791806491165,13.962045449620007,0.8354789541148259,24
2025-05-05,rmt_filtered_conservative,rmt_filtered,rmt,1.0,2.6153791806491165,13.962045449620007,0.8354789541148259,24
2025-05-06,sector_baseline,baseline,sector,0.0,0.0,0.0,0.7408425422967563,24
2025-05-06,raw_pca_residual,raw_pca,raw_pca,14.0,2.6153791806491165,13.849411447889945,0.8505602065607137,24
2025-05-06,raw_pca_stabilized,raw_pca,raw_pca,14.0,2.6153791806491165,13.849411447889945,0.8505602065607137,24
2025-05-06,rmt_filtered_residual,rmt_filtered,rmt,1.0,2.6153791806491165,13.849411447889945,0.6636035987643991,24
2025-05-06,rmt_filtered_conservative,rmt_filtered,rmt,1.0,2.6153791806491165,13.849411447889945,0.6636035987643991,24
2025-05-07,sector_baseline,baseline,sector,0.0,0.0,0.0,0.6597147898365918,24
2025-05-07,raw_pca_residual,raw_pca,raw_pca,14.0,2.6153791806491165,13.83243082731488,0.6552335419849359,24
2025-05-07,raw_pca_stabilized,raw_pca,raw_pca,14.0,2.6153791806491165,13.83243082731488,0.6552335419849359,24
2025-05-07,rmt_filtered_residual,rmt_filtered,rmt,1.0,2.6153791806491165,13.83243082731488,0.8223617934445812,24
2025-05-07,rmt_filtered_conservative,rmt_filtered,rmt,1.0,2.6153791806491165,13.83243082731488,0.8223617934445812,24
2025-05-08,sector_baseline,baseline,sector,0.0,0.0,0.0,1.0207589313845036,24
2025-05-08,raw_pca_residual,raw_pca,raw_pca,14.0,2.6153791806491165,13.75970671672964,0.8956915550780341,24
2025-05-08,raw_pca_stabilized,raw_pca,raw_pca,14.0,2.6153791806491165,13.75970671672964,0.8956915550780341,24
2025-05-08,rmt_filtered_residual,rmt_filtered,rmt,1.0,2.6153791806491165,13.75970671672964,0.976362101880822,24
2025-05-08,rmt_filtered_conservative,rmt_filtered,rmt,1.0,2.6153791806491165,13.75970671672964,0.976362101880822,24
2025-05-09,sector_baseline,baseline,sector,0.0,0.0,0.0,0.798970258596475,24
2025-05-09,raw_pca_residual,raw_pca,raw_pca,14.0,2.6153791806491165,13.727257081657688,0.7916876159701571,24
2025-05-09,raw_pca_stabilized,raw_pca,raw_pca,14.0,2.6153791806491165,13.727257081657688,0.7916876159701571,24
2025-05-09,rmt_filtered_residual,rmt_filtered,rmt,1.0,2.6153791806491165,13.727257081657688,0.8338265476092812,24
2025-05-09,rmt_filtered_conservative,rmt_filtered,rmt,1.0,2.6153791806491165,13.727257081657688,0.8338265476092812,24
2025-05-12,sector_baseline,baseline,sector,0.0,0.0,0.0,0.7142431407341707,24
2025-05-12,raw_pca_residual,raw_pca,raw_pca,14.0,2.6153791806491165,13.59050394983067,0.5620735568452018,24
2025-05-12,raw_pca_stabilized,raw_pca,raw_pca,14.0,2.6153791806491165,13.59050394983067,0.5620735568452018,24
2025-05-12,rmt_filtered_residual,rmt_filtered,rmt,1.0,2.6153791806491165,13.59050394983067,0.8469714434517949,24
2025-05-12,rmt_filtered_conservative,rmt_filtered,rmt,1.0,2.6153791806491165,13.59050394983067,0.8469714434517949,24
2025-05-13,sector_baseline,baseline,sector,0.0,0.0,0.0,0.8260170756096613,24
2025-05-13,raw_pca_residual,raw_pca,raw_pca,14.0,2.6153791806491165,13.954218430983941,0.9482624235262705,24
2025-05-13,raw_pca_stabilized,raw_pca,raw_pca,14.0,2.6153791806491165,13.954218430983941,0.9482624235262705,24
2025-05-13,rmt_filtered_residual,rmt_filtered,rmt,1.0,2.6153791806491165,13.954218430983941,0.7694810544942973,24
2025-05-13,rmt_filtered_conservative,rmt_filtered,rmt,1.0,2.6153791806491165,13.954218430983941,0.7694810544942973,24
2025-05-14,sector_baseline,baseline,sector,0.0,0.0,0.0,0.6874000884983031,24
2025-05-14,raw_pca_residual,raw_pca,raw_pca,14.0,2.6153791806491165,14.044527408614016,0.8839064240081352,24
2025-05-14,raw_pca_stabilized,raw_pca,raw_pca,14.0,2.6153791806491165,14.044527408614016,0.8839064240081352,24
2025-05-14,rmt_filtered_residual,rmt_filtered,rmt,1.0,2.6153791806491165,14.044527408614016,0.7675751043646595,24
2025-05-14,rmt_filtered_conservative,rmt_filtered,rmt,1.0,2.6153791806491165,14.044527408614016,0.7675751043646595,24
2025-05-15,sector_baseline,baseline,sector,0.0,0.0,0.0,0.8848786839670728,24
2025-05-15,raw_pca_residual,raw_pca,raw_pca,14.0,2.6153791806491165,14.025051407944295,0.899328276063977,24
2025-05-15,raw_pca_stabilized,raw_pca,raw_pca,14.0,2.6153791806491165,14.025051407944295,0.899328276063977,24
2025-05-15,rmt_filtered_residual,rmt_filtered,rmt,1.0,2.6153791806491165,14.025051407944295,0.9250745320897028,24
2025-05-15,rmt_filtered_conservative,rmt_filtered,rmt,1.0,2.6153791806491165,14.025051407944295,0.9250745320897028,24
2025-05-16,sector_baseline,baseline,sector,0.0,0.0,0.0,0.9716160316141605,24
2025-05-16,raw_pca_residual,raw_pca,raw_pca,14.0,2.6153791806491165,14.071580159392957,1.2180658597157745,24
2025-05-16,raw_pca_stabilized,raw_pca,raw_pca,14.0,2.6153791806491165,14.071580159392957,1.2180658597157745,24
2025-05-16,rmt_filtered_residual,rmt_filtered,rmt,1.0,2.6153791806491165,14.071580159392957,0.8770514056200075,24
2025-05-16,rmt_filtered_conservative,rmt_filtered,rmt,1.0,2.6153791806491165,14.071580159392957,0.8770514056200075,24
2025-05-19,sector_baseline,baseline,sector,0.0,0.0,0.0,0.8848508264800333,24
2025-05-19,raw_pca_residual,raw_pca,raw_pca,14.0,2.6153791806491165,14.198613218111392,0.6461032044991392,24
2025-05-19,raw_pca_stabilized,raw_pca,raw_pca,14.0,2.6153791806491165,14.198613218111392,0.6461032044991392,24
2025-05-19,rmt_filtered_residual,rmt_filtered,rmt,1.0,2.6153791806491165,14.198613218111392,0.8151486839727772,24
2025-05-19,rmt_filtered_conservative,rmt_filtered,rmt,1.0,2.6153791806491165,14.198613218111392,0.8151486839727772,24
2025-05-20,sector_baseline,baseline,sector,0.0,0.0,0.0,0.9260674507862469,24
2025-05-20,raw_pca_residual,raw_pca,raw_pca,14.0,2.6153791806491165,14.141945086572129,0.7406815538528843,24
2025-05-20,raw_pca_stabilized,raw_pca,raw_pca,14.0,2.6153791806491165,14.141945086572129,0.7406815538528843,24
2025-05-20,rmt_filtered_residual,rmt_filtered,rmt,1.0,2.6153791806491165,14.141945086572129,0.9049054313731862,24
2025-05-20,rmt_filtered_conservative,rmt_filtered,rmt,1.0,2.6153791806491165,14.141945086572129,0.9049054313731862,24
2025-05-21,sector_baseline,baseline,sector,0.0,0.0,0.0,0.873225705352981,24
2025-05-21,raw_pca_residual,raw_pca,raw_pca,14.0,2.6153791806491165,14.102339621446458,0.9961513276996449,24
2025-05-21,raw_pca_stabilized,raw_pca,raw_pca,14.0,2.6153791806491165,14.102339621446458,0.9961513276996449,24
2025-05-21,rmt_filtered_residual,rmt_filtered,rmt,1.0,2.6153791806491165,14.102339621446458,0.825315326190489,24
2025-05-21,rmt_filtered_conservative,rmt_filtered,rmt,1.0,2.6153791806491165,14.102339621446458,0.825315326190489,24
2025-05-22,sector_baseline,baseline,sector,0.0,0.0,0.0,0.810216991370214,24
2025-05-22,raw_pca_residual,raw_pca,raw_pca,14.0,2.6153791806491165,14.18779696483645,0.671019933806381,24
2025-05-22,raw_pca_stabilized,raw_pca,raw_pca,14.0,2.6153791806491165,14.18779696483645,0.671019933806381,24
2025-05-22,rmt_filtered_residual,rmt_filtered,rmt,1.0,2.6153791806491165,14.18779696483645,0.7446156145413804,24
2025-05-22,rmt_filtered_conservative,rmt_filtered,rmt,1.0,2.6153791806491165,14.18779696483645,0.7446156145413804,24
2025-05-23,sector_baseline,baseline,sector,0.0,0.0,0.0,0.8657416737824635,24
2025-05-23,raw_pca_residual,raw_pca,raw_pca,14.0,2.6153791806491165,14.186753594284232,0.9792437768288883,24
2025-05-23,raw_pca_stabilized,raw_pca,raw_pca,14.0,2.6153791806491165,14.186753594284232,0.9792437768288883,24
2025-05-23,rmt_filtered_residual,rmt_filtered,rmt,1.0,2.6153791806491165,14.186753594284232,0.7609714914921538,24
2025-05-23,rmt_filtered_conservative,rmt_filtered,rmt,1.0,2.6153791806491165,14.186753594284232,0.7609714914921538,24
2025-05-26,sector_baseline,baseline,sector,0.0,0.0,0.0,0.7325477847885749,24
2025-05-26,raw_pca_residual,raw_pca,raw_pca,14.0,2.6153791806491165,14.153719475851068,0.6546396251348837,24
2025-05-26,raw_pca_stabilized,raw_pca,raw_pca,14.0,2.6153791806491165,14.153719475851068,0.6546396251348837,24
2025-05-26,rmt_filtered_residual,rmt_filtered,rmt,1.0,2.6153791806491165,14.153719475851068,0.7185289296500619,24
2025-05-26,rmt_filtered_conservative,rmt_filtered,rmt,1.0,2.6153791806491165,14.153719475851068,0.7185289296500619,24
2025-05-27,sector_baseline,baseline,sector,0.0,0.0,0.0,0.6917489588390046,24
2025-05-27,raw_pca_residual,raw_pca,raw_pca,14.0,2.6153791806491165,14.219940352487487,0.45673114539722165,24
2025-05-27,raw_pca_stabilized,raw_pca,raw_pca,14.0,2.6153791806491165,14.219940352487487,0.45673114539722165,24
2025-05-27,rmt_filtered_residual,rmt_filtered,rmt,1.0,2.6153791806491165,14.219940352487487,0.6419599742825517,24
2025-05-27,rmt_filtered_conservative,rmt_filtered,rmt,1.0,2.6153791806491165,14.219940352487487,0.6419599742825517,24
2025-05-28,sector_baseline,baseline,sector,0.0,0.0,0.0,0.6084894971703906,24
2025-05-28,raw_pca_residual,raw_pca,raw_pca,14.0,2.6153791806491165,14.109213742798719,0.8830577504480862,24
2025-05-28,raw_pca_stabilized,raw_pca,raw_pca,14.0,2.6153791806491165,14.109213742798719,0.8830577504480862,24
2025-05-28,rmt_filtered_residual,rmt_filtered,rmt,1.0,2.6153791806491165,14.109213742798719,0.9621590062309234,24
2025-05-28,rmt_filtered_conservative,rmt_filtered,rmt,1.0,2.6153791806491165,14.109213742798719,0.9621590062309234,24
2025-05-29,sector_baseline,baseline,sector,0.0,0.0,0.0,0.7697784068587413,24
2025-05-29,raw_pca_residual,raw_pca,raw_pca,14.0,2.6153791806491165,13.952396427307521,0.5319899626257576,24
2025-05-29,raw_pca_stabilized,raw_pca,raw_pca,14.0,2.6153791806491165,13.952396427307521,0.5319899626257576,24
2025-05-29,rmt_filtered_residual,rmt_filtered,rmt,1.0,2.6153791806491165,13.952396427307521,0.7774439203734946,24
2025-05-29,rmt_filtered_conservative,rmt_filtered,rmt,1.0,2.6153791806491165,13.952396427307521,0.7774439203734946,24
2025-05-30,sector_baseline,baseline,sector,0.0,0.0,0.0,0.7201396160790167,24
2025-05-30,raw_pca_residual,raw_pca,raw_pca,14.0,2.6153791806491165,14.185819927694556,1.1253327301062381,24
2025-05-30,raw_pca_stabilized,raw_pca,raw_pca,14.0,2.6153791806491165,14.185819927694556,1.1253327301062381,24
2025-05-30,rmt_filtered_residual,rmt_filtered,rmt,1.0,2.6153791806491165,14.185819927694556,0.8097148385680125,24
2025-05-30,rmt_filtered_conservative,rmt_filtered,rmt,1.0,2.6153791806491165,14.185819927694556,0.8097148385680125,24
2025-06-02,sector_baseline,baseline,sector,0.0,0.0,0.0,0.639962460826307,24
2025-06-02,raw_pca_residual,raw_pca,raw_pca,14.0,2.6153791806491165,13.887827799929887,0.8079560122795412,24
2025-06-02,raw_pca_stabilized,raw_pca,raw_pca,14.0,2.6153791806491165,13.887827799929887,0.8079560122795412,24
2025-06-02,rmt_filtered_residual,rmt_filtered,rmt,1.0,2.6153791806491165,13.887827799929887,0.5794248279672356,24
2025-06-02,rmt_filtered_conservative,rmt_filtered,rmt,1.0,2.6153791806491165,13.887827799929887,0.5794248279672356,24
2025-06-03,sector_baseline,baseline,sector,0.0,0.0,0.0,0.7580119104697757,24
2025-06-03,raw_pca_residual,raw_pca,raw_pca,14.0,2.6153791806491165,14.17471930183218,0.948320484763617,24
2025-06-03,raw_pca_stabilized,raw_pca,raw_pca,14.0,2.6153791806491165,14.17471930183218,0.948320484763617,24
2025-06-03,rmt_filtered_residual,rmt_filtered,rmt,1.0,2.6153791806491165,14.17471930183218,0.7467777214897887,24
2025-06-03,rmt_filtered_conservative,rmt_filtered,rmt,1.0,2.6153791806491165,14.17471930183218,0.7467777214897887,24
2025-06-04,sector_baseline,baseline,sector,0.0,0.0,0.0,0.5796474202889178,24
2025-06-04,raw_pca_residual,raw_pca,raw_pca,14.0,2.6153791806491165,14.00686740464349,1.0504940388710746,24
2025-06-04,raw_pca_stabilized,raw_pca,raw_pca,14.0,2.6153791806491165,14.00686740464349,1.0504940388710746,24
2025-06-04,rmt_filtered_residual,rmt_filtered,rmt,1.0,2.6153791806491165,14.00686740464349,0.8087871027402419,24
2025-06-04,rmt_filtered_conservative,rmt_filtered,rmt,1.0,2.6153791806491165,14.00686740464349,0.8087871027402419,24
2025-06-05,sector_baseline,baseline,sector,0.0,0.0,0.0,0.6245860003660804,24
2025-06-05,raw_pca_residual,raw_pca,raw_pca,14.0,2.6153791806491165,14.020319466879885,0.8120713295446627,24
2025-06-05,raw_pca_stabilized,raw_pca,raw_pca,14.0,2.6153791806491165,14.020319466879885,0.8120713295446627,24
2025-06-05,rmt_filtered_residual,rmt_filtered,rmt,1.0,2.6153791806491165,14.020319466879885,0.6140539360879648,24
2025-06-05,rmt_filtered_conservative,rmt_filtered,rmt,1.0,2.6153791806491165,14.020319466879885,0.6140539360879648,24
2025-06-06,sector_baseline,baseline,sector,0.0,0.0,0.0,0.9775829063266258,24
2025-06-06,raw_pca_residual,raw_pca,raw_pca,14.0,2.6153791806491165,13.907101886978285,1.0509836052698178,24
2025-06-06,raw_pca_stabilized,raw_pca,raw_pca,14.0,2.6153791806491165,13.907101886978285,1.0509836052698178,24
2025-06-06,rmt_filtered_residual,rmt_filtered,rmt,1.0,2.6153791806491165,13.907101886978285,0.9703166976130936,24
2025-06-06,rmt_filtered_conservative,rmt_filtered,rmt,1.0,2.6153791806491165,13.907101886978285,0.9703166976130936,24
2025-06-09,sector_baseline,baseline,sector,0.0,0.0,0.0,1.010922945266657,24
2025-06-09,raw_pca_residual,raw_pca,raw_pca,14.0,2.6153791806491165,13.745248510024238,1.098189030023024,24
2025-06-09,raw_pca_stabilized,raw_pca,raw_pca,14.0,2.6153791806491165,13.745248510024238,1.098189030023024,24
2025-06-09,rmt_filtered_residual,rmt_filtered,rmt,1.0,2.6153791806491165,13.745248510024238,0.9151390187823244,24
2025-06-09,rmt_filtered_conservative,rmt_filtered,rmt,1.0,2.6153791806491165,13.745248510024238,0.9151390187823244,24
2025-06-10,sector_baseline,baseline,sector,0.0,0.0,0.0,0.674991314621078,24
2025-06-10,raw_pca_residual,raw_pca,raw_pca,14.0,2.6153791806491165,13.841400345512982,0.6885263454799269,24
2025-06-10,raw_pca_stabilized,raw_pca,raw_pca,14.0,2.6153791806491165,13.841400345512982,0.6885263454799269,24
2025-06-10,rmt_filtered_residual,rmt_filtered,rmt,1.0,2.6153791806491165,13.841400345512982,0.6994662233185749,24
2025-06-10,rmt_filtered_conservative,rmt_filtered,rmt,1.0,2.6153791806491165,13.841400345512982,0.6994662233185749,24
2025-06-11,sector_baseline,baseline,sector,0.0,0.0,0.0,0.7921979624071381,24
2025-06-11,raw_pca_residual,raw_pca,raw_pca,14.0,2.6153791806491165,13.842992431893375,0.45551202879720715,24
2025-06-11,raw_pca_stabilized,raw_pca,raw_pca,14.0,2.6153791806491165,13.842992431893375,0.45551202879720715,24
2025-06-11,rmt_filtered_residual,rmt_filtered,rmt,1.0,2.6153791806491165,13.842992431893375,0.7214937226670394,24
2025-06-11,rmt_filtered_conservative,rmt_filtered,rmt,1.0,2.6153791806491165,13.842992431893375,0.7214937226670394,24
2025-06-12,sector_baseline,baseline,sector,0.0,0.0,0.0,0.7802197712926787,24
2025-06-12,raw_pca_residual,raw_pca,raw_pca,14.0,2.6153791806491165,13.799557706250217,0.7690674169807686,24
2025-06-12,raw_pca_stabilized,raw_pca,raw_pca,14.0,2.6153791806491165,13.799557706250217,0.7690674169807686,24
2025-06-12,rmt_filtered_residual,rmt_filtered,rmt,1.0,2.6153791806491165,13.799557706250217,0.8532702392808676,24
2025-06-12,rmt_filtered_conservative,rmt_filtered,rmt,1.0,2.6153791806491165,13.799557706250217,0.8532702392808676,24
2025-06-13,sector_baseline,baseline,sector,0.0,0.0,0.0,0.6965703736422558,24
2025-06-13,raw_pca_residual,raw_pca,raw_pca,14.0,2.6153791806491165,14.041736016350914,0.642034376000129,24
2025-06-13,raw_pca_stabilized,raw_pca,raw_pca,14.0,2.6153791806491165,14.041736016350914,0.642034376000129,24
2025-06-13,rmt_filtered_residual,rmt_filtered,rmt,1.0,2.6153791806491165,14.041736016350914,0.6226658417702272,24
2025-06-13,rmt_filtered_conservative,rmt_filtered,rmt,1.0,2.6153791806491165,14.041736016350914,0.6226658417702272,24
2025-06-16,sector_baseline,baseline,sector,0.0,0.0,0.0,0.9328477401938157,24
2025-06-16,raw_pca_residual,raw_pca,raw_pca,14.0,2.6153791806491165,14.273803280231219,0.934163293183128,24
2025-06-16,raw_pca_stabilized,raw_pca,raw_pca,14.0,2.6153791806491165,14.273803280231219,0.934163293183128,24
2025-06-16,rmt_filtered_residual,rmt_filtered,rmt,1.0,2.6153791806491165,14.273803280231219,0.8551368025630897,24
2025-06-16,rmt_filtered_conservative,rmt_filtered,rmt,1.0,2.6153791806491165,14.273803280231219,0.8551368025630897,24
2025-06-17,sector_baseline,baseline,sector,0.0,0.0,0.0,0.7464612969660993,24
2025-06-17,raw_pca_residual,raw_pca,raw_pca,14.0,2.6153791806491165,14.249812458555187,0.7565716466953617,24
2025-06-17,raw_pca_stabilized,raw_pca,raw_pca,14.0,2.6153791806491165,14.249812458555187,0.7565716466953617,24
2025-06-17,rmt_filtered_residual,rmt_filtered,rmt,1.0,2.6153791806491165,14.249812458555187,0.8357528793155234,24
2025-06-17,rmt_filtered_conservative,rmt_filtered,rmt,1.0,2.6153791806491165,14.249812458555187,0.8357528793155234,24
2025-06-18,sector_baseline,baseline,sector,0.0,0.0,0.0,0.5883496119250763,24
2025-06-18,raw_pca_residual,raw_pca,raw_pca,14.0,2.6153791806491165,14.265494924577704,0.8968508004861974,24
2025-06-18,raw_pca_stabilized,raw_pca,raw_pca,14.0,2.6153791806491165,14.265494924577704,0.8968508004861974,24
2025-06-18,rmt_filtered_residual,rmt_filtered,rmt,1.0,2.6153791806491165,14.265494924577704,0.6861740349781665,24
2025-06-18,rmt_filtered_conservative,rmt_filtered,rmt,1.0,2.6153791806491165,14.265494924577704,0.6861740349781665,24
2025-06-19,sector_baseline,baseline,sector,0.0,0.0,0.0,0.9045418795647139,24
2025-06-19,raw_pca_residual,raw_pca,raw_pca,14.0,2.6153791806491165,14.334271660061702,0.6342205584784378,24
2025-06-19,raw_pca_stabilized,raw_pca,raw_pca,14.0,2.6153791806491165,14.334271660061702,0.6342205584784378,24
2025-06-19,rmt_filtered_residual,rmt_filtered,rmt,1.0,2.6153791806491165,14.334271660061702,0.9365701988403602,24
2025-06-19,rmt_filtered_conservative,rmt_filtered,rmt,1.0,2.6153791806491165,14.334271660061702,0.9365701988403602,24
2025-06-20,sector_baseline,baseline,sector,0.0,0.0,0.0,0.6428611950945223,24
2025-06-20,raw_pca_residual,raw_pca,raw_pca,14.0,2.6153791806491165,14.327619230055387,0.5959094191028024,24
2025-06-20,raw_pca_stabilized,raw_pca,raw_pca,14.0,2.6153791806491165,14.327619230055387,0.5959094191028024,24
2025-06-20,rmt_filtered_residual,rmt_filtered,rmt,1.0,2.6153791806491165,14.327619230055387,0.5745967249408942,24
2025-06-20,rmt_filtered_conservative,rmt_filtered,rmt,1.0,2.6153791806491165,14.327619230055387,0.5745967249408942,24
2025-06-23,sector_baseline,baseline,sector,0.0,0.0,0.0,0.6472726135847103,24
2025-06-23,raw_pca_residual,raw_pca,raw_pca,14.0,2.6153791806491165,14.43572084124389,0.9046187540303295,24
2025-06-23,raw_pca_stabilized,raw_pca,raw_pca,14.0,2.6153791806491165,14.43572084124389,0.9046187540303295,24
2025-06-23,rmt_filtered_residual,rmt_filtered,rmt,1.0,2.6153791806491165,14.43572084124389,0.7629065396490097,24
2025-06-23,rmt_filtered_conservative,rmt_filtered,rmt,1.0,2.6153791806491165,14.43572084124389,0.7629065396490097,24
2025-06-24,sector_baseline,baseline,sector,0.0,0.0,0.0,0.7790582100241364,24
2025-06-24,raw_pca_residual,raw_pca,raw_pca,14.0,2.6153791806491165,14.186368058248387,0.7385390712676049,24
2025-06-24,raw_pca_stabilized,raw_pca,raw_pca,14.0,2.6153791806491165,14.186368058248387,0.7385390712676049,24
2025-06-24,rmt_filtered_residual,rmt_filtered,rmt,1.0,2.6153791806491165,14.186368058248387,0.7724250801567835,24
2025-06-24,rmt_filtered_conservative,rmt_filtered,rmt,1.0,2.6153791806491165,14.186368058248387,0.7724250801567835,24
2025-06-25,sector_baseline,baseline,sector,0.0,0.0,0.0,0.8444993875970553,24
2025-06-25,raw_pca_residual,raw_pca,raw_pca,14.0,2.6153791806491165,14.198873578420617,1.021950393514181,24
2025-06-25,raw_pca_stabilized,raw_pca,raw_pca,14.0,2.6153791806491165,14.198873578420617,1.021950393514181,24
2025-06-25,rmt_filtered_residual,rmt_filtered,rmt,1.0,2.6153791806491165,14.198873578420617,0.9198275014885251,24
2025-06-25,rmt_filtered_conservative,rmt_filtered,rmt,1.0,2.6153791806491165,14.198873578420617,0.9198275014885251,24
2025-06-26,sector_baseline,baseline,sector,0.0,0.0,0.0,0.7643859586075683,24
2025-06-26,raw_pca_residual,raw_pca,raw_pca,14.0,2.6153791806491165,13.674973881710201,0.763378529281535,24
2025-06-26,raw_pca_stabilized,raw_pca,raw_pca,14.0,2.6153791806491165,13.674973881710201,0.763378529281535,24
2025-06-26,rmt_filtered_residual,rmt_filtered,rmt,1.0,2.6153791806491165,13.674973881710201,0.7372425381443085,24
2025-06-26,rmt_filtered_conservative,rmt_filtered,rmt,1.0,2.6153791806491165,13.674973881710201,0.7372425381443085,24
2025-06-27,sector_baseline,baseline,sector,0.0,0.0,0.0,0.7976441014375015,24
2025-06-27,raw_pca_residual,raw_pca,raw_pca,14.0,2.6153791806491165,13.681173460132278,0.8671291762592434,24
2025-06-27,raw_pca_stabilized,raw_pca,raw_pca,14.0,2.6153791806491165,13.681173460132278,0.8671291762592434,24
2025-06-27,rmt_filtered_residual,rmt_filtered,rmt,1.0,2.6153791806491165,13.681173460132278,0.7157850589653609,24
2025-06-27,rmt_filtered_conservative,rmt_filtered,rmt,1.0,2.6153791806491165,13.681173460132278,0.7157850589653609,24
